Code,Nom commercial,DCI,Forme pharmaceutique,Dosage,Groupe therapeutique,Quantité de présentation,Unité de présentation,Type de médicament,Type d'emballage,Prix public,PBR,Taux,Statut
0000681,POMMADE SALICYLEE POMMADE 15%,ACIDE ACETYLSALICYLIQUE,POMMADE,15%,ANALGESIQUE LOCAL,100,GRAMMES,GENERIQUE,POT,650,650,80,REMBOURSABLE
0003909,ACUPAN SOL INJ 20MG/2ML,NEFOPAM,SOLUTION INJECTABLE,20MG/2ML,ANALGESIQUE NON OPIOIDE P1,1,AMPOULE,SPECIALITE,BOITE,605,605,80,REMBOURSABLE
C000006,ACETYLSALICYLATE DE LYSINE PDRE SOL INJ 1000MG,ACETYL SALICYLATE DE DL- LYSINE,POUDRE POUR SOLUTION INJECTABLE,1000MG,ANALGESIQUE NON OPIOIDE P1 ANTI-PYRETIQUE,1,FLACON,CAMEG,BOITE,600,600,80,REMBOURSABLE
C000003,ACETYLSALCYLATE DE LYSINE PDRE SOL INJ 500MG,ACETYL SALICYLATE DE DL- LYSINE,POUDRE POUR SOLUTION INJECTABLE,500MG,ANALGESIQUE NON OPIOIDE P1 ANTI-PYRETIQUE,1,FLACON,CAMEG,BOITE,500,500,80,REMBOURSABLE
C000010,ACIDE ACETYLSALICYLIQUE COMP 500MG BLISTER/10,ACIDE ACETYLSALICYLIQUE,COMPRIME,500MG,ANALGESIQUE NON OPIOIDE P1 ANTI-PYRETIQUE,10,COMPRIMES,CAMEG,BLISTER,110,110,80,REMBOURSABLE
0000675,ASPIRINE UPSA COMP EFF 1000MG,ACIDE ACETYLSALICYLIQUE,COMPRIME EFFERVESCENT,1000MG,ANALGESIQUE NON OPIOIDE P1 ANTI-PYRETIQUE,20,COMPRIMES,SPECIALITE,BOITE,2400,2400,80,REMBOURSABLE
0001478,ANALGIN COMP 500MG,METAMIZOLE,COMPRIME,500MG,ANALGESIQUE NON OPIOIDE P1 ANTI-PYRETIQUE,10,COMPRIMES,GENERIQUE,BOITE,700,700,80,REMBOURSABLE
0001482,CALGIN COMP 500MG,METAMIZOLE,COMPRIME,500MG,ANALGESIQUE NON OPIOIDE P1 ANTI-PYRETIQUE,10,COMPRIMES,GENERIQUE,BOITE,735,735,80,REMBOURSABLE
0004511,MIZOLGAN COMP 500MG,METAMIZOLE,COMPRIME,500MG,ANALGESIQUE NON OPIOIDE P1 ANTI-PYRETIQUE,20,COMPRIMES,GENERIQUE,BOITE,1035,1035,80,REMBOURSABLE
0001446,NOVALGIN COMP 500MG,METAMIZOLE,COMPRIME,500MG,ANALGESIQUE NON OPIOIDE P1 ANTI-PYRETIQUE,20,COMPRIMES,SPECIALITE,BOITE,1505,1505,80,REMBOURSABLE
0001485,RESTRIVA COMP 500MG,METAMIZOLE,COMPRIME,500MG,ANALGESIQUE NON OPIOIDE P1 ANTI-PYRETIQUE,20,COMPRIMES,GENERIQUE,BOITE,1425,1425,80,REMBOURSABLE
0000184,ANTIDOL COMP 500MG,PARACETAMOL,COMPRIME,500MG,ANALGESIQUE NON OPIOIDE P1 ANTI-PYRETIQUE,20,COMPRIMES,GENERIQUE,BOITE,655,220,80,REMBOURSABLE
0000112,APRAMOL COMP 500MG,PARACETAMOL,COMPRIME,500MG,ANALGESIQUE NON OPIOIDE P1 ANTI-PYRETIQUE,20,COMPRIMES,GENERIQUE,BOITE,745,220,80,REMBOURSABLE
0005025,DOLIMEX COMP EFF 500MG,PARACETAMOL,COMPRIME,500MG,ANALGESIQUE NON OPIOIDE P1 ANTI-PYRETIQUE,16,COMPRIMES,GENERIQUE,BOITE,975,160,80,REMBOURSABLE
0002601,DOLIPRANE COMP 500MG,PARACETAMOL,COMPRIME,500MG,ANALGESIQUE NON OPIOIDE P1 ANTI-PYRETIQUE,16,COMPRIMES,GENERIQUE,BOITE,985,176,80,REMBOURSABLE
0002602,DOLKO COMP 500MG,PARACETAMOL,COMPRIME,500MG,ANALGESIQUE NON OPIOIDE P1 ANTI-PYRETIQUE,16,COMPRIMES,GENERIQUE,BOITE,985,176,80,REMBOURSABLE
0000095,EFFERALGAN COMP 500MG,PARACETAMOL,COMPRIME,500MG,ANALGESIQUE NON OPIOIDE P1 ANTI-PYRETIQUE,16,COMPRIMES,GENERIQUE,BOITE,1055,176,80,REMBOURSABLE
0004750,EFFERMOL COMP 500MG BLISTER/10,PARACETAMOL,COMPRIME,500MG,ANALGESIQUE NON OPIOIDE P1 ANTI-PYRETIQUE,10,COMPRIMES,GENERIQUE,BLISTER,150,150,80,REMBOURSABLE
0000136,PANADOL COMP 500MG,PARACETAMOL,COMPRIME,500MG,ANALGESIQUE NON OPIOIDE P1 ANTI-PYRETIQUE,16,COMPRIMES,SPECIALITE,BOITE,825,176,80,REMBOURSABLE
0000162,PARA DENK COMP 500MG,PARACETAMOL,COMPRIME,500MG,ANALGESIQUE NON OPIOIDE P1 ANTI-PYRETIQUE,20,COMPRIMES,GENERIQUE,BOITE,1265,220,80,REMBOURSABLE
C000082,PARACETAMOL COMP 500MG BLISTER/10,PARACETAMOL,COMPRIME,500MG,ANALGESIQUE NON OPIOIDE P1 ANTI-PYRETIQUE,10,COMPRIMES,CAMEG,BLISTER,100,100,80,REMBOURSABLE
0004807,PARACETAMOL CPA COMP 500MG BLISTER/10,PARACETAMOL,COMPRIME,500MG,ANALGESIQUE NON OPIOIDE P1 ANTI-PYRETIQUE,10,COMPRIMES,GENERIQUE,BLISTER,100,100,80,REMBOURSABLE
0000169,PARACETAMOL CREAT COMP 500MG BLISTER/10,PARACETAMOL,COMPRIME,500MG,ANALGESIQUE NON OPIOIDE P1 ANTI-PYRETIQUE,10,COMPRIMES,GENERIQUE,BLISTER,185,110,80,REMBOURSABLE
0000149,PARACETAMOL TM COMP 500MG B/20,PARACETAMOL,COMPRIME,500MG,ANALGESIQUE NON OPIOIDE P1 ANTI-PYRETIQUE,20,COMPRIMES,GENERIQUE,BOITE,205,205,80,REMBOURSABLE
0004806,PARACETAMOL TM COMP 500MG BLISTER/10,PARACETAMOL,COMPRIME,500MG,ANALGESIQUE NON OPIOIDE P1 ANTI-PYRETIQUE,10,COMPRIMES,GENERIQUE,BLISTER,100,100,80,REMBOURSABLE
0003273,PARACETAMOL UBI COMP 500MG BLISTER/10,PARACETAMOL,COMPRIME,500MG,ANALGESIQUE NON OPIOIDE P1 ANTI-PYRETIQUE,10,COMPRIMES,GENERIQUE,BLISTER,100,100,80,REMBOURSABLE
0000172,PARANTAL COMP 500MG,PARACETAMOL,COMPRIME,500MG,ANALGESIQUE NON OPIOIDE P1 ANTI-PYRETIQUE,20,COMPRIMES,GENERIQUE,BOITE,700,220,80,REMBOURSABLE
0000174,PAROL COMP 500MG,PARACETAMOL,COMPRIME,500MG,ANALGESIQUE NON OPIOIDE P1 ANTI-PYRETIQUE,30,COMPRIMES,GENERIQUE,BOITE,1035,330,80,REMBOURSABLE
0004267,ULTRAMOL COMP 500MG BLISTER/10,PARACETAMOL,COMPRIME,500MG,ANALGESIQUE NON OPIOIDE P1 ANTI-PYRETIQUE,10,COMPRIMES,GENERIQUE,BLISTER,100,100,80,REMBOURSABLE
0003793,APRAMOL COMP EFF 500MG,PARACETAMOL,COMPRIME EFFERVESCENT,500MG,ANALGESIQUE NON OPIOIDE P1 ANTI-PYRETIQUE,16,COMPRIMES,GENERIQUE,BOITE,1055,176,80,REMBOURSABLE
0004596,CETAMYL COMP EFF 500MG,PARACETAMOL,COMPRIME EFFERVESCENT,500MG,ANALGESIQUE NON OPIOIDE P1 ANTI-PYRETIQUE,16,COMPRIMES,GENERIQUE,BOITE,1000,176,80,REMBOURSABLE
0000190,CLARADOL COMP 500MG,PARACETAMOL,COMPRIME EFFERVESCENT,500MG,ANALGESIQUE NON OPIOIDE P1 ANTI-PYRETIQUE,16,COMPRIMES,GENERIQUE,BOITE,870,176,80,REMBOURSABLE
0004605,CREATOL COMP EFF 500MG,PARACETAMOL,COMPRIME EFFERVESCENT,500MG,ANALGESIQUE NON OPIOIDE P1 ANTI-PYRETIQUE,16,COMPRIMES,GENERIQUE,BOITE,805,176,80,REMBOURSABLE
0000201,DOLIPRANE COMP EFF 500MG,PARACETAMOL,COMPRIME EFFERVESCENT,500MG,ANALGESIQUE NON OPIOIDE P1 ANTI-PYRETIQUE,16,COMPRIMES,GENERIQUE,BOITE,1045,176,80,REMBOURSABLE
0002582,EFFERALGAN COMP EFF 500MG,PARACETAMOL,COMPRIME EFFERVESCENT,500MG,ANALGESIQUE NON OPIOIDE P1 ANTI-PYRETIQUE,16,COMPRIMES,GENERIQUE,BOITE,1195,176,80,REMBOURSABLE
0004264,NESTEFFER COMP EFF 500MG,PARACETAMOL,COMPRIME EFFERVESCENT,500MG,ANALGESIQUE NON OPIOIDE P1 ANTI-PYRETIQUE,16,COMPRIMES,GENERIQUE,BOITE,1035,176,80,REMBOURSABLE
0000210,PANADOL COMP EFF 500MG,PARACETAMOL,COMPRIME EFFERVESCENT,500MG,ANALGESIQUE NON OPIOIDE P1 ANTI-PYRETIQUE,12,COMPRIMES,SPECIALITE,BOITE,1045,132,80,REMBOURSABLE
0004383,PARAFIZZ COMP EFF BLISTER/4,PARACETAMOL,COMPRIME EFFERVESCENT,500MG,ANALGESIQUE NON OPIOIDE P1 ANTI-PYRETIQUE,4,COMPRIMES,GENERIQUE,BLISTER,200,44,80,REMBOURSABLE
0000223,PARANTAL COMP EFF 500MG,PARACETAMOL,COMPRIME EFFERVESCENT,500MG,ANALGESIQUE NON OPIOIDE P1 ANTI-PYRETIQUE,20,COMPRIMES,GENERIQUE,BOITE,1090,220,80,REMBOURSABLE
0004550,ROIPAR COMP EFF 500MG,PARACETAMOL,COMPRIME EFFERVESCENT,500MG,ANALGESIQUE NON OPIOIDE P1 ANTI-PYRETIQUE,16,COMPRIMES,GENERIQUE,BOITE,1075,176,80,REMBOURSABLE
0000228,DAFALGAN GELULE 500MG,PARACETAMOL,GELULE,500MG,ANALGESIQUE NON OPIOIDE P1 ANTI-PYRETIQUE,16,GELULES,GENERIQUE,BOITE,985,176,80,REMBOURSABLE
0000232,DOLIPRANE GELULE 500MG,PARACETAMOL,GELULE,500MG,ANALGESIQUE NON OPIOIDE P1 ANTI-PYRETIQUE,16,GELULE,GENERIQUE,BOITE,1100,176,80,REMBOURSABLE
0000268,DOLIPRANE SACHET 500MG,PARACETAMOL,POUDRE EN SACHET,500MG,ANALGESIQUE NON OPIOIDE P1 ANTI-PYRETIQUE,12,SACHETS,GENERIQUE,BOITE,985,132,80,REMBOURSABLE
0000285,DOLKO SACHET 500MG,PARACETAMOL,POUDRE EN SACHET,500MG,ANALGESIQUE NON OPIOIDE P1 ANTI-PYRETIQUE,12,SACHETS,GENERIQUE,BOITE,985,132,80,REMBOURSABLE
0000339,DOLIPRANE SIROP 120MG/5ML,PARACETAMOL,SIROP,120MG/5ML,ANALGESIQUE NON OPIOIDE P1 ANTI-PYRETIQUE,100,MILLILITRES,GENERIQUE,FLACON,1045,908,80,REMBOURSABLE
0000345,PANADOL SIROP 120MG/5ML,PARACETAMOL,SIROP,120MG/5ML,ANALGESIQUE NON OPIOIDE P1 ANTI-PYRETIQUE,100,MILLILITRES,SPECIALITE,FLACON,870,870,80,REMBOURSABLE
C000386,PARACETAMOL SIROP 120MG/5ML,PARACETAMOL,SIROP,120MG/5ML,ANALGESIQUE NON OPIOIDE P1 ANTI-PYRETIQUE,100,MILLILITRES,CAMEG,BOITE,825,825,80,REMBOURSABLE
0000779,PARACETAMOL UBI SIROP 120MG/5ML,PARACETAMOL,SIROP,120MG/5ML,ANALGESIQUE NON OPIOIDE P1 ANTI-PYRETIQUE,60,MILLILITRES,GENERIQUE,FLACON,690,545,80,REMBOURSABLE
0005071,PANAZOR SIROP 250MG/5ML,PARACETAMOL,SIROP,250MG/5ML,ANALGESIQUE NON OPIOIDE P1 ANTI-PYRETIQUE,100,MILLILITRES,GENERIQUE,BOITE,760,760,80,REMBOURSABLE
0004534,PANOL SIROP 250MG/5ML,PARACETAMOL,SIROP,250MG/5ML,ANALGESIQUE NON OPIOIDE P1 ANTI-PYRETIQUE,100,MILLILITRES,GENERIQUE,FLACON,975,975,80,REMBOURSABLE
0000437,PAROL SIROP 250MG/5ML,PARACETAMOL,SIROP,250MG/5ML,ANALGESIQUE NON OPIOIDE P1 ANTI-PYRETIQUE,100,MILLILITRES,GENERIQUE,FLACON,1320,1119,80,REMBOURSABLE
0000450,DOLKO SIROP 60MG/2ML,PARACETAMOL,SIROP,60MG/2ML,ANALGESIQUE NON OPIOIDE P1 ANTI-PYRETIQUE,90,MILLILITRES,GENERIQUE,FLACON,1100,818,80,REMBOURSABLE
0002091,EFFERALGAN SIROP 60MG/2ML,PARACETAMOL,SIROP,60MG/2ML,ANALGESIQUE NON OPIOIDE P1 ANTI-PYRETIQUE,90,MILLILITRES,GENERIQUE,FLACON,1090,818,80,REMBOURSABLE
0003591,APOTEL MAX SOL INJ 1000MG,PARACETAMOL,SOLUTION INJECTABLE,1000MG,ANALGESIQUE NON OPIOIDE P1 ANTI-PYRETIQUE,100,MILLILITRES,GENERIQUE,FLACON,1450,1419,80,REMBOURSABLE
0004460,DOLIMEX PERFUSION SOL INJ 1000MG,PARACETAMOL,SOLUTION INJECTABLE,1000MG,ANALGESIQUE NON OPIOIDE P1 ANTI-PYRETIQUE,100,MILLILITRES,GENERIQUE,FLACON,1835,1419,80,REMBOURSABLE
0004461,EFFERMOL SOL INJ 1000MG,PARACETAMOL,SOLUTION INJECTABLE,1000MG,ANALGESIQUE NON OPIOIDE P1 ANTI-PYRETIQUE,100,MILLILITRES,GENERIQUE,POCHE,1375,1375,80,REMBOURSABLE
0004261,FEVASTIN SOL INJ 1000MG,PARACETAMOL,SOLUTION INJECTABLE,1000MG,ANALGESIQUE NON OPIOIDE P1 ANTI-PYRETIQUE,100,MILLILITRES,GENERIQUE,FLACON,1435,1419,80,REMBOURSABLE
0004732,GENPAR SOL INJ 1000MG,PARACETAMOL,SOLUTION INJECTABLE,1000MG,ANALGESIQUE NON OPIOIDE P1 ANTI-PYRETIQUE,100,MILLILITRES,GENERIQUE,FLACON,1435,1419,80,REMBOURSABLE
0003828,INTRALGINE SOL INJ 1000MG,PARACETAMOL,SOLUTION INJECTABLE,1000MG,ANALGESIQUE NON OPIOIDE P1 ANTI-PYRETIQUE,100,MILLILITRES,GENERIQUE,FLACON,1895,1419,80,REMBOURSABLE
0005082,NEUTROPAR SOL INJ 1000MG,PARACETAMOL,SOLUTION INJECTABLE,1000MG,ANALGESIQUE NON OPIOIDE P1 ANTI-PYRETIQUE,100,MILLILITRES,GENERIQUE,FLACON,1840,1634,80,REMBOURSABLE
0003372,PARACETA-M SOL INJ 1000MG,PARACETAMOL,SOLUTION INJECTABLE,1000MG,ANALGESIQUE NON OPIOIDE P1 ANTI-PYRETIQUE,100,MILLILITRES,GENERIQUE,FLACON,1575,1419,80,REMBOURSABLE
0004630,PARACETAMOL DO PHARMA SOL INJ 1000MG,PARACETAMOL,SOLUTION INJECTABLE,1000MG,ANALGESIQUE NON OPIOIDE P1 ANTI-PYRETIQUE,100,MILLILITRES,GENERIQUE,FLACON,1395,1395,80,REMBOURSABLE
0004536,PARACETAMOL KABI SOL INJ 1000MG,PARACETAMOL,SOLUTION INJECTABLE,1000MG,ANALGESIQUE NON OPIOIDE P1 ANTI-PYRETIQUE,100,MILLILITRES,GENERIQUE,FLACON,1835,1419,80,REMBOURSABLE
C000079,PARACETAMOL SOL INJ 1000MG,PARACETAMOL,SOLUTION INJECTABLE,1000MG,ANALGESIQUE NON OPIOIDE P1 ANTI-PYRETIQUE,100,MILLILITRES,CAMEG,FLACON,1290,1290,80,REMBOURSABLE
0005108,PARACETAMOL TM SOL INJ 1000MG,PARACETAMOL,SOLUTION INJECTABLE,1000MG,ANALGESIQUE NON OPIOIDE P1 ANTI-PYRETIQUE,100,MILLILITRES,GENERIQUE,FLACON,1425,1425,80,REMBOURSABLE
0004539,PARAFUSIV SOL INJ 1000MG,PARACETAMOL,SOLUTION INJECTABLE,1000MG,ANALGESIQUE NON OPIOIDE P1 ANTI-PYRETIQUE,100,MILLILITRES,GENERIQUE,FLACON,1320,1320,80,REMBOURSABLE
0004773,PARA-LUX SOL INJ 1000MG,PARACETAMOL,SOLUTION INJECTABLE,1000MG,ANALGESIQUE NON OPIOIDE P1 ANTI-PYRETIQUE,100,MILLILITRES,GENERIQUE,FLACON,1145,1145,80,REMBOURSABLE
0005096,PARAVINCC SOL INJ 1000MG,PARACETAMOL,SOLUTION INJECTABLE,1000MG,ANALGESIQUE NON OPIOIDE P1 ANTI-PYRETIQUE,100,MILLILITRES,GENERIQUE,FLACON,1195,1195,80,REMBOURSABLE
0003130,PAVEN SOL INJ 1000MG,PARACETAMOL,SOLUTION INJECTABLE,1000MG,ANALGESIQUE NON OPIOIDE P1 ANTI-PYRETIQUE,100,MILLILITRES,GENERIQUE,FLACON,1550,1419,80,REMBOURSABLE
0000372,PERFALGAN SOL INJ 1000MG,PARACETAMOL,SOLUTION INJECTABLE,1000MG,ANALGESIQUE NON OPIOIDE P1 ANTI-PYRETIQUE,100,MILLILITRES,SPECIALITE,FLACON,1835,1419,80,REMBOURSABLE
0004540,PHARMALGAN SOL INJ 1000MG,PARACETAMOL,SOLUTION INJECTABLE,1000MG,ANALGESIQUE NON OPIOIDE P1 ANTI-PYRETIQUE,100,MILLILITRES,GENERIQUE,FLACON,1520,1520,80,REMBOURSABLE
0000375,PERFALGAN SOL INJ 500MG,PARACETAMOL,SOLUTION INJECTABLE,500MG,ANALGESIQUE NON OPIOIDE P1 ANTI-PYRETIQUE,50,MILLILITRES,SPECIALITE,FLACON,1380,1380,80,REMBOURSABLE
0000663,DOLIPRANE 100,PARACETAMOL,SUPPOSITOIRE,100MG,ANALGESIQUE NON OPIOIDE P1 ANTI-PYRETIQUE,10,SUPPOSITOIRES,SPECIALITE,BOITE,1035,1035,80,REMBOURSABLE
0000391,PARA DENK 125,PARACETAMOL,SUPPOSITOIRE,125MG,ANALGESIQUE NON OPIOIDE P1 ANTI-PYRETIQUE,10,SUPPOSITOIRES,GENERIQUE,BOITE,940,940,80,REMBOURSABLE
0000399,DOLIPRANE 150,PARACETAMOL,SUPPOSITOIRE,150MG,ANALGESIQUE NON OPIOIDE P1 ANTI-PYRETIQUE,10,SUPPOSITOIRES,SPECIALITE,BOITE,1035,1035,80,REMBOURSABLE
0002122,EFFERALGAN 150,PARACETAMOL,SUPPOSITOIRE,150MG,ANALGESIQUE NON OPIOIDE P1 ANTI-PYRETIQUE,10,SUPPOSITOIRES,GENERIQUE,BOITE,955,955,80,REMBOURSABLE
0000701,DOLIPRANE SUPPO 200MG,PARACETAMOL,SUPPOSITOIRE,200MG,ANALGESIQUE NON OPIOIDE P1 ANTI-PYRETIQUE,10,SUPPOSITOIRES,SPECIALITE,BOITE,1035,1035,80,REMBOURSABLE
0000713,PARA DENK 250,PARACETAMOL,SUPPOSITOIRE,250MG,ANALGESIQUE NON OPIOIDE P1 ANTI-PYRETIQUE,10,SUPPOSITOIRES,GENERIQUE,BOITE,1115,1115,80,REMBOURSABLE
0000734,DOLIPRANE 300,PARACETAMOL,SUPPOSITOIRE,300MG,ANALGESIQUE NON OPIOIDE P1 ANTI-PYRETIQUE,10,SUPPOSITOIRES,SPECIALITE,BOITE,1035,1035,80,REMBOURSABLE
0000739,EFFERALGAN SUPPO 300MG,PARACETAMOL,SUPPOSITOIRE,300MG,ANALGESIQUE NON OPIOIDE P1 ANTI-PYRETIQUE,10,SUPPOSITOIRES,GENERIQUE,BOITE,1055,1055,80,REMBOURSABLE
0004808,EFFERALGAN 600 SUPPO,PARACETAMOL,SUPPOSITOIRE,500MG,ANALGESIQUE NON OPIOIDE P1 ANTI-PYRETIQUE,10,SUPPOSITOIRES,GENERIQUE,BOITE,1180,1180,80,REMBOURSABLE
0000290,EFFERALGAN 80,PARACETAMOL,SUPPOSITOIRE,80MG,ANALGESIQUE NON OPIOIDE P1 ANTI-PYRETIQUE,10,SUPPOSITOIRES,GENERIQUE,BOITE,885,885,80,REMBOURSABLE
0003347,KLIPAL COMP 300MG/25MG,PARACETAMOL+CODEINE,COMPRIME,300MG/25MG,ANALGESIQUE NON OPIOIDE P1+ANALGESIQUE OPIOIDE MINEUR P2,12,COMPRIMES,GENERIQUE,BOITE,1295,1136,80,REMBOURSABLE
0000553,CODOLIPRANE COMP 500MG/30MG,PARACETAMOL+CODEINE,COMPRIME,500MG/30MG,ANALGESIQUE NON OPIOIDE P1+ANALGESIQUE OPIOIDE MINEUR P2,16,COMPRIMES,SPECIALITE,BOITE,1745,1514,80,REMBOURSABLE
0000573,PARACO-DENK COMP 500MG/30MG,PARACETAMOL+CODEINE,COMPRIME,500MG/30MG,ANALGESIQUE NON OPIOIDE P1+ANALGESIQUE OPIOIDE MINEUR P2,20,COMPRIMES,GENERIQUE,BOITE,1720,1720,80,REMBOURSABLE
0003131,KLIPAL COMP 600MG/50MG,PARACETAMOL+CODEINE,COMPRIME,600MG/50MG,ANALGESIQUE NON OPIOIDE P1+ANALGESIQUE OPIOIDE MINEUR P2,12,COMPRIMES,GENERIQUE,BOITE,1950,1136,80,REMBOURSABLE
0000563,EFFERALGAN CODEINE COMP EFF 500MG/30MG,PARACETAMOL+CODEINE,COMPRIME EFFERVESCENT,500MG/30MG,ANALGESIQUE NON OPIOIDE P1+ANALGESIQUE OPIOIDE MINEUR P2,16,COMPRIMES,SPECIALITE,BOITE,1800,1514,80,REMBOURSABLE
0000842,DAFALGAN CODEINE GELULE 500MG/30MG,PARACETAMOL+CODEINE,GELULE,500MG/30MG,ANALGESIQUE NON OPIOIDE P1+ANALGESIQUE OPIOIDE MINEUR P2,16,GELULES,SPECIALITE,BOITE,1640,1514,80,REMBOURSABLE
0000848,PARACO-DENK SUPPO 1000MG/60MG,PARACETAMOL+CODEINE,SUPPOSITOIRE,1000MG/60MG,ANALGESIQUE NON OPIOIDE P1+ANALGESIQUE OPIOIDE MINEUR P2,10,SUPPOSITOIRES,SPECIALITE,BOITE,3445,3445,80,REMBOURSABLE
0001564,"TEMGESIC COMP SUBL 0,2MG",BUPRENORPHINE,COMPRIME SUBLINGUAL,"0,2MG",ANALGESIQUE OPIOIDE MAJEUR P3,20,COMPRIMES,SPECIALITE,BOITE,8620,8620,80,REMBOURSABLE
0001568,"TEMGESIC SOL INJ 0,3MG/ML",BUPRENORPHINE,SOLUTION INJECTABLE,"0,3MG/ML",ANALGESIQUE OPIOIDE MAJEUR P3,1,AMPOULE,SPECIALITE,BOITE,1630,1630,80,REMBOURSABLE
C000100,FENTANYL SOL INJ 500µG/10ML,FENTANYL,SOLUTION INJECTABLE,500µG/10ML,ANALGESIQUE OPIOIDE MAJEUR P3,1,AMPOULE,CAMEG,BOITE,875,875,80,REMBOURSABLE
0004804,ACTISKENAN GELULE 10MG,MORPHINE,GELULE,10MG,ANALGESIQUE OPIOIDE MAJEUR P3,14,GELULES,SPECIALITE,BOITE,2400,2400,80,REMBOURSABLE
0004805,ACTISKENAN GELULE 20MG,MORPHINE,GELULE,20MG,ANALGESIQUE OPIOIDE MAJEUR P3,14,GELULES,GENERIQUE,BOITE,3985,3985,80,REMBOURSABLE
C000300,MORPHINE GELULE 30MG (ACTISKENAN),MORPHINE,GELULE,30MG,ANALGESIQUE OPIOIDE MAJEUR P3,14,GELULES,CAMEG,BOITE,9880,9880,80,REMBOURSABLE
0003920,MORPHINE SOL INJ 10MG/ML,MORPHINE,SOLUTION INJECTABLE,10MG/ML,ANALGESIQUE OPIOIDE MAJEUR P3,1,AMPOULE,GENERIQUE,BOITE,1035,682,80,REMBOURSABLE
C000297,MORPHINE SOL INJ 10MG/ML,MORPHINE,SOLUTION INJECTABLE,10MG/ML,ANALGESIQUE OPIOIDE MAJEUR P3,1,AMPOULE,CAMEG,BOITE,620,620,80,REMBOURSABLE
0000419,TREMADOL COMP 50MG,TRAMADOL,COMPRIME,50MG,ANALGESIQUE OPIOIDE MINEUR P2,20,COMPRIMES,GENERIQUE,BOITE,2925,2925,80,REMBOURSABLE
0003873,TRAMADOL DENK COMP EFF 50MG,TRAMADOL,COMPRIME EFFERVESCENT,50MG,ANALGESIQUE OPIOIDE MINEUR P2,10,COMPRIMES,GENERIQUE,BOITE,2410,1606,80,REMBOURSABLE
0000415,DOLORA COMP LM 100MG,TRAMADOL,COMPRIME LM,100MG,ANALGESIQUE OPIOIDE MINEUR P2,10,COMPRIMES,GENERIQUE,BOITE,2985,2985,80,REMBOURSABLE
0003883,ZITRAM SR COMP LP 100MG,TRAMADOL,COMPRIME LP,100MG,ANALGESIQUE OPIOIDE MINEUR P2,20,COMPRIMES,GENERIQUE,BOITE,3375,3375,80,REMBOURSABLE
0000424,OROZAMUDOL COMP ORODISP 50MG,TRAMADOL,COMPRIME ORODISPERSIBLE,50MG,ANALGESIQUE OPIOIDE MINEUR P2,10,COMPRIMES,GENERIQUE,BOITE,2525,1606,80,REMBOURSABLE
0000457,TRABAR CAPS 50MG,TRAMADOL,GELULE,50MG,ANALGESIQUE OPIOIDE MINEUR P2,10,GELULES,GENERIQUE,BOITE,2525,1606,80,REMBOURSABLE
0003628,TRAMACLASS GELULE 50MG,TRAMADOL,GELULE,50MG,ANALGESIQUE OPIOIDE MINEUR P2,10,GELULES,GENERIQUE,BOITE,2300,1606,80,REMBOURSABLE
0000448,TRAMADIS GELULE 50MG,TRAMADOL,GELULE,50MG,ANALGESIQUE OPIOIDE MINEUR P2,10,GELULES,GENERIQUE,BOITE,2880,1606,80,REMBOURSABLE
0003521,TRAMFIZ GELULE 50MG,TRAMADOL,GELULE,50MG,ANALGESIQUE OPIOIDE MINEUR P2,10,GELULE,GENERIQUE,BOITE,2295,1606,80,REMBOURSABLE
0000444,ZAMUDOL LP 100,TRAMADOL,GELULE LP,100MG,ANALGESIQUE OPIOIDE MINEUR P2,10,GELULES,GENERIQUE,BOITE,5050,3284,80,REMBOURSABLE
0002249,ZAMUDOL LP 50,TRAMADOL,GELULE LP,50MG,ANALGESIQUE OPIOIDE MINEUR P2,10,GELULES,GENERIQUE,BOITE,2525,1606,80,REMBOURSABLE
0004573,T-DOL SOL INJ 100MG/2ML,TRAMADOL,SOLUTION INJECTABLE,100MG/2ML,ANALGESIQUE OPIOIDE MINEUR P2,1,AMPOULE,GENERIQUE,BOITE,635,330,80,REMBOURSABLE
0002255,TRABAR SOL INJ 100MG/2ML,TRAMADOL,SOLUTION INJECTABLE,100MG/2ML,ANALGESIQUE OPIOIDE MINEUR P2,1,AMPOULE,GENERIQUE,BOITE,760,330,80,REMBOURSABLE
0003905,TRAMACLASS SOL INJ 100MG/2ML,TRAMADOL,SOLUTION INJECTABLE,100MG/2ML,ANALGESIQUE OPIOIDE MINEUR P2,1,AMPOULE,GENERIQUE,BOITE,575,330,80,REMBOURSABLE
0002262,TRAMADIS SOL INJ 100MG/2ML,TRAMADOL,SOLUTION INJECTABLE,100MG/2ML,ANALGESIQUE OPIOIDE MINEUR P2,1,AMPOULE,GENERIQUE,BOITE,610,330,80,REMBOURSABLE
0003296,TRAMADOL SOL INJ 100MG/2ML,TRAMADOL,SOLUTION INJECTABLE,100MG/2ML,ANALGESIQUE OPIOIDE MINEUR P2,1,AMPOULE,GENERIQUE,BOITE,480,480,80,REMBOURSABLE
C000291,TRAMADOL SOL INJ 100MG/2ML,TRAMADOL,SOLUTION INJECTABLE,100MG/2ML,ANALGESIQUE OPIOIDE MINEUR P2,1,AMPOULE,CAMEG,BOITE,300,300,80,REMBOURSABLE
0005097,TRAMAVINCC SOL INJ 100MG/2ML,TRAMADOL,SOLUTION INJECTABLE,100MG/2ML,ANALGESIQUE OPIOIDE MINEUR P2,1,AMPOULE,GENERIQUE,BOITE,530,523,80,REMBOURSABLE
0004307,TRAMFIZ SOL INJ 100MG/2ML,TRAMADOL,SOLUTION INJECTABLE,100MG/2ML,ANALGESIQUE OPIOIDE MINEUR P2,1,AMPOULE,GENERIQUE,BOITE,575,330,80,REMBOURSABLE
0003882,ZITRAM SOL INJ 100MG/2ML,TRAMADOL,SOLUTION INJECTABLE,100MG/2ML,ANALGESIQUE OPIOIDE MINEUR P2,1,AMPOULE,GENERIQUE,BOITE,485,330,80,REMBOURSABLE
0000125,ANDROTARDYL SOL INJ 250MG/ML,TESTOSTERONE ENANTHATE,SOLUTION INJECTABLE,250MG/ML,ANDROGENE,1,AMPOULE,SPECIALITE,BOITE,6430,6430,80,ENTENTE PREALABLE
C000242,KETAMINE SOL INJ 50MG/ML,KETAMINE,SOLUTION INJECTABLE,50MG,ANESTHESIQUE GENERAL,1,AMPOULE,CAMEG,BOITE,1000,1000,80,REMBOURSABLE
C000260,MEPIVACAINE SOL INJ 2%,MEPIVACAINE,SOLUTION INJECTABLE,2%,ANESTHESIQUE GENERAL,1,AMPOULE,CAMEG,BOITE,450,450,80,REMBOURSABLE
C000258,MEPIVACAINE SOL INJ 3%,MEPIVACAINE,SOLUTION INJECTABLE,3%,ANESTHESIQUE GENERAL,1,AMPOULE,CAMEG,BOITE,300,300,80,REMBOURSABLE
C000416,MIDAZOLAM SOL INJ 1MG/ML,MIDAZOLAM,SOLUTION INJECTABLE,1MG/ML,ANESTHESIQUE GENERAL,1,AMPOULE,CAMEG,BOITE,1405,1405,80,REMBOURSABLE
C000417,MIDAZOLAM SOL INJ 5MG/ML,MIDAZOLAM,SOLUTION INJECTABLE,5MG/ML,ANESTHESIQUE GENERAL,1,AMPOULE,CAMEG,BOITE,2750,2750,80,REMBOURSABLE
C000073,PANCURONIUM SOL INJ 2MG/ML,PANCURONIUM,SOLUTION INJECTABLE,2MG/ML,ANESTHESIQUE GENERAL,1,AMPOULE,CAMEG,BOITE,925,925,80,REMBOURSABLE
C000164,PROPOFOL SOL INJ 10MG/ML,PROPOFOL,SOLUTION INJECTABLE,10MG/ML,ANESTHESIQUE GENERAL,1,AMPOULE,CAMEG,BOITE,1560,1560,80,REMBOURSABLE
0004542,PROPOFOL SOL INJ 10MG/ML (FRESENIUS/LIPURO),PROPOFOL,SOLUTION INJECTABLE,10MG/ML,ANESTHESIQUE GENERAL,1,AMPOULE,SPECIALITE,BOITE,2070,1716,80,REMBOURSABLE
0005051,TROYPOFOL SOL INJ 10MG/ML,PROPOFOL,SOLUTION INJECTABLE,10MG/ML,ANESTHESIQUE GENERAL,1,AMPOULE,GENERIQUE,BOITE,2870,1760,80,REMBOURSABLE
0004325,ESMERON SO INJ 10MG/ML,ROCURONIUM,SOLUTION INJECTABLE,10MG/ML,ANESTHESIQUE GENERAL,1,AMPOULE,SPECIALITE,BOITE,4470,4470,80,REMBOURSABLE
C000270,THIOPENTAL SOL INJ 1000MG,THIOPENTAL,SOLUTION INJECTABLE,1000MG,ANESTHESIQUE GENERAL,1,AMPOULE,CAMEG,BOITE,2660,2660,80,REMBOURSABLE
C000272,THIOPENTAL SOL INJ 500MG,THIOPENTAL,SOLUTION INJECTABLE,500MG,ANESTHESIQUE GENERAL,1,AMPOULE,CAMEG,BOITE,1160,1160,80,REMBOURSABLE
C000152,"BUPIVACAINE SOL INJ 0,5%",BUPIVACAINE,SOLUTION INJECTABLE,"0,5%",ANESTHESIQUE LOCAL,1,AMPOULE,CAMEG,BOITE,1740,1740,80,REMBOURSABLE
C000163,BUPIVACAINE POUR RACHIANESTHESIE ,BUPIVACAINE POUR RACHIANESTHESIE,SOLUTION INJECTABLE,"0,5%",ANESTHESIQUE LOCAL,1,AMPOULE,CAMEG,BOITE,840,840,80,REMBOURSABLE
C000158,"BUPIVACAINE ADRENALINEE SOL INJ 0,5%",BUPIVACAINE+ADRENALINE,SOLUTION INJECTABLE,"0,5%",ANESTHESIQUE LOCAL,1,AMPOULE,CAMEG,BOITE,1900,1900,80,REMBOURSABLE
0004809,XYLOCAINE SOL INJ 1%,LIDOCAINE,SOLUTION INJECTABLE,1%,ANESTHESIQUE LOCAL,1,FLACON,GENERIQUE,BOITE,1355,1355,80,REMBOURSABLE
C000244,LIDOCAINE SOL INJ 2% ,LIDOCAINE,SOLUTION INJECTABLE,2%,ANESTHESIQUE LOCAL,1,FLACON,CAMEG,BOITE,865,865,80,REMBOURSABLE
0001392,XYLOCAINE SOL INJ 2%,LIDOCAINE,SOLUTION INJECTABLE,2%,ANESTHESIQUE LOCAL,1,FLACON,SPECIALITE,BOITE,1550,1474,80,REMBOURSABLE
0001406,XYLOCAINE ADRENALINEE SOL INJ 2%,LIDOCAINE+ADRENALINE,SOLUTION INJECTABLE,2%,ANESTHESIQUE LOCAL,1,FLACON,SPECIALITE,BOITE,3275,3275,80,REMBOURSABLE
0001424,XYLOCAINE NAPHAZOLINE SOL INJ 5%,LIDOCAINE+NAPHAZOLINE,SOLUTION INJECTABLE,5%,ANESTHESIQUE LOCAL,1,FLACON,SPECIALITE,BOITE,1300,1300,80,REMBOURSABLE
C000419,"NALOXONE SOL INJ 0,4MG/ML",NALOXONE,SOLUTION INJECTABLE,"0,4MG/ML",ANTAGONISTE OPIOIDE,1,AMPOULE,CAMEG,BOITE,650,650,80,REMBOURSABLE
0001484,"THERALENE SIROP 0,05%",ALIMEMAZINE,SIROP,"0,05%",ANTI-ALLERGIQUE ANTI-H1,150,MILLILITRES,SPECIALITE,FLACON,870,870,80,REMBOURSABLE
0001489,"THERALENE SIROP 62,5MG",ALIMEMAZINE,SIROP,"62,5MG",ANTI-ALLERGIQUE ANTI-H1,150,MILLILITRES,SPECIALITE,FLACON,1435,1435,80,REMBOURSABLE
0004081,BILAXTEN COMP 20MG B/10,BILASTINE,COMPRIME,20MG,ANTI-ALLERGIQUE ANTI-H1,10,COMPRIMES,GENERIQUE,BOITE,3580,3580,80,REMBOURSABLE
0005075,BILAXTEN COMP 20MG B/20,BILASTINE,COMPRIME,20MG,ANTI-ALLERGIQUE ANTI-H1,20,COMPRIMES,GENERIQUE,BOITE,6085,6085,80,REMBOURSABLE
0002273,ALERID COMP 10MG,CETIRIZINE,COMPRIME,10MG,ANTI-ALLERGIQUE ANTI-H1,30,COMPRIMES,GENERIQUE,BOITE,1720,1720,80,REMBOURSABLE
0004759,ALLERGICA COMP 10MG,CETIRIZINE,COMPRIME,10MG,ANTI-ALLERGIQUE ANTI-H1,30,COMPRIMES,GENERIQUE,BOITE,1930,1815,80,REMBOURSABLE
0002289,CURTEC COMP 10MG,CETIRIZINE,COMPRIME,10MG,ANTI-ALLERGIQUE ANTI-H1,15,COMPRIMES,GENERIQUE,BOITE,4020,908,80,REMBOURSABLE
0004766,GENSET COMP 10MG,CETIRIZINE,COMPRIME,10MG,ANTI-ALLERGIQUE ANTI-H1,30,COMPRIMES,GENERIQUE,BOITE,2295,1815,80,REMBOURSABLE
0002269,ZYLPREX COMP 10MG,CETIRIZINE,COMPRIME,10MG,ANTI-ALLERGIQUE ANTI-H1,10,COMPRIMES,GENERIQUE,BOITE,2445,605,80,REMBOURSABLE
0002278,ZYRTEC COMP 10MG,CETIRIZINE,COMPRIME,10MG,ANTI-ALLERGIQUE ANTI-H1,10,COMPRIMES,SPECIALITE,BOITE,3825,605,80,REMBOURSABLE
0002292,ZYRTEC GOUTTE BUVABLE 10MG/ML,CETIRIZINE,GOUTTE BUVABLE,10MG/ML,ANTI-ALLERGIQUE ANTI-H1,15,MILLILITRES,SPECIALITE,FLACON,2480,2480,80,REMBOURSABLE
0004760,ALLERGICA SIROP 5MG/5ML,CETIRIZINE,SIROP,1MG/ML,ANTI-ALLERGIQUE ANTI-H1,150,MILLILITRES,GENERIQUE,FLACON,1445,1445,80,REMBOURSABLE
0003503,CURTEC SIROP 5MG/5ML,CETIRIZINE,SIROP,1MG/ML,ANTI-ALLERGIQUE ANTI-H1,60,MILLILITRES,GENERIQUE,FLACON,1835,1835,80,REMBOURSABLE
0004733,GENSET SIROP 5MG/5ML,CETIRIZINE,SIROP,1MG/ML,ANTI-ALLERGIQUE ANTI-H1,60,MILLILITRES,GENERIQUE,FLACON,920,920,80,REMBOURSABLE
0002294,ZYLPREX SIROP 5MG/5ML,CETIRIZINE,SIROP,1MG/ML,ANTI-ALLERGIQUE ANTI-H1,30,MILLILITRES,GENERIQUE,FLACON,1150,1150,80,REMBOURSABLE
0002293,"ZYRTEC SIROP 2,5MG/2,5ML",CETIRIZINE,SIROP,1MG/ML,ANTI-ALLERGIQUE ANTI-H1,60,MILLILITRES,SPECIALITE,FLACON,2275,2275,80,REMBOURSABLE
C000217,CHLORPHENIRAMINE COMP 4MG BLISTER/10,CHLORPHENAMINE,COMPRIME,4MG,ANTI-ALLERGIQUE ANTI-H1,10,COMPRIMES,CAMEG,BOITE,100,100,80,REMBOURSABLE
0000768,AERIUS COMP 5MG B/15,DESLORATADINE,COMPRIME,5MG,ANTI-ALLERGIQUE ANTI-H1,15,COMPRIMES,SPECIALITE,BOITE,5130,3564,80,REMBOURSABLE
0000761,AERIUS COMP 5MG B/7,DESLORATADINE,COMPRIME,5MG,ANTI-ALLERGIQUE ANTI-H1,7,COMPRIMES,SPECIALITE,BOITE,2585,1664,80,REMBOURSABLE
0000782,DESLOR COMP 5MG,DESLORATADINE,COMPRIME,5MG,ANTI-ALLERGIQUE ANTI-H1,15,COMPRIMES,GENERIQUE,BOITE,3615,3564,80,REMBOURSABLE
0004458,DESLORA-DENK COMP 5MG,DESLORATADINE,COMPRIME,5MG,ANTI-ALLERGIQUE ANTI-H1,10,COMPRIMES,GENERIQUE,BOITE,2295,2295,80,REMBOURSABLE
0004812,DESLORATADINE GHPL COMP 5MG,DESLORATADINE,COMPRIME,5MG,ANTI-ALLERGIQUE ANTI-H1,15,COMPRIMES,GENERIQUE,BOITE,2585,2585,80,REMBOURSABLE
0000772,RODERA COMP 5MG,DESLORATADINE,COMPRIME,5MG,ANTI-ALLERGIQUE ANTI-H1,10,COMPRIMES,GENERIQUE,BOITE,1915,1915,80,REMBOURSABLE
0004130,SAGADES COMP 5MG,DESLORATADINE,COMPRIME,5MG,ANTI-ALLERGIQUE ANTI-H1,30,COMPRIMES,GENERIQUE,BOITE,2720,2720,80,REMBOURSABLE
0000791,"AERIUS SIROP 0,5MG/ML",DESLORATADINE,SIROP,"0,5MG/ML",ANTI-ALLERGIQUE ANTI-H1,60,MILLILITRES,SPECIALITE,FLACON,3445,3445,80,REMBOURSABLE
0004776,"SOTADINE SIROP 0,5MG/ML",DESLORATADINE,SIROP,"0,5MG/ML",ANTI-ALLERGIQUE ANTI-H1,60,MILLILITRES,GENERIQUE,BOITE,2870,2870,80,REMBOURSABLE
0000850,POLARAMINE COMP 2MG,DEXCHLORPHENIRAMINE,COMPRIME,2MG,ANTI-ALLERGIQUE ANTI-H1,20,COMPRIMES,SPECIALITE,BOITE,1150,1150,80,REMBOURSABLE
0004146,KESTINE COMP 10MG,EBASTINE,COMPRIME,10MG,ANTI-ALLERGIQUE ANTI-H1,10,COMPRIMES,GENERIQUE,BOITE,2085,2085,80,REMBOURSABLE
0004145,KESTINE COMP 20MG,EBASTINE,COMPRIME,20MG,ANTI-ALLERGIQUE ANTI-H1,20,COMPRIMES,GENERIQUE,BOITE,3445,3445,80,REMBOURSABLE
0001144,ZADITEN GELULE LP 2MG,KETOTIFENE,GELULE LP,2MG,ANTI-ALLERGIQUE ANTI-H1,30,GELULES,SPECIALITE,BOITE,9335,9335,80,REMBOURSABLE
0004370,ZADITEN GELULE LP 2MG BLISTER/10,KETOTIFENE,GELULE LP,2MG,ANTI-ALLERGIQUE ANTI-H1,10,GELULES,SPECIALITE,BLISTER,1280,1280,80,REMBOURSABLE
0001149,ZADITEN SIROP 1MG/5ML,KETOTIFENE,SIROP,1MG/5ML,ANTI-ALLERGIQUE ANTI-H1,150,MILLILITRES,SPECIALITE,FLACON,4350,4350,80,REMBOURSABLE
0003573,LE-CET COMP 5MG,LEVOCETIRIZINE,COMPRIME,5MG,ANTI-ALLERGIQUE ANTI-H1,10,COMPRIMES,GENERIQUE,BOITE,1930,1930,80,REMBOURSABLE
0001285,XYZALL COMP 5MG,LEVOCETIRIZINE,COMPRIME,5MG,ANTI-ALLERGIQUE ANTI-H1,14,COMPRIMES,SPECIALITE,BOITE,2170,2170,80,REMBOURSABLE
0000129,ALLERGINE COMP 10MG,LORATADINE,COMPRIME,10MG,ANTI-ALLERGIQUE ANTI-H1,15,COMPRIMES,GENERIQUE,BOITE,3595,2657,80,REMBOURSABLE
0000133,BILOR COMP 10MG,LORATADINE,COMPRIME,10MG,ANTI-ALLERGIQUE ANTI-H1,10,COMPRIMES,GENERIQUE,BOITE,2410,1771,80,REMBOURSABLE
0000137,CLARITYNE COMP 10MG,LORATADINE,COMPRIME,10MG,ANTI-ALLERGIQUE ANTI-H1,10,COMPRIMES,SPECIALITE,BOITE,3675,1771,80,REMBOURSABLE
0003507,CLARTEC COMP 10MG B/10,LORATADINE,COMPRIME,10MG,ANTI-ALLERGIQUE ANTI-H1,15,COMPRIMES,GENERIQUE,BOITE,2870,2657,80,REMBOURSABLE
0005062,CLARTEC COMP 10MG B/30,LORATADINE,COMPRIME,10MG,ANTI-ALLERGIQUE ANTI-H1,30,COMPRIMES,GENERIQUE,BOITE,3960,3960,80,REMBOURSABLE
0000156,LORHIST COMP 10MG,LORATADINE,COMPRIME,10MG,ANTI-ALLERGIQUE ANTI-H1,10,COMPRIMES,GENERIQUE,BOITE,1605,1605,80,REMBOURSABLE
0000164,LORINOL COMP 10MG,LORATADINE,COMPRIME,10MG,ANTI-ALLERGIQUE ANTI-H1,10,COMPRIMES,GENERIQUE,BOITE,1400,1400,80,REMBOURSABLE
0000151,TIRLOR COMP 10MG,LORATADINE,COMPRIME,10MG,ANTI-ALLERGIQUE ANTI-H1,10,COMPRIMES,GENERIQUE,BOITE,2675,1771,80,REMBOURSABLE
0002586,CLARITYNE SIROP 1MG/ML,LORATADINE,SIROP,1MG/ML,ANTI-ALLERGIQUE ANTI-H1,60,MILLILITRES,SPECIALITE,FLACON,2065,1254,80,REMBOURSABLE
0003501,CLARTEC SIROP 1MG/ML,LORATADINE,SIROP,1MG/ML,ANTI-ALLERGIQUE ANTI-H1,120,MILLILITRES,GENERIQUE,FLACON,2870,2508,80,REMBOURSABLE
0004222,LORHIST SIROP 1MG/ML,LORATADINE,SIROP,1MG/ML,ANTI-ALLERGIQUE ANTI-H1,60,MILLILITRES,GENERIQUE,FLACON,1150,1150,80,REMBOURSABLE
0000555,PRIMALAN COMP 10MG,MEQUITAZINE,COMPRIME,10MG,ANTI-ALLERGIQUE ANTI-H1,14,COMPRIMES,SPECIALITE,BOITE,4050,4050,80,REMBOURSABLE
0001372,PRIMALAN COMP 5MG,MEQUITAZINE,COMPRIME,5MG,ANTI-ALLERGIQUE ANTI-H1,14,COMPRIMES,SPECIALITE,BOITE,2535,2535,80,REMBOURSABLE
0001377,"PRIMALAN SIROP 1,25MG",MEQUITAZINE,SIROP,"1,25MG",ANTI-ALLERGIQUE ANTI-H1,60,MILLILITRES,SPECIALITE,FLACON,1585,1585,80,REMBOURSABLE
0005067,HUMEX SIROP TOUX SECHE,OXOMEMAZINE,SIROP,"0,33MG/ML",ANTI-ALLERGIQUE ANTI-H1,150,MILLILITRES,GENERIQUE,BOITE,3035,2260,80,REMBOURSABLE
0002196,"TOPLEXIL SIROP 0,33MG/ML",OXOMEMAZINE,SIROP,"0,33MG/ML",ANTI-ALLERGIQUE ANTI-H1,150,MILLILITRES,SPECIALITE,FLACON,2260,2260,80,REMBOURSABLE
0002036,PHENERGAN COMP 25MG,PROMETHAZINE,COMPRIME,25MG,ANTI-ALLERGIQUE ANTI-H1,20,COMPRIMES,SPECIALITE,BOITE,850,850,80,REMBOURSABLE
0002060,ALLERGYL SIROP 5MG/5ML,PROMETHAZINE,SIROP,5MG/5ML,ANTI-ALLERGIQUE ANTI-H1,60,MILLILITRES,GENERIQUE,FLACON,530,530,80,REMBOURSABLE
0002068,PHENERGAN SIROP 5MG/5ML,PROMETHAZINE,SIROP,5MG/5ML,ANTI-ALLERGIQUE ANTI-H1,150,MILLILITRES,SPECIALITE,FLACON,1400,1400,80,REMBOURSABLE
0004387,PHENERGAN SOL INJ 50MG/2ML,PROMETHAZINE,SOLUTION INJECTABLE,50MG/2ML,ANTI-ALLERGIQUE ANTI-H1,1,AMPOULE,SPECIALITE,BOITE,450,450,80,REMBOURSABLE
C000157,PROMETHAZINE SOL INJ 50MG/2ML,PROMETHAZINE,SOLUTION INJECTABLE,50MG/2ML,ANTI-ALLERGIQUE ANTI-H1,1,AMPOULE,CAMEG,BOITE,200,200,80,REMBOURSABLE
0001313,"CELESTAMINE COMP 0,25MG/2MG",BETAMETHASONE+DEXCHLORPHENIRAMINE,COMPRIME,"0,25MG/2MG",ANTI-ALLERGIQUE ASSOCIATION CORTICOIDE+ANTI-H1,30,COMPRIMES,SPECIALITE,BOITE,1735,1735,80,REMBOURSABLE
0005110,CROMOLEX COLLYRE 2%,CROMOGLICATE,COLLYRE,2%,ANTI-ALLERGIQUE LOCAL ANTI-DEGRANULANT MASTOCYTAIRE,5,MILLILITRES,GENERIQUE,FLACON,1205,975,80,REMBOURSABLE
0001307,CROMSOL COLLYRE 2%,CROMOGLICATE,COLLYRE,2%,ANTI-ALLERGIQUE LOCAL ANTI-DEGRANULANT MASTOCYTAIRE,5,MILLILITRES,GENERIQUE,FLACON,885,885,80,REMBOURSABLE
0001310,OPTICRON COLLYRE 2%,CROMOGLICATE,COLLYRE,2%,ANTI-ALLERGIQUE LOCAL ANTI-DEGRANULANT MASTOCYTAIRE,5,MILLILITRES,SPECIALITE,FLACON,2950,974,80,REMBOURSABLE
0001008,"NAABAK COLLYRE 4,9%",N- ACETYLASPARTYL GLUTAMIQUE,COLLYRE,"4,9%",ANTI-ALLERGIQUE LOCAL ANTI-DEGRANULANT MASTOCYTAIRE,5,MILLILITRES,SPECIALITE,FLACON,3500,3465,80,REMBOURSABLE
0001003,"NAAXIA COLLYRE 4,9%",N- ACETYLASPARTYL GLUTAMIQUE,COLLYRE,"4,9%",ANTI-ALLERGIQUE LOCAL ANTI-DEGRANULANT MASTOCYTAIRE,5,MILLILITRES,SPECIALITE,FLACON,2800,2800,80,REMBOURSABLE
0000439,"ALLERGODIL COLLYRE 0,05%",AZELASTINE,COLLYRE,"0,05%",ANTI-ALLERGIQUE LOCAL ANTI-H1,6,MILLILITRES,SPECIALITE,FLACON,3100,3100,80,REMBOURSABLE
0000446,"ALLERGODIL SPRAY NASAL 0,127MG",AZELASTINE,SOLUTION POUR PULVERISATION NASALE,"0,127MG",ANTI-ALLERGIQUE LOCAL ANTI-H1,17,MILLILITRES,SPECIALITE,FLACON,3330,3330,80,REMBOURSABLE
0003845,"ORCHAZID COLLYRE 0,025%",KETOTIFENE,COLLYRE,"0,025%",ANTI-ALLERGIQUE LOCAL ANTI-H1,5,MILLILITRES,GENERIQUE,FLACON,2800,2800,80,REMBOURSABLE
0004772,"ORCHAZID COLLYRE 0,025% FL/UNIDOSE",KETOTIFENE,COLLYRE,"0,025%",ANTI-ALLERGIQUE LOCAL ANTI-H1,0,MILLILITRES,GENERIQUE,FLACON,2295,2295,80,REMBOURSABLE
0001281,"LEVOPHTA COLLYRE 0,05%",LEVOCABASTINE,COLLYRE,"0,05%",ANTI-ALLERGIQUE LOCAL ANTI-H1,5,MILLILITRES,SPECIALITE,FLACON,4305,4305,80,REMBOURSABLE
0004615,IO-PAT COLLYRE 1MG/ML,OLOPATADINE,COLLYRE,1MG/ML,ANTI-ALLERGIQUE LOCAL ANTI-H1,5,MILLILITRES,GENERIQUE,FLACON,2295,2295,80,REMBOURSABLE
0001954,OPATANOL COLLYRE 1MG/ML,OLOPATADINE,COLLYRE,1MG/ML,ANTI-ALLERGIQUE LOCAL ANTI-H1,5,MILLILITRES,SPECIALITE,FLACON,4250,4250,80,REMBOURSABLE
0002428,LRJ COLLYRE,PHENIRAMINE+TETRYZOLINE,COLLYRE,30MG/5MG,ANTI-ALLERGIQUE LOCAL ANTI-H1,10,MILLILITRES,SPECIALITE,FLACON,3215,3215,80,REMBOURSABLE
0002047,PHENERGAN CREME 2%,PROMETHAZINE,CREME,2%,ANTI-ALLERGIQUE LOCAL ANTI-H1,30,GRAMMES,SPECIALITE,TUBE,1720,1720,80,REMBOURSABLE
0001549,RHINOCORT SPRAY NASAL 64µG,BUDESONIDE,SUSPENSION POUR PULVERISATION NASALE,64µG,ANTI-ALLERGIQUE LOCAL CORTICOIDE,120,DOSES,SPECIALITE,FLACON,5910,5910,80,REMBOURSABLE
0002014,NASAX SPRAY NASAL 100µG,FLUTICASONE,SUSPENSION POUR PULVERISATION NASALE,100µG,ANTI-ALLERGIQUE LOCAL CORTICOIDE,100,DOSES,SPECIALITE,FLACON,4590,2970,80,REMBOURSABLE
0002067,"AVAMYS SPRAY NASAL 27,5µG",FLUTICASONE,SUSPENSION POUR PULVERISATION NASALE,"27,5µG",ANTI-ALLERGIQUE LOCAL CORTICOIDE,120,DOSES,SPECIALITE,FLACON,2170,2170,80,REMBOURSABLE
0002029,FLIXONASE SPRAY NASAL 50µG,FLUTICASONE,SUSPENSION POUR PULVERISATION NASALE,50µG,ANTI-ALLERGIQUE LOCAL CORTICOIDE,120,DOSES,SPECIALITE,FLACON,3200,3200,80,REMBOURSABLE
0004813,NASOALDO SPRAY NASAL FL/140 DOSES,MOMETASONE,SUSPENSION POUR PULVERISATION NASALE,50µG,ANTI-ALLERGIQUE LOCAL CORTICOIDE,140,DOSES,GENERIQUE,FLACON,5535,5535,80,REMBOURSABLE
0000960,NASONEX SPRAY NASAL 50µG FL/140 DOSES,MOMETASONE,SUSPENSION POUR PULVERISATION NASALE,50µG,ANTI-ALLERGIQUE LOCAL CORTICOIDE,140,DOSES,SPECIALITE,FLACON,10275,10275,80,REMBOURSABLE
0002469,NASONEX SPRAY NASAL 50µG FL/60 DOSES,MOMETASONE,SUSPENSION POUR PULVERISATION NASALE,50µG,ANTI-ALLERGIQUE LOCAL CORTICOIDE,60,DOSES,SPECIALITE,FLACON,5600,5600,80,REMBOURSABLE
0000358,PIVALONE SPRAY NASAL 1%,TIXOCORTOL,SUSPENSION POUR PULVERISATION NASALE,1%,ANTI-ALLERGIQUE LOCAL CORTICOIDE,10,DOSES,SPECIALITE,FLACON,2480,2480,80,REMBOURSABLE
0000340,ACFOL COMP 5MG,ACIDE FOLIQUE,COMPRIME,5MG,ANTI-ANEMIQUE,25,COMPRIMES,GENERIQUE,BOITE,1700,413,80,REMBOURSABLE
C000020,ACIDE FOLIQUE COMP 5MG BLISTER/10,ACIDE FOLIQUE,COMPRIME,5MG,ANTI-ANEMIQUE,10,COMPRIMES,CAMEG,BOITE,60,55,80,REMBOURSABLE
0002539,ACIDE FOLIQUE GGIA COMP 5MG,ACIDE FOLIQUE,COMPRIME,5MG,ANTI-ANEMIQUE,20,COMPRIMES,GENERIQUE,BOITE,550,330,80,REMBOURSABLE
0003303,ACIDE FOLIQUE TM COMP 5MG,ACIDE FOLIQUE,COMPRIME,5MG,ANTI-ANEMIQUE,40,COMPRIMES,GENERIQUE,BOITE,590,590,80,REMBOURSABLE
0001334,VITAMINE B12 TM SOL INJ 1000µG,CYANOCOBALAMINE,SOLUTION INJECTABLE,1000µG,ANTI-ANEMIQUE,1,AMPOULE,GENERIQUE,BOITE,90,90,80,REMBOURSABLE
0001890,FUMAFER COMP 200MG,FER,COMPRIME,200MG,ANTI-ANEMIQUE,100,COMPRIMES,SPECIALITE,BOITE,1780,990,80,REMBOURSABLE
0002419,FUMAFER GGIA COMP 200MG,FER,COMPRIME,200MG,ANTI-ANEMIQUE,40,COMPRIMES,GENERIQUE,BOITE,350,350,80,REMBOURSABLE
0003323,FUMARATE FERREUX TM COMP 200MG,FER,COMPRIME,200MG,ANTI-ANEMIQUE,100,COMPRIMES,GENERIQUE,BOITE,880,880,80,REMBOURSABLE
C000113,FER COMP 200MG BLISTER/10,FER,COMPRIME,66MG,ANTI-ANEMIQUE,10,COMPRIMES,CAMEG,BOITE,100,99,80,REMBOURSABLE
0001921,TARDYFERON COMP 80MG,FER,COMPRIME,80MG,ANTI-ANEMIQUE,30,COMPRIMES,SPECIALITE,BOITE,2420,446,80,REMBOURSABLE
0003590,HEMAFER COMP EFF 100MG,FER,COMPRIME EFFERVESCENT,100MG,ANTI-ANEMIQUE,12,COMPRIMES,GENERIQUE,BOITE,4250,120,80,REMBOURSABLE
0002258,FUMAFER PDRE BUV 33MG,FER,POUDRE BUVABLE,33MG,ANTI-ANEMIQUE,50,GRAMMES,SPECIALITE,POT,1585,660,80,REMBOURSABLE
0001930,"FERROSTRANE SIROP 0,68% FL/125ML",FER,SIROP,"0,68%",ANTI-ANEMIQUE,125,MILLILITRES,SPECIALITE,FLACON,2065,1650,80,REMBOURSABLE
0002131,"FERROSTRANE SIROP 0,68% FL/200ML",FER,SIROP,"0,68%",ANTI-ANEMIQUE,200,MILLILITRES,SPECIALITE,FLACON,2445,2445,80,REMBOURSABLE
0004815,TARDYFERON ENFANT ET ADULTE SIROP,FER,SIROP,20MG/ML,ANTI-ANEMIQUE,90,MILLILITRES,SPECIALITE,FLACON,4475,4475,80,REMBOURSABLE
0004814,TARDYFERON NRS SIROP,FER,SIROP,20MG/ML,ANTI-ANEMIQUE,45,MILLILITRES,SPECIALITE,FLACON,2525,2525,80,REMBOURSABLE
0003640,ELERON SIROP 50MG/5ML,FER,SIROP,50MG/5ML,ANTI-ANEMIQUE,200,MILLILITRES,GENERIQUE,FLACON,2390,2390,80,REMBOURSABLE
0005066,FERPLEX SIROP FL/UNIDOSE,FER,SIROP,50MG/5ML,ANTI-ANEMIQUE,10,FLACONS,GENERIQUE,BOITE,4590,1950,80,REMBOURSABLE
0004123,HEMAFER SIROP 50MG/5ML,FER,SIROP,50MG/5ML,ANTI-ANEMIQUE,125,MILLILITRES,GENERIQUE,FLACON,2755,1650,80,REMBOURSABLE
0002567,MUMFER SIROP 50MG/5ML,FER,SIROP,50MG/5ML,ANTI-ANEMIQUE,150,MILLILITRES,GENERIQUE,FLACON,2490,1980,80,REMBOURSABLE
0004730,AMIFER SOL INJ 100MG/5ML,FER,SOLUTION INJECTABLE,100MG,ANTI-ANEMIQUE,1,AMPOULE,GENERIQUE,BOITE,2755,2503,80,REMBOURSABLE
0005117,GENFER SOL INJ 100MG/2ML,FER,SOLUTION INJECTABLE,100MG,ANTI-ANEMIQUE,1,AMPOULE,GENERIQUE,BOITE,1860,1860,80,REMBOURSABLE
0003415,HEMAFER SOL INJ 100MG/2ML,FER,SOLUTION INJECTABLE,100MG,ANTI-ANEMIQUE,1,AMPOULE,GENERIQUE,BOITE,2755,2503,80,REMBOURSABLE
0004633,RBC SOL INJ 100MG/5ML,FER,SOLUTION INJECTABLE,100MG,ANTI-ANEMIQUE,1,AMPOULE,GENERIQUE,BOITE,2275,2275,80,REMBOURSABLE
0003336,FER+ACIDE FOLIQUE TM COMP 200MG/200µG,FER+ACIDE FOLIQUE,COMPRIME,200MG/200µG,ANTI-ANEMIQUE,100,COMPRIMES,GENERIQUE,BOITE,1100,1100,80,REMBOURSABLE
C000102,FER+ACIDE FOLIQUE COMP 200MG/250µG BLISTER/10,FER+ACIDE FOLIQUE,COMPRIME,200MG/250µG,ANTI-ANEMIQUE,10,COMPRIMES,CAMEG,BLISTER,100,100,80,REMBOURSABLE
0001958,TARDYFERON B9 COMP,FER+ACIDE FOLIQUE,COMPRIME,50MG/350µG,ANTI-ANEMIQUE,30,COMPRIMES,SPECIALITE,BOITE,2570,1650,80,REMBOURSABLE
0001962,FOLIFER COMP 90MG/1MG BLISTER/10,FER+ACIDE FOLIQUE,COMPRIME,90MG/1MG,ANTI-ANEMIQUE,10,COMPRIMES,GENERIQUE,BOITE,435,330,80,REMBOURSABLE
0003391,HEMAFER FOL COMP EFF 100MG/375µG,FER+ACIDE FOLIQUE,COMPRIME EFFERVESCENT,100MG/375µG,ANTI-ANEMIQUE,12,COMPRIMES,GENERIQUE,BOITE,3790,660,80,REMBOURSABLE
0003299,ELERON CAPS 100MG/500µG,FER+ACIDE FOLIQUE,GELULE,100MG/550µG,ANTI-ANEMIQUE,10,GELULES,GENERIQUE,BOITE,550,550,80,REMBOURSABLE
0001969,OROFER GELULE 100MG/550µG,FER+ACIDE FOLIQUE,GELULE,100MG/550µG,ANTI-ANEMIQUE,40,GELULES,GENERIQUE,BOITE,2100,2100,80,REMBOURSABLE
0001989,FERFOLTONE GELULE 300MG/1MG,FER+ACIDE FOLIQUE,GELULE,300MG/1MG,ANTI-ANEMIQUE,30,GELULES,GENERIQUE,BOITE,830,830,80,REMBOURSABLE
0002354,VITAFER GELULE 45MG/500µG,FER+ACIDE FOLIQUE,GELULE,45MG/500µG,ANTI-ANEMIQUE,30,GELULES,GENERIQUE,BOITE,1835,1650,80,REMBOURSABLE
C000411,FER+VITAMINE B12 SIROP ,FER+VITAMINE B12,SIROP,50MG,ANTI-ANEMIQUE,180,MILLILITRES,CAMEG,FLACON,1125,1125,80,REMBOURSABLE
0004713,HEMAX SOL INJ 2000UI/ML,EPOETINE ALFA,SOLUTION INJECTABLE,2000UI/ML,ANTI-ANEMIQUE SPECIFIQUE,1,AMPOULE,GENERIQUE,BOITE,9760,9760,80,ENTENTE PREALABLE
0004714,HEMAX SOL INJ 4000UI/ML,EPOETINE ALFA,SOLUTION INJECTABLE,4000UI/ML,ANTI-ANEMIQUE SPECIFIQUE,1,AMPOULE,GENERIQUE,BOITE,18365,18365,80,ENTENTE PREALABLE
0003599,FOLINATE DE CALCIUM SOL INJ 50MG,FOLINATE CALCIUM,SOLUTION INJECTABLE,50MG,ANTI-ANEMIQUE SPECIFIQUE,1,AMPOULE,GENERIQUE,BOITE,5000,5000,80,TPC
0000944,RISORDAN COMP 20MG,ISOSORBIDE DINITRATE,COMPRIME,20MG,ANTI-ANGOREUX DERIVE NITRE,60,COMPRIMES,SPECIALITE,BOITE,3730,3730,80,TPC
0004369,RISORDAN COMP 20MG BLISTER,ISOSORBIDE DINITRATE,COMPRIME,20MG,ANTI-ANGOREUX DERIVE NITRE,20,COMPRIMES,SPECIALITE,BLISTER,1245,1245,80,TPC
0003579,"MYONIT SR COMP 2,6MG",TRINITRINE,COMPRIME SR,"2,6MG",ANTI-ANGOREUX DERIVE NITRE,30,COMPRIMES,GENERIQUE,BOITE,4065,4065,80,TPC
0003679,"MYONIT SR COMP 6,4MG",TRINITRINE,COMPRIME SR,"6,4MG",ANTI-ANGOREUX DERIVE NITRE,30,COMPRIMES,GENERIQUE,BOITE,5575,5575,80,TPC
0001659,"TRINITRINE SPRAY 0,15MG",TRINITRINE,SOLUTION POUR PULVERISATION SUBLINGUALE,"0,15MG",ANTI-ANGOREUX DERIVE NITRE,200,DOSES,SPECIALITE,FLACON,2095,2095,80,TPC
0004450,CORALAN COMP 5MG,IVABRADINE,COMPRIME,5MG,ANTI-ANGOREUX DIVERS,56,COMPRIMES,SPECIALITE,BOITE,34440,34440,80,TPC
0004332,CORALAN COMP 5MG BLISTER/8,IVABRADINE,COMPRIME,5MG,ANTI-ANGOREUX DIVERS,8,COMPRIMES,SPECIALITE,BLISTER,4920,4920,80,TPC
0004600,"CORALAN COMP 7,5MG",IVABRADINE,COMPRIME,"7,5MG",ANTI-ANGOREUX DIVERS,56,COMPRIMES,SPECIALITE,BOITE,35400,35400,80,TPC
0001649,TRIMAREL COMP 20MG,TRIMETAZIDINE,COMPRIME,20MG,ANTI-ANGOREUX DIVERS,60,COMPRIMES,GENERIQUE,BOITE,4820,4820,80,REMBOURSABLE
0001626,VASCOR COMP 20MG,TRIMETAZIDINE,COMPRIME,20MG,ANTI-ANGOREUX DIVERS,60,COMPRIMES,GENERIQUE,BOITE,4670,4670,80,REMBOURSABLE
0003840,METAGARD COMP LM 35MG,TRIMETAZIDINE,COMPRIME LM,35MG,ANTI-ANGOREUX DIVERS,30,COMPRIMES,GENERIQUE,BOITE,2160,2160,80,REMBOURSABLE
0004308,TRICOZ LM 35MG,TRIMETAZIDINE,COMPRIME LM,35MG,ANTI-ANGOREUX DIVERS,60,COMPRIMES,GENERIQUE,BOITE,5165,5165,80,REMBOURSABLE
0001636,VASTAREL COMP LM 35MG,TRIMETAZIDINE,COMPRIME LM,35MG,ANTI-ANGOREUX DIVERS,60,COMPRIMES,SPECIALITE,BOITE,7380,7380,80,REMBOURSABLE
0001740,VASCOR GOUTTE BUVABLE 20MG/ML,TRIMETAZIDINE,GOUTTE BUVABLE,20MG/ML,ANTI-ANGOREUX DIVERS,60,MILLILITRES,GENERIQUE,FLACON,4590,4590,80,REMBOURSABLE
0001734,VASTAREL GOUTTE BUVABLE 20MG/ML,TRIMETAZIDINE,GOUTTE BUVABLE,20MG/ML,ANTI-ANGOREUX DIVERS,60,MILLILITRES,SPECIALITE,FLACON,8725,5082,80,REMBOURSABLE
0000945,CORVASAL COMP 2MG,MOLSIDOMINE,COMPRIME,2MG,ANTI-ANGOREUX SYDNONIMINE,30,COMPRIMES,SPECIALITE,BOITE,3525,3525,80,TPC
0000950,CORVASAL COMP 4MG,MOLSIDOMINE,COMPRIME,4MG,ANTI-ANGOREUX SYDNONIMINE,30,COMPRIMES,SPECIALITE,BOITE,6175,6175,80,TPC
C000055,AMIODARONE COMP 200MG,AMIODARONE,COMPRIME,200MG,ANTI-ARYTHMIQUE CLASSE III,28,COMPRIMES,CAMEG,BOITE,8225,8225,80,TPC
0001733,CORDARONE COMP 200MG,AMIODARONE,COMPRIME,200MG,ANTI-ARYTHMIQUE CLASSE III,30,COMPRIMES,SPECIALITE,BOITE,9150,9150,80,TPC
0004024,EURYTHMIC COMP 200MG,AMIODARONE,COMPRIME,200MG,ANTI-ARYTHMIQUE CLASSE III,30,COMPRIMES,GENERIQUE,BOITE,7230,7230,80,TPC
0004816,AMIODARONE 50MG/ML SOL INJ,AMIODARONE,SOLUTION INJECTABLE,50MG/ML,ANTI-ARYTHMIQUE CLASSE III,1,AMPOULE,GENERIQUE,BOITE,1870,1870,80,REMBOURSABLE
0004817,"ATROVENT SOL INH 0,5MG/2ML FL/UNIDOSE",IPATROPIUM BROMURE,SOLUTION POUR INHALATION,"0,5MG/2ML",ANTI-ASTHMATIQUE ANTI-CHOLINERGIQUE,10,FLACONS,SPECIALITE,BOITE,3810,3810,80,REMBOURSABLE
0004824,ALUKON COMP 10MG,MONTELUKAST,COMPRIME,10MG,ANTI-ASTHMATIQUE ANTI-LEUCOTRIENE,28,COMPRIMES,GENERIQUE,BOITE,6890,6890,80,TPC
0004825,DENK AIR COMP 10MG,MONTELUKAST,COMPRIME,10MG,ANTI-ASTHMATIQUE ANTI-LEUCOTRIENE,28,COMPRIMES,GENERIQUE,BOITE,6890,6890,80,TPC
0004826,MONTAS COMP 10MG,MONTELUKAST,COMPRIME,10MG,ANTI-ASTHMATIQUE ANTI-LEUCOTRIENE,28,COMPRIMES,GENERIQUE,BOITE,11715,7588,80,TPC
0004819,DENK AIR COMP 4MG,MONTELUKAST,COMPRIME,4MG,ANTI-ASTHMATIQUE ANTI-LEUCOTRIENE,28,COMPRIMES,GENERIQUE,BOITE,4595,4595,80,TPC
0004820,MONTAS COMP 4MG,MONTELUKAST,COMPRIME,4MG,ANTI-ASTHMATIQUE ANTI-LEUCOTRIENE,28,COMPRIMES,GENERIQUE,BOITE,4625,4595,80,TPC
0004821,ALUKON COMP 5MG,MONTELUKAST,COMPRIME,5MG,ANTI-ASTHMATIQUE ANTI-LEUCOTRIENE,28,COMPRIMES,GENERIQUE,BOITE,3445,3445,80,TPC
0004822,DENK AIR COMP 5MG,MONTELUKAST,COMPRIME,5MG,ANTI-ASTHMATIQUE ANTI-LEUCOTRIENE,28,COMPRIMES,GENERIQUE,BOITE,4595,3780,80,TPC
0004823,MONTAS COMP 5MG,MONTELUKAST,COMPRIME,5MG,ANTI-ASTHMATIQUE ANTI-LEUCOTRIENE,28,COMPRIMES,GENERIQUE,BOITE,5740,3780,80,TPC
0004818,ALUKON SACHET 4MG,MONTELUKAST,GRANULE EN SACHET,4MG,ANTI-ASTHMATIQUE ANTI-LEUCOTRIENE,14,SACHETS,GENERIQUE,BOITE,3155,2548,80,TPC
0000422,BUTO-ASMA COMP 2MG,SALBUTAMOL,COMPRIME,2MG,ANTI-ASTHMATIQUE BETA-2-MIMETIQUE,40,COMPRIMES,GENERIQUE,BOITE,2010,2010,80,REMBOURSABLE
0000665,VENTOLINE COMP 2MG,SALBUTAMOL,COMPRIME,2MG,ANTI-ASTHMATIQUE BETA-2-MIMETIQUE,40,COMPRIMES,SPECIALITE,BOITE,2940,2211,80,REMBOURSABLE
C000234,SALBUTAMOL COMP 4MG BLISTER/10,SALBUTAMOL,COMPRIME,4MG,ANTI-ASTHMATIQUE BETA-2-MIMETIQUE,10,COMPRIMES,CAMEG,BLISTER,650,650,80,REMBOURSABLE
0000851,BUTO-ASMA SIROP 2MG/5ML,SALBUTAMOL,SIROP,2MG/5ML,ANTI-ASTHMATIQUE BETA-2-MIMETIQUE,100,MILLILITRES,GENERIQUE,FLACON,1605,1265,80,REMBOURSABLE
0000447,SALBUTUS SIROP 2MG/5ML,SALBUTAMOL,SIROP,2MG/5ML,ANTI-ASTHMATIQUE BETA-2-MIMETIQUE,100,MILLILITRES,GENERIQUE,FLACON,1150,1150,80,REMBOURSABLE
0000843,VENTOLINE SIROP 2MG/5ML,SALBUTAMOL,SIROP,2MG/5ML,ANTI-ASTHMATIQUE BETA-2-MIMETIQUE,150,MILLILITRES,SPECIALITE,FLACON,2765,1898,80,REMBOURSABLE
0000855,"SALBUMOL SOL INJ 0,5/ML",SALBUTAMOL,SOLUTION INJECTABLE,"0,5MG/ML",ANTI-ASTHMATIQUE BETA-2-MIMETIQUE,1,AMPOULE,SPECIALITE,BOITE,315,315,80,REMBOURSABLE
C000215,"SALBUTAMOL SOL INJ 0,5MG/ML",SALBUTAMOL,SOLUTION INJECTABLE,"0,5MG/ML",ANTI-ASTHMATIQUE BETA-2-MIMETIQUE,1,AMPOULE,CAMEG,BOITE,310,310,80,REMBOURSABLE
0003671,AEROL AEROSOL 100µG,SALBUTAMOL,SUSPENSION POUR INHALATION,100µG,ANTI-ASTHMATIQUE BETA-2-MIMETIQUE,200,DOSES,GENERIQUE,FLACON,1895,1895,80,REMBOURSABLE
0000838,BUTO-ASMA AEROSOL 100µG,SALBUTAMOL,SUSPENSION POUR INHALATION,100µG,ANTI-ASTHMATIQUE BETA-2-MIMETIQUE,200,DOSES,GENERIQUE,FLACON,2700,2700,80,REMBOURSABLE
0000438,LOXAIR AEROSOL 100µG,SALBUTAMOL,SUSPENSION POUR INHALATION,100µG,ANTI-ASTHMATIQUE BETA-2-MIMETIQUE,200,DOSES,GENERIQUE,FLACON,2745,2745,80,REMBOURSABLE
0000426,VENTOLINE AEROSOL 100µG,SALBUTAMOL,SUSPENSION POUR INHALATION,100µG,ANTI-ASTHMATIQUE BETA-2-MIMETIQUE,200,DOSES,SPECIALITE,FLACON,2975,2975,80,REMBOURSABLE
0000030,BRICANYL COMP LP 5MG,TERBUTALINE,COMPRIME LP,5MG,ANTI-ASTHMATIQUE BETA-2-MIMETIQUE,61,COMPRIMES,SPECIALITE,BOITE,5620,5620,80,REMBOURSABLE
0004394,"BRICANYL SOL INJ 0,5MG/ML",TERBUTALINE,SOLUTION INJECTABLE,"0,5MG/ML",ANTI-ASTHMATIQUE BETA-2-MIMETIQUE,1,AMPOULE,SPECIALITE,BOITE,275,275,80,REMBOURSABLE
0003402,CORTIS AEROSOL 250µG,BECLOMETHASONE,SUSPENSION POUR INHALATION,250µG,ANTI-ASTHMATIQUE CORTICOIDE,60,DOSES,GENERIQUE,FLACON,5165,5165,80,REMBOURSABLE
0003646,CORTIS AEROSOL 50µG,BECLOMETHASONE,SUSPENSION POUR INHALATION,50µG,ANTI-ASTHMATIQUE CORTICOIDE,60,DOSES,SPECIALITE,FLACON,2870,2870,80,REMBOURSABLE
0002020,OXALAIR AEROSOL 125µG,FLUTICASONE,SUSPENSION POUR INHALATION,125µG,ANTI-ASTHMATIQUE CORTICOIDE,120,DOSES,GENERIQUE,FLACON,6610,6610,80,REMBOURSABLE
0004828,ERVA AEROSOL 50µG,FLUTICASONE,SUSPENSION POUR INHALATION,50µG,ANTI-ASTHMATIQUE CORTICOIDE,120,DOSES,GENERIQUE,FLACON,1780,1780,80,REMBOURSABLE
0002039,FLIXOTIDE AEROSOL 50µG,FLUTICASONE,SUSPENSION POUR INHALATION,50µG,ANTI-ASTHMATIQUE CORTICOIDE,120,DOSES,GENERIQUE,FLACON,1930,1930,80,REMBOURSABLE
0002076,SERETIDE DISKUS AEROSOL 100µG/50µG,FLUTICASONE+SALMETEROL,POUDRE POUR INHALATION,100µG/50µG,ANTI-ASTHMATIQUE CORTICOIDE+BETA-2 MIMETIQUE,60,DOSES,SPECIALITE,FLACON,9885,9885,80,TPC
0004594,BEXITROL-F AEROSOL 125µG/25µG,FLUTICASONE+SALMETEROL,POUDRE POUR INHALATION,125µG/25µG,ANTI-ASTHMATIQUE CORTICOIDE+BETA-2 MIMETIQUE,120,DOSES,GENERIQUE,FLACON,3445,3445,80,TPC
0004593,BEXITROL-F AEROSOL 250µG/25µG,FLUTICASONE+SALMETEROL,POUDRE POUR INHALATION,250µG/25µG,ANTI-ASTHMATIQUE CORTICOIDE+BETA-2 MIMETIQUE,120,DOSES,GENERIQUE,FLACON,4595,4595,80,TPC
0004827,CYVAX AEROSOL 250µG/50µG,FLUTICASONE+SALMETEROL,POUDRE POUR INHALATION,250µG/50µG,ANTI-ASTHMATIQUE CORTICOIDE+BETA-2 MIMETIQUE,120,DOSES,GENERIQUE,FLACON,8000,8000,80,TPC
0002082,SERETIDE DISKUS AEROSOL 250µG/50µG,FLUTICASONE+SALMETEROL,POUDRE POUR INHALATION,250µG/50µG,ANTI-ASTHMATIQUE CORTICOIDE+BETA-2 MIMETIQUE,60,DOSES,SPECIALITE,FLACON,11915,11915,80,TPC
0002089,SERETIDE DISKUS AEROSOL 500µG/50µG,FLUTICASONE+SALMETEROL,POUDRE POUR INHALATION,500µG/50µG,ANTI-ASTHMATIQUE CORTICOIDE+BETA-2 MIMETIQUE,60,DOSES,SPECIALITE,FLACON,14555,14555,80,TPC
0004829,AMIKACINE SOL INJ 250MG/ML,AMIKACINE,SOLUTION INJECTABLE,250MG/ML,ANTIBIOTIQUE AMINOSIDE,1,FLACON,GENERIQUE,BOITE,2730,2730,80,ENTENTE PREALABLE
0004830,AMIKACINE SOL INJ 500MG/ML,AMIKACINE,SOLUTION INJECTABLE,500MG/ML,ANTIBIOTIQUE AMINOSIDE,1,FLACON,GENERIQUE,BOITE,3570,3570,80,ENTENTE PREALABLE
C000129,GENTAMICINE SOL INJ 10MG,GENTAMICINE,SOLUTION INJECTABLE,10MG,ANTIBIOTIQUE AMINOSIDE,1,AMPOULE,CAMEG,BOITE,225,225,80,REMBOURSABLE
C000132,GENTAMICINE SOL INJ 40MG,GENTAMICINE,SOLUTION INJECTABLE,40MG,ANTIBIOTIQUE AMINOSIDE,1,AMPOULE,CAMEG,BOITE,245,245,80,REMBOURSABLE
C000135,GENTAMICINE SOL INJ 80MG/2ML,GENTAMICINE,SOLUTION INJECTABLE,80MG/2ML,ANTIBIOTIQUE AMINOSIDE,1,AMPOULE,CAMEG,BOITE,150,150,80,REMBOURSABLE
0000097,GENTAMICINE TM SOL INJ 80MG/2ML,GENTAMICINE,SOLUTION INJECTABLE,80MG/2ML,ANTIBIOTIQUE AMINOSIDE,1,AMPOULE,GENERIQUE,BOITE,155,155,80,REMBOURSABLE
0000100,PHILCO GENTA SOL INJ 80MG/2ML,GENTAMICINE,SOLUTION INJECTABLE,80MG/2ML,ANTIBIOTIQUE AMINOSIDE,1,AMPOULE,GENERIQUE,BOITE,100,100,80,REMBOURSABLE
0004718,ACTOPENUM PDRE SOL INJ 1000MG,MEROPENEME,POUDRE POUR SOLUTION INJECTABLE,1000MG,ANTIBIOTIQUE BETA-LACTAMINE CARBAPENEME,1,FLACON,GENERIQUE,BOITE,9895,9895,80,ENTENTE PREALABLE
0003537,MEROCLASS PDRE SOL INJ 1000MG,MEROPENEME,POUDRE POUR SOLUTION INJECTABLE,1000MG,ANTIBIOTIQUE BETA-LACTAMINE CARBAPENEME,1,FLACON,GENERIQUE,BOITE,10330,10330,80,ENTENTE PREALABLE
0003260,MERONIA PDRE SOL INJ 1000MG,MEROPENEME,POUDRE POUR SOLUTION INJECTABLE,1000MG,ANTIBIOTIQUE BETA-LACTAMINE CARBAPENEME,1,FLACON,GENERIQUE,BOITE,11480,11363,80,ENTENTE PREALABLE
0004233,NURONEM PDRE SOL INJ 1000MG,MEROPENEME,POUDRE POUR SOLUTION INJECTABLE,1000MG,ANTIBIOTIQUE BETA-LACTAMINE CARBAPENEME,1,FLACON,GENERIQUE,BOITE,11550,11363,80,ENTENTE PREALABLE
0004234,ZAXTER PDRE SOL INJ 1000MG,MEROPENEME,POUDRE POUR SOLUTION INJECTABLE,1000MG,ANTIBIOTIQUE BETA-LACTAMINE CARBAPENEME,1,FLACON,GENERIQUE,BOITE,12050,11363,80,ENTENTE PREALABLE
0004717,ACTOPENUM PDRE SOL INJ 500MG,MEROPENEME,POUDRE POUR SOLUTION INJECTABLE,500MG,ANTIBIOTIQUE BETA-LACTAMINE CARBAPENEME,1,FLACON,GENERIQUE,BOITE,5290,5290,80,ENTENTE PREALABLE
0003530,MEROCLASS PDRE SOL INJ 500MG,MEROPENEME,POUDRE POUR SOLUTION INJECTABLE,500MG,ANTIBIOTIQUE BETA-LACTAMINE CARBAPENEME,1,FLACON,GENERIQUE,BOITE,5740,5740,80,ENTENTE PREALABLE
0003259,MERONIA PDRE SOL INJ 500MG,MEROPENEME,POUDRE POUR SOLUTION INJECTABLE,500MG,ANTIBIOTIQUE BETA-LACTAMINE CARBAPENEME,1,FLACON,GENERIQUE,BOITE,6880,6314,80,ENTENTE PREALABLE
0002487,BACQURE PDRE SOL INJ 500MG/500MG,IMIPENEME+CILASTATINE,POUDRE POUR SOLUTION INJECTABLE,500MG/500MG,ANTIBIOTIQUE BETA-LACTAMINE CARBAPENEME+INHIBITEUR DHP 1,1,FLACON,SPECIALITE,BOITE,9185,9185,80,ENTENTE PREALABLE
0004769,IMI-LUX PDRE SOL INJ 500MG/500MG,IMIPENEME+CILASTATINE,POUDRE POUR SOLUTION INJECTABLE,500MG/500MG,ANTIBIOTIQUE BETA-LACTAMINE CARBAPENEME+INHIBITEUR DHP 1,1,FLACON,GENERIQUE,BOITE,7460,7460,80,ENTENTE PREALABLE
0004331,TIENAM PDRE SOL INJ 500MG/500MG,IMIPENEME+CILASTATINE,POUDRE POUR SOLUTION INJECTABLE,500MG/500MG,ANTIBIOTIQUE BETA-LACTAMINE CARBAPENEME+INHIBITEUR DHP 1,1,FLACON,SPECIALITE,BOITE,10330,10104,80,ENTENTE PREALABLE
0003762,ADORA COMP 500MG,CEFADROXIL,COMPRIME,500MG,ANTIBIOTIQUE BETA-LACTAMINE CEPHALOSPORINE,20,COMPRIMES,GENERIQUE,BOITE,3090,3090,80,REMBOURSABLE
0002304,BIODROXIL GELULE 500MG,CEFADROXIL,GELULE,500MG,ANTIBIOTIQUE BETA-LACTAMINE CEPHALOSPORINE,12,GELULES,SPECIALITE,BOITE,4590,2046,80,REMBOURSABLE
0004412,ACUDROX PDRE SUSP BUV 250MG/5ML,CEFADROXIL,POUDRE POUR SUSPENSION BUVABLE,250MG/5ML,ANTIBIOTIQUE BETA-LACTAMINE CEPHALOSPORINE,30,MILLILITRES,GENERIQUE,FLACON,1270,1270,80,REMBOURSABLE
0002342,BIODROXIL PDRE SUSP BUV 250MG/5ML,CEFADROXIL,POUDRE POUR SUSPENSION BUVABLE,250MG/5ML,ANTIBIOTIQUE BETA-LACTAMINE CEPHALOSPORINE,60,MILLILITRES,SPECIALITE,FLACON,2700,2700,80,REMBOURSABLE
0004475,FEDROX PDRE SUSP BUV 250MG/5ML,CEFADROXIL,POUDRE POUR SUSPENSION BUVABLE,250MG/5ML,ANTIBIOTIQUE BETA-LACTAMINE CEPHALOSPORINE,50,MILLILITRES,GENERIQUE,FLACON,2555,2475,80,REMBOURSABLE
0004831,KEFPIME PDRE SOL INJ 1000MG,CEFEPIME,POUDRE POUR SOLUTION INJECTABLE,1000MG,ANTIBIOTIQUE BETA-LACTAMINE CEPHALOSPORINE,1,FLACON,GENERIQUE,BOITE,4130,4130,80,REMBOURSABLE
0002375,CEFALORAL COMP 200MG,CEFIXIME,COMPRIME,200MG,ANTIBIOTIQUE BETA-LACTAMINE CEPHALOSPORINE,10,COMPRIMES,GENERIQUE,BOITE,4200,3790,80,REMBOURSABLE
0003695,FIXIM COMP 200MG,CEFIXIME,COMPRIME,200MG,ANTIBIOTIQUE BETA-LACTAMINE CEPHALOSPORINE,10,COMPRIMES,GENERIQUE,BOITE,6025,3790,80,REMBOURSABLE
0004789,MEILUROXIME COMP 200MG,CEFIXIME,COMPRIME,200MG,ANTIBIOTIQUE BETA-LACTAMINE CEPHALOSPORINE,10,COMPRIMES,GENERIQUE,BOITE,2960,2960,80,REMBOURSABLE
0005047,MICFOX COMP 200MG,CEFIXIME,COMPRIME,200MG,ANTIBIOTIQUE BETA-LACTAMINE CEPHALOSPORINE,10,COMPRIMES,GENERIQUE,BOITE,3445,3445,80,REMBOURSABLE
0002378,OROKEN COMP 200MG,CEFIXIME,COMPRIME,200MG,ANTIBIOTIQUE BETA-LACTAMINE CEPHALOSPORINE,8,COMPRIMES,SPECIALITE,BOITE,8125,3036,80,REMBOURSABLE
0004554,ROXIME COMP 200MG,CEFIXIME,COMPRIME,200MG,ANTIBIOTIQUE BETA-LACTAMINE CEPHALOSPORINE,10,COMPRIMES,GENERIQUE,BOITE,2295,2295,80,REMBOURSABLE
0004562,SOLEXIM COMP 200MG,CEFIXIME,COMPRIME,200MG,ANTIBIOTIQUE BETA-LACTAMINE CEPHALOSPORINE,10,COMPRIMES,GENERIQUE,BOITE,3695,3695,80,REMBOURSABLE
0004093,TAXIM-O COMP 200MG,CEFIXIME,COMPRIME,200MG,ANTIBIOTIQUE BETA-LACTAMINE CEPHALOSPORINE,10,COMPRIMES,GENERIQUE,BOITE,5670,3790,80,REMBOURSABLE
0005033,ZEFLET COMP 200MG,CEFIXIME,COMPRIME,200MG,ANTIBIOTIQUE BETA-LACTAMINE CEPHALOSPORINE,10,COMPRIMES,GENERIQUE,BOITE,3995,3800,80,REMBOURSABLE
0004532,OROCEF COMP 400MG,CEFIXIME,COMPRIME,400MG,ANTIBIOTIQUE BETA-LACTAMINE CEPHALOSPORINE,10,COMPRIMES,GENERIQUE,BOITE,5735,5735,80,REMBOURSABLE
0002385,CEFALORAL COMP DISP 100MG,CEFIXIME,COMPRIME DISPERSIBLE,100MG,ANTIBIOTIQUE BETA-LACTAMINE CEPHALOSPORINE,10,COMPRIMES,GENERIQUE,BOITE,3675,3675,80,REMBOURSABLE
0005046,MICFOX COMP DISP 100MG,CEFIXIME,COMPRIME DISPERSIBLE,100MG,ANTIBIOTIQUE BETA-LACTAMINE CEPHALOSPORINE,10,COMPRIMES,GENERIQUE,BOITE,2585,2585,80,REMBOURSABLE
0004095,TOCFIM COMP DISP 200MG,CEFIXIME,COMPRIME DISPERSIBLE,200MG,ANTIBIOTIQUE BETA-LACTAMINE CEPHALOSPORINE,10,COMPRIMES,GENERIQUE,BOITE,3445,3445,80,REMBOURSABLE
0002388,CEFIM GELULE 200MG,CEFIXIME,GELULE,200MG,ANTIBIOTIQUE BETA-LACTAMINE CEPHALOSPORINE,12,GELULES,GENERIQUE,BOITE,6885,4554,80,REMBOURSABLE
0003632,UMEXIM GELULE 200MG,CEFIXIME,GELULE,200MG,ANTIBIOTIQUE BETA-LACTAMINE CEPHALOSPORINE,10,GELULES,GENERIQUE,BOITE,3605,3605,80,REMBOURSABLE
0004439,CEFICAP GELULE 400MG,CEFIXIME,GELULE,400MG,ANTIBIOTIQUE BETA-LACTAMINE CEPHALOSPORINE,10,GELULES,GENERIQUE,BOITE,5425,5425,80,REMBOURSABLE
0002389,CEFIM GELULE 400MG,CEFIXIME,GELULE,400MG,ANTIBIOTIQUE BETA-LACTAMINE CEPHALOSPORINE,6,GELULES,GENERIQUE,BOITE,4925,4502,80,REMBOURSABLE
0004092,GRAMOCEF-O GELULE 400MG,CEFIXIME,GELULE,400MG,ANTIBIOTIQUE BETA-LACTAMINE CEPHALOSPORINE,6,GELULES,GENERIQUE,BOITE,5510,4502,80,REMBOURSABLE
0003681,ZEXIM GELULE 400MG,CEFIXIME,GELULE,400MG,ANTIBIOTIQUE BETA-LACTAMINE CEPHALOSPORINE,5,GELULE,GENERIQUE,BOITE,4820,3751,80,REMBOURSABLE
0004437,CEFEXOL PDRE SUSP BUV 100MG/5ML,CEFIXIME,POUDRE POUR SUSPENSION BUVABLE,100MG/5ML,ANTIBIOTIQUE BETA-LACTAMINE CEPHALOSPORINE,30,MILLILITRES,GENERIQUE,FLACON,2010,1353,80,REMBOURSABLE
0004438,CEFICAP PDRE SUSP BUV 100MG/5ML,CEFIXIME,POUDRE POUR SUSPENSION BUVABLE,100MG/5ML,ANTIBIOTIQUE BETA-LACTAMINE CEPHALOSPORINE,50,MILLILITRES,GENERIQUE,FLACON,4305,2255,80,REMBOURSABLE
0002409,CEFIM PDRE SUSP BUV 100MG/5ML,CEFIXIME,POUDRE POUR SUSPENSION BUVABLE,100MG/5ML,ANTIBIOTIQUE BETA-LACTAMINE CEPHALOSPORINE,60,MILLILITRES,GENERIQUE,FLACON,4855,2706,80,REMBOURSABLE
0003697,FIXIM PDRE SUSP BUV 100MG/5ML,CEFIXIME,POUDRE POUR SUSPENSION BUVABLE,100MG/5ML,ANTIBIOTIQUE BETA-LACTAMINE CEPHALOSPORINE,60,MILLILITRES,GENERIQUE,FLACON,6025,2706,80,REMBOURSABLE
0005068,MEILUROXIME PDRE SUSP BUV 100MG/5ML,CEFIXIME,POUDRE POUR SUSPENSION BUVABLE,100MG/5ML,ANTIBIOTIQUE BETA-LACTAMINE CEPHALOSPORINE,60,MILLILITRES,GENERIQUE,BOITE,3560,2706,80,REMBOURSABLE
0005048,MICFOX PDRE SUSP BUV 100MG/5ML,CEFIXIME,POUDRE POUR SUSPENSION BUVABLE,100MG/5ML,ANTIBIOTIQUE BETA-LACTAMINE CEPHALOSPORINE,60,MILLILITRES,GENERIQUE,FLACON,3385,2700,80,REMBOURSABLE
0002396,OROKEN PDRE SUSP BUV 100MG/5ML,CEFIXIME,POUDRE POUR SUSPENSION BUVABLE,100MG/5ML,ANTIBIOTIQUE BETA-LACTAMINE CEPHALOSPORINE,40,MILLILITRES,SPECIALITE,FLACON,8150,1804,80,REMBOURSABLE
0004777,TAXIM-O FORTE PDRE SUSP BUV 100MG/5ML,CEFIXIME,POUDRE POUR SUSPENSION BUVABLE,100MG/5ML,ANTIBIOTIQUE BETA-LACTAMINE CEPHALOSPORINE,60,MILLILITRES,GENERIQUE,FLACON,3845,2706,80,REMBOURSABLE
0004094,TOCFIM PDRE SUSP BUV 100MG/5ML,CEFIXIME,POUDRE POUR SUSPENSION BUVABLE,100MG/5ML,ANTIBIOTIQUE BETA-LACTAMINE CEPHALOSPORINE,60,MILLILITRES,GENERIQUE,FLACON,3445,2706,80,REMBOURSABLE
0005034,ZEFLET PDRE SUSP BUV 100MG/5ML,CEFIXIME,POUDRE POUR SUSPENSION BUVABLE,100MG/5ML,ANTIBIOTIQUE BETA-LACTAMINE CEPHALOSPORINE,30,MILLILITRES,GENERIQUE,FLACON,2695,1353,80,REMBOURSABLE
0003566,ZEXIM PDRE SUSP BUV 100MG/5ML,CEFIXIME,POUDRE POUR SUSPENSION BUVABLE,100MG/5ML,ANTIBIOTIQUE BETA-LACTAMINE CEPHALOSPORINE,30,MILLILITRES,GENERIQUE,FLACON,4820,1353,80,REMBOURSABLE
0003575,ZEXIM PDRE SUSP BUV 200/5ML,CEFIXIME,POUDRE POUR SUSPENSION BUVABLE,200MG/5ML,ANTIBIOTIQUE BETA-LACTAMINE CEPHALOSPORINE,30,MILLILITRES,GENERIQUE,FLACON,5225,5225,80,REMBOURSABLE
0002412,OROKEN PDRE SUSP BUV 40MG/5ML,CEFIXIME,POUDRE POUR SUSPENSION BUVABLE,40MG/5ML,ANTIBIOTIQUE BETA-LACTAMINE CEPHALOSPORINE,40,MILLILITRES,SPECIALITE,FLACON,5225,2200,80,REMBOURSABLE
0002565,C-TAX PDRE SUSP BUV 50MG/5ML,CEFIXIME,POUDRE POUR SUSPENSION BUVABLE,50MG/5ML,ANTIBIOTIQUE BETA-LACTAMINE CEPHALOSPORINE,100,MILLILITRES,GENERIQUE,FLACON,4705,4705,80,REMBOURSABLE
0002404,NOVACEF PDRE SUSP BUV 50MG/5ML,CEFIXIME,POUDRE POUR SUSPENSION BUVABLE,50MG/5ML,ANTIBIOTIQUE BETA-LACTAMINE CEPHALOSPORINE,30,MILLILITRES,GENERIQUE,FLACON,2495,1584,80,REMBOURSABLE
0004531,OROCEF PDRE SUSP BUV 50MG/5ML,CEFIXIME,POUDRE POUR SUSPENSION BUVABLE,50MG/5ML,ANTIBIOTIQUE BETA-LACTAMINE CEPHALOSPORINE,30,MILLILITRES,GENERIQUE,FLACON,2295,1584,80,REMBOURSABLE
0004563,SOLEXIM-N PDRE SUSP BUV 50MG/5ML,CEFIXIME,POUDRE POUR SUSPENSION BUVABLE,50MG/5ML,ANTIBIOTIQUE BETA-LACTAMINE CEPHALOSPORINE,60,MILLILITRES,GENERIQUE,FLACON,2870,2870,80,REMBOURSABLE
0004433,BAXIM PDRE SOL INJ 1000MG,CEFOTAXIME,POUDRE POUR SOLUTION INJECTABLE,1000MG,ANTIBIOTIQUE BETA-LACTAMINE CEPHALOSPORINE,1,FLACON,GENERIQUE,BOITE,1150,1150,80,REMBOURSABLE
0002421,KEFOTAX PDRE SOL INJ 1000MG,CEFOTAXIME,POUDRE POUR SOLUTION INJECTABLE,1000MG,ANTIBIOTIQUE BETA-LACTAMINE CEPHALOSPORINE,1,FLACON,GENERIQUE,BOITE,3150,3150,80,REMBOURSABLE
0002425,KEFOTAX PDRE SOL INJ 500MG,CEFOTAXIME,POUDRE POUR SOLUTION INJECTABLE,500MG,ANTIBIOTIQUE BETA-LACTAMINE CEPHALOSPORINE,1,FLACON,GENERIQUE,BOITE,1400,1400,80,REMBOURSABLE
0002436,ORELOX COMP 100MG,CEFPODOXIME,COMPRIME,100MG,ANTIBIOTIQUE BETA-LACTAMINE CEPHALOSPORINE,10,COMPRIMES,SPECIALITE,BOITE,7450,4730,80,REMBOURSABLE
0004582,ZEPOTIL COMP 100MG,CEFPODOXIME,COMPRIME,100MG,ANTIBIOTIQUE BETA-LACTAMINE CEPHALOSPORINE,10,COMPRIMES,GENERIQUE,BOITE,4015,4015,80,REMBOURSABLE
0002457,CEPODEM COMP 200MG,CEFPODOXIME,COMPRIME,200MG,ANTIBIOTIQUE BETA-LACTAMINE CEPHALOSPORINE,10,COMPRIMES,GENERIQUE,BOITE,6855,6855,80,REMBOURSABLE
0003708,ORELOX COMP 200MG,CEFPODOXIME,COMPRIME,200MG,ANTIBIOTIQUE BETA-LACTAMINE CEPHALOSPORINE,10,COMPRIMES,SPECIALITE,BOITE,8610,7541,80,REMBOURSABLE
0005072,POLARES COMP 200MG,CEFPODOXIME,COMPRIME,200MG,ANTIBIOTIQUE BETA-LACTAMINE CEPHALOSPORINE,10,COMPRIMES,GENERIQUE,BOITE,4020,4020,80,REMBOURSABLE
0004096,SWICH COMP 200MG,CEFPODOXIME,COMPRIME,200MG,ANTIBIOTIQUE BETA-LACTAMINE CEPHALOSPORINE,10,COMPRIMES,GENERIQUE,BOITE,6120,6120,80,REMBOURSABLE
0004583,ZEPOTIL COMP 200MG,CEFPODOXIME,COMPRIME,200MG,ANTIBIOTIQUE BETA-LACTAMINE CEPHALOSPORINE,10,COMPRIMES,GENERIQUE,BOITE,4595,4595,80,REMBOURSABLE
0002460,CEPODEM PDRE SUSP BUV 40MG/5ML,CEFPODOXIME,POUDRE POUR SUSPENSION BUVABLE,40MG/5ML,ANTIBIOTIQUE BETA-LACTAMINE CEPHALOSPORINE,100,MILLILITRES,GENERIQUE,FLACON,7000,7000,80,REMBOURSABLE
0001997,ORELOX PDRE SUSP BUV 40MG/5ML FL/100ML,CEFPODOXIME,POUDRE POUR SUSPENSION BUVABLE,40MG/5ML,ANTIBIOTIQUE BETA-LACTAMINE CEPHALOSPORINE,100,MILLILITRES,SPECIALITE,FLACON,8645,8645,80,REMBOURSABLE
0002484,ORELOX PDRE SUSP BUV 40MG/5ML FL/50ML,CEFPODOXIME,POUDRE POUR SUSPENSION BUVABLE,40MG/5ML,ANTIBIOTIQUE BETA-LACTAMINE CEPHALOSPORINE,50,MILLILITRES,SPECIALITE,FLACON,4945,4756,80,REMBOURSABLE
0004584,ZEPOTIL PDRE SUSP BUV 50MG/5ML,CEFPODOXIME,POUDRE POUR SUSPENSION BUVABLE,50MG/5ML,ANTIBIOTIQUE BETA-LACTAMINE CEPHALOSPORINE,60,MILLILITRES,GENERIQUE,FLACON,4520,4520,80,REMBOURSABLE
0002003,BETAZIDIM 1000,CEFTAZIDIME,POUDRE POUR SOLUTION INJECTABLE,1000MG,ANTIBIOTIQUE BETA-LACTAMINE CEPHALOSPORINE,1,FLACON,GENERIQUE,BOITE,9185,9185,80,ENTENTE PREALABLE
0002038,ACCUZON PDRE SOL INJ 1000MG,CEFTRIAXONE,POUDRE POUR SOLUTION INJECTABLE,1000MG,ANTIBIOTIQUE BETA-LACTAMINE CEPHALOSPORINE,1,FLACON,GENERIQUE,BOITE,2035,1034,80,REMBOURSABLE
0004097,ARTXON PDRE SOL INJ 1000MG,CEFTRIAXONE,POUDRE POUR SOLUTION INJECTABLE,1000MG,ANTIBIOTIQUE BETA-LACTAMINE CEPHALOSPORINE,1,FLACON,GENERIQUE,BOITE,1700,1034,80,REMBOURSABLE
0005092,ASMOCEFT PDRE SOL INJ 1000MG,CEFTRIAXONE,POUDRE POUR SOLUTION INJECTABLE,1000MG,ANTIBIOTIQUE BETA-LACTAMINE CEPHALOSPORINE,1,FLACON,GENERIQUE,BOITE,1785,1034,80,REMBOURSABLE
0004425,AUROXONE PDRE SOL INJ 1000MG,CEFTRIAXONE,POUDRE POUR SOLUTION INJECTABLE,1000MG,ANTIBIOTIQUE BETA-LACTAMINE CEPHALOSPORINE,1,FLACON,GENERIQUE,BOITE,2090,1034,80,REMBOURSABLE
0003656,CEFEZONE PDRE SOL INJ 1000MG,CEFTRIAXONE,POUDRE POUR SOLUTION INJECTABLE,1000MG,ANTIBIOTIQUE BETA-LACTAMINE CEPHALOSPORINE,1,FLACON,GENERIQUE,BOITE,1725,1034,80,REMBOURSABLE
0004099,CEFOCIAN PDRE SOL INJ 1000MG,CEFTRIAXONE,POUDRE POUR SOLUTION INJECTABLE,1000MG,ANTIBIOTIQUE BETA-LACTAMINE CEPHALOSPORINE,1,FLACON,GENERIQUE,BOITE,1975,1034,80,REMBOURSABLE
0005045,CEFTOVINCC PDRE SOL INJ 1000MG,CEFTRIAXONE,POUDRE POUR SOLUTION INJECTABLE,1000MG,ANTIBIOTIQUE BETA-LACTAMINE CEPHALOSPORINE,1,FLACON,GENERIQUE,BOITE,1815,1034,80,REMBOURSABLE
0004336,CEFTRI PDRE SOL INJ 1000MG,CEFTRIAXONE,POUDRE POUR SOLUTION INJECTABLE,1000MG,ANTIBIOTIQUE BETA-LACTAMINE CEPHALOSPORINE,1,FLACON,GENERIQUE,BOITE,2870,1034,80,REMBOURSABLE
0003810,CEFTRIAXONE LDP PDRE SOL INJ 1000MG,CEFTRIAXONE,POUDRE POUR SOLUTION INJECTABLE,1000MG,ANTIBIOTIQUE BETA-LACTAMINE CEPHALOSPORINE,1,FLACON,GENERIQUE,BOITE,2870,1034,80,REMBOURSABLE
C000195,CEFTRIAXONE PDRE SOL INJ 1000MG,CEFTRIAXONE,POUDRE POUR SOLUTION INJECTABLE,1000MG,ANTIBIOTIQUE BETA-LACTAMINE CEPHALOSPORINE,1,FLACON,CAMEG,BOITE,940,940,80,REMBOURSABLE
0003531,CEFTRIAXONE TM PDRE SOL INJ 1000MG,CEFTRIAXONE,POUDRE POUR SOLUTION INJECTABLE,1000MG,ANTIBIOTIQUE BETA-LACTAMINE CEPHALOSPORINE,1,FLACON,GENERIQUE,BOITE,1910,1034,80,REMBOURSABLE
0002179,CEFTRIAZ PDRE SOL INJ 1000MG,CEFTRIAXONE,POUDRE POUR SOLUTION INJECTABLE,1000MG,ANTIBIOTIQUE BETA-LACTAMINE CEPHALOSPORINE,1,FLACON,GENERIQUE,BOITE,3415,1034,80,REMBOURSABLE
0003811,CELLTRIAXON PDRE SOL INJ 1000MG,CEFTRIAXONE,POUDRE POUR SOLUTION INJECTABLE,1000MG,ANTIBIOTIQUE BETA-LACTAMINE CEPHALOSPORINE,1,FLACON,GENERIQUE,BOITE,2870,1034,80,REMBOURSABLE
0003549,CETAFOR PDRE SOL INJ 1000MG,CEFTRIAXONE,POUDRE POUR SOLUTION INJECTABLE,1000MG,ANTIBIOTIQUE BETA-LACTAMINE CEPHALOSPORINE,1,FLACON,GENERIQUE,BOITE,2250,1034,80,REMBOURSABLE
0002053,CETAZONE PDRE SOL INJ 1000MG,CEFTRIAXONE,POUDRE POUR SOLUTION INJECTABLE,1000MG,ANTIBIOTIQUE BETA-LACTAMINE CEPHALOSPORINE,1,FLACON,GENERIQUE,BOITE,2870,1034,80,REMBOURSABLE
0002057,CIPLACEF PDRE SOL INJ 1000MG,CEFTRIAXONE,POUDRE POUR SOLUTION INJECTABLE,1000MG,ANTIBIOTIQUE BETA-LACTAMINE CEPHALOSPORINE,1,FLACON,GENERIQUE,BOITE,1435,1034,80,REMBOURSABLE
0002046,C-TRI PDRE SOL INJ 1000MG,CEFTRIAXONE,POUDRE POUR SOLUTION INJECTABLE,1000MG,ANTIBIOTIQUE BETA-LACTAMINE CEPHALOSPORINE,1,FLACON,GENERIQUE,BOITE,2295,1034,80,REMBOURSABLE
0003763,EXEPHIN PDRE SOL INJ 1000MG,CEFTRIAXONE,POUDRE POUR SOLUTION INJECTABLE,1000MG,ANTIBIOTIQUE BETA-LACTAMINE CEPHALOSPORINE,1,FLACON,GENERIQUE,BOITE,2650,1034,80,REMBOURSABLE
0004463,FAIRCEF PDRE SOL INJ 1000MG,CEFTRIAXONE,POUDRE POUR SOLUTION INJECTABLE,1000MG,ANTIBIOTIQUE BETA-LACTAMINE CEPHALOSPORINE,1,FLACON,GENERIQUE,BOITE,1775,1034,80,REMBOURSABLE
0004788,G-CEFTRIA PDRE SOL INJ 1000MG,CEFTRIAXONE,POUDRE POUR SOLUTION INJECTABLE,1000MG,ANTIBIOTIQUE BETA-LACTAMINE CEPHALOSPORINE,1,FLACON,GENERIQUE,BOITE,1720,1034,80,REMBOURSABLE
0002065,IMMUNOX PDRE SOL INJ 1000MG,CEFTRIAXONE,POUDRE POUR SOLUTION INJECTABLE,1000MG,ANTIBIOTIQUE BETA-LACTAMINE CEPHALOSPORINE,1,FLACON,GENERIQUE,BOITE,1325,1034,80,REMBOURSABLE
0003613,INDOZONE PDRE SOL INJ 1000MG,CEFTRIAXONE,POUDRE POUR SOLUTION INJECTABLE,1000MG,ANTIBIOTIQUE BETA-LACTAMINE CEPHALOSPORINE,1,FLACON,GENERIQUE,BOITE,2295,1034,80,REMBOURSABLE
0002079,MESPORIN PDRE SOL INJ 1000MG IM,CEFTRIAXONE,POUDRE POUR SOLUTION INJECTABLE,1000MG,ANTIBIOTIQUE BETA-LACTAMINE CEPHALOSPORINE,1,FLACON,GENERIQUE,BOITE,4880,1034,80,REMBOURSABLE
0002025,MESPORIN PDRE SOL INJ 1000MG IV,CEFTRIAXONE,POUDRE POUR SOLUTION INJECTABLE,1000MG,ANTIBIOTIQUE BETA-LACTAMINE CEPHALOSPORINE,1,FLACON,GENERIQUE,BOITE,4880,1034,80,REMBOURSABLE
0004520,NOVAZONE PDRE SOL INJ 1000MG,CEFTRIAXONE,POUDRE POUR SOLUTION INJECTABLE,1000MG,ANTIBIOTIQUE BETA-LACTAMINE CEPHALOSPORINE,1,FLACON,GENERIQUE,BOITE,2250,1034,80,REMBOURSABLE
0004101,ONECEF PDRE SOL INJ 1000MG,CEFTRIAXONE,POUDRE POUR SOLUTION INJECTABLE,1000MG,ANTIBIOTIQUE BETA-LACTAMINE CEPHALOSPORINE,1,FLACON,GENERIQUE,BOITE,1725,1034,80,REMBOURSABLE
0002033,ROCEPHINE PDRE SOL INJ 1000MG IM,CEFTRIAXONE,POUDRE POUR SOLUTION INJECTABLE,1000MG,ANTIBIOTIQUE BETA-LACTAMINE CEPHALOSPORINE,1,FLACON,SPECIALITE,BOITE,7405,1034,80,REMBOURSABLE
0002088,ROCEPHINE PDRE SOL INJ 1000MG IV,CEFTRIAXONE,POUDRE POUR SOLUTION INJECTABLE,1000MG,ANTIBIOTIQUE BETA-LACTAMINE CEPHALOSPORINE,1,FLACON,SPECIALITE,BOITE,7405,1034,80,REMBOURSABLE
0004555,ROXONE PDRE SOL INJ 1000MG,CEFTRIAXONE,POUDRE POUR SOLUTION INJECTABLE,1000MG,ANTIBIOTIQUE BETA-LACTAMINE CEPHALOSPORINE,1,FLACON,GENERIQUE,BOITE,2275,1034,80,REMBOURSABLE
0005090,SERGIFEX PDRE SOL INJ 1000MG,CEFTRIAXONE,POUDRE POUR SOLUTION INJECTABLE,1000MG,ANTIBIOTIQUE BETA-LACTAMINE CEPHALOSPORINE,1,FLACON,GENERIQUE,BOITE,1150,1034,80,REMBOURSABLE
0003585,STACEF PDRE SOL INJ 1000MG,CEFTRIAXONE,POUDRE POUR SOLUTION INJECTABLE,1000MG,ANTIBIOTIQUE BETA-LACTAMINE CEPHALOSPORINE,1,FLACON,GENERIQUE,BOITE,2295,1034,80,REMBOURSABLE
0003869,STERICEF PDRE SOL INJ 1000MG,CEFTRIAXONE,POUDRE POUR SOLUTION INJECTABLE,1000MG,ANTIBIOTIQUE BETA-LACTAMINE CEPHALOSPORINE,1,FLACON,GENERIQUE,BOITE,1940,1034,80,REMBOURSABLE
0004102,TRAXOL PDRE SOL INJ 1000MG,CEFTRIAXONE,POUDRE POUR SOLUTION INJECTABLE,1000MG,ANTIBIOTIQUE BETA-LACTAMINE CEPHALOSPORINE,1,FLACON,GENERIQUE,BOITE,2010,1034,80,REMBOURSABLE
0004799,UNITRAX PDRE SOL INJ 1000MG,CEFTRIAXONE,POUDRE POUR SOLUTION INJECTABLE,1000MG,ANTIBIOTIQUE BETA-LACTAMINE CEPHALOSPORINE,1,FLACON,GENERIQUE,BOITE,1500,1034,80,REMBOURSABLE
0003448,UTRIXONE PDRE SOL INJ 1000MG,CEFTRIAXONE,POUDRE POUR SOLUTION INJECTABLE,1000MG,ANTIBIOTIQUE BETA-LACTAMINE CEPHALOSPORINE,1,FLACON,GENERIQUE,BOITE,1250,1034,80,REMBOURSABLE
0004580,VAXCEL CEFTRIAXONE PDRE SOL INJ 1000MG,CEFTRIAXONE,POUDRE POUR SOLUTION INJECTABLE,1000MG,ANTIBIOTIQUE BETA-LACTAMINE CEPHALOSPORINE,1,FLACON,GENERIQUE,BOITE,3005,1034,80,REMBOURSABLE
0003470,XONE PDRE SOL INJ 1000MG,CEFTRIAXONE,POUDRE POUR SOLUTION INJECTABLE,1000MG,ANTIBIOTIQUE BETA-LACTAMINE CEPHALOSPORINE,1,FLACON,GENERIQUE,BOITE,1895,1034,80,REMBOURSABLE
0003709,ZOUCEF PDRE SOL INJ 1000MG,CEFTRIAXONE,POUDRE POUR SOLUTION INJECTABLE,1000MG,ANTIBIOTIQUE BETA-LACTAMINE CEPHALOSPORINE,1,FLACON,GENERIQUE,BOITE,1610,1034,80,REMBOURSABLE
0005055,ZYLOCEF PDRE SOL INJ 1000MG,CEFTRIAXONE,POUDRE POUR SOLUTION INJECTABLE,1000MG,ANTIBIOTIQUE BETA-LACTAMINE CEPHALOSPORINE,1,FLACON,GENERIQUE,BOITE,1850,1034,80,REMBOURSABLE
0002120,ACCUZON PDRE SOL INJ 250MG,CEFTRIAXONE,POUDRE POUR SOLUTION INJECTABLE,250MG,ANTIBIOTIQUE BETA-LACTAMINE CEPHALOSPORINE,1,FLACON,GENERIQUE,BOITE,825,825,80,REMBOURSABLE
0002125,CETAZONE PDRE SOL INJ 250MG,CEFTRIAXONE,POUDRE POUR SOLUTION INJECTABLE,250MG,ANTIBIOTIQUE BETA-LACTAMINE CEPHALOSPORINE,1,FLACON,GENERIQUE,BOITE,1380,908,80,REMBOURSABLE
0002190,CEFTRIAZ PDRE SOL INJ 250MG,CEFTRIAXONE,POUDRE POUR SOLUTION INJECTABLE,250MG ,ANTIBIOTIQUE BETA-LACTAMINE CEPHALOSPORINE,1,FLACON,GENERIQUE,BOITE,1435,908,80,REMBOURSABLE
0004100,CEFOCIAN PDRE SOL INJ 500MG,CEFTRIAXONE,POUDRE POUR SOLUTION INJECTABLE,500MG,ANTIBIOTIQUE BETA-LACTAMINE CEPHALOSPORINE,1,FLACON,GENERIQUE,BOITE,1500,1034,80,REMBOURSABLE
0004440,CEFTRI PDRE SOL INJ 500MG,CEFTRIAXONE,POUDRE POUR SOLUTION INJECTABLE,500MG,ANTIBIOTIQUE BETA-LACTAMINE CEPHALOSPORINE,1,FLACON,GENERIQUE,BOITE,1720,1034,80,REMBOURSABLE
0003809,CEFTRIAXONE LDP PDRE SOL INJ 500MG,CEFTRIAXONE,POUDRE POUR SOLUTION INJECTABLE,500MG,ANTIBIOTIQUE BETA-LACTAMINE CEPHALOSPORINE,1,FLACON,GENERIQUE,BOITE,2065,1034,80,REMBOURSABLE
C000202,CEFTRIAXONE PDRE SOL INJ 500MG,CEFTRIAXONE,POUDRE POUR SOLUTION INJECTABLE,500MG,ANTIBIOTIQUE BETA-LACTAMINE CEPHALOSPORINE,1,FLACON,CAMEG,BOITE,940,940,80,REMBOURSABLE
0002194,CEFTRIAZ PDRE SOL INJ 500MG,CEFTRIAXONE,POUDRE POUR SOLUTION INJECTABLE,500MG,ANTIBIOTIQUE BETA-LACTAMINE CEPHALOSPORINE,1,FLACON,GENERIQUE,BOITE,1750,1034,80,REMBOURSABLE
0003454,CETAFOR PDRE SOL INJ 500MG,CEFTRIAXONE,POUDRE POUR SOLUTION INJECTABLE,500MG,ANTIBIOTIQUE BETA-LACTAMINE CEPHALOSPORINE,1,FLACON,GENERIQUE,BOITE,1720,1034,80,REMBOURSABLE
0002158,CETAZONE PDRE SOL INJ 500MG,CEFTRIAXONE,POUDRE POUR SOLUTION INJECTABLE,500MG,ANTIBIOTIQUE BETA-LACTAMINE CEPHALOSPORINE,1,FLACON,GENERIQUE,BOITE,2295,1034,80,REMBOURSABLE
0004465,FAIRCEF PDRE SOL INJ 500MG,CEFTRIAXONE,POUDRE POUR SOLUTION INJECTABLE,500MG,ANTIBIOTIQUE BETA-LACTAMINE CEPHALOSPORINE,1,FLACON,GENERIQUE,BOITE,2100,1034,80,REMBOURSABLE
0003487,KEFROX COMP 250MG,CEFUROXIME,COMPRIME,250MG,ANTIBIOTIQUE BETA-LACTAMINE CEPHALOSPORINE,10,COMPRIMES,GENERIQUE,BOITE,3765,3765,80,REMBOURSABLE
0004737,AXCEL CEFUROXIME GELULE 250MG,CEFUROXIME,GELULE,250MG,ANTIBIOTIQUE BETA-LACTAMINE CEPHALOSPORINE,10,GELULES,GENERIQUE,BOITE,4800,4142,80,REMBOURSABLE
0004736,VAXCEL CEFOBACTAM PDRE SOL INJ 500MG/500MG,CEFOPERAZONE+SULBACTAM,POUDRE POUR SOLUTION INJECTABLE,500MG/500MG,ANTIBIOTIQUE BETA-LACTAMINE CEPHALOSPORINE+INHIBITEUR DES BETA-LACTAMASES,1,FLACON,GENERIQUE,BOITE,5495,5495,80,REMBOURSABLE
0003506,CEFEZONE-S  PDRE SOL INJ 1000MG/500MG,CEFTRIAXONE+SULBACTAM,POUDRE POUR SOLUTION INJECTABLE,1000MG/500MG,ANTIBIOTIQUE BETA-LACTAMINE CEPHALOSPORINE+INHIBITEUR DES BETA-LACTAMASES,1,FLACON,GENERIQUE,BOITE,2585,2585,80,REMBOURSABLE
0004098,CEFOCIAN-S PDRE SOL INJ 1000MG/500MG,CEFTRIAXONE+SULBACTAM,POUDRE POUR SOLUTION INJECTABLE,1000MG/500MG,ANTIBIOTIQUE BETA-LACTAMINE CEPHALOSPORINE+INHIBITEUR DES BETA-LACTAMASES,1,FLACON,GENERIQUE,BOITE,2975,2778,80,REMBOURSABLE
0003502,INDOZONE-S PDRE SOL INJ 1000MG/500MG,CEFTRIAXONE+SULBACTAM,POUDRE POUR SOLUTION INJECTABLE,1000MG/500MG,ANTIBIOTIQUE BETA-LACTAMINE CEPHALOSPORINE+INHIBITEUR DES BETA-LACTAMASES,1,FLACON,GENERIQUE,BOITE,3445,2778,80,REMBOURSABLE
0004103,ONECEF+SB PDRE SOL INJ 1000MG/500MG,CEFTRIAXONE+SULBACTAM,POUDRE POUR SOLUTION INJECTABLE,1000MG/500MG,ANTIBIOTIQUE BETA-LACTAMINE CEPHALOSPORINE+INHIBITEUR DES BETA-LACTAMASES,1,FLACON,GENERIQUE,BOITE,2525,2525,80,REMBOURSABLE
0004556,ROXONE PLUS PDRE SOL INJ 1000MG/500MG,CEFTRIAXONE+SULBACTAM,POUDRE POUR SOLUTION INJECTABLE,1000MG/500MG,ANTIBIOTIQUE BETA-LACTAMINE CEPHALOSPORINE+INHIBITEUR DES BETA-LACTAMASES,1,FLACON,GENERIQUE,BOITE,4020,3795,80,REMBOURSABLE
0004719,SULBACEF PDRE SOL INJ 1000MG/500MG,CEFTRIAXONE+SULBACTAM,POUDRE POUR SOLUTION INJECTABLE,1000MG/500MG,ANTIBIOTIQUE BETA-LACTAMINE CEPHALOSPORINE+INHIBITEUR DES BETA-LACTAMASES,1,FLACON,GENERIQUE,BOITE,3445,2778,80,REMBOURSABLE
0004741,SULBACEF PDRE SOL INJ 500MG/250MG,CEFTRIAXONE+SULBACTAM,POUDRE POUR SOLUTION INJECTABLE,500MG/250MG,ANTIBIOTIQUE BETA-LACTAMINE CEPHALOSPORINE+INHIBITEUR DES BETA-LACTAMASES,1,FLACON,GENERIQUE,BOITE,2065,2065,80,REMBOURSABLE
0002171,AMOXI DENK COMP 500MG,AMOXICILLINE,COMPRIME,500MG,ANTIBIOTIQUE BETA-LACTAMINE PENICILLINE,20,COMPRIMES,GENERIQUE,BOITE,2295,660,80,REMBOURSABLE
C000071,AMOXICILLINE COMP 500MG BLISTER/10,AMOXICILLINE,COMPRIME,500MG,ANTIBIOTIQUE BETA-LACTAMINE PENICILLINE,10,COMPRIMES,CAMEG,BOITE,200,200,80,REMBOURSABLE
0003300,AMOXICILLINE SANDOZ COMP 500MG BLISTER/10,AMOXICILLINE,COMPRIME,500MG,ANTIBIOTIQUE BETA-LACTAMINE PENICILLINE,10,COMPRIMES,GENERIQUE,BOITE,560,330,80,REMBOURSABLE
0003322,AMOXICILLINE TM COMP 500MG,AMOXICILLINE,COMPRIME,500MG,ANTIBIOTIQUE BETA-LACTAMINE PENICILLINE,12,COMPRIMES,GENERIQUE,BOITE,880,396,80,REMBOURSABLE
0004833,AMOXICILLINE TM COMP 500MG BLISTER/10,AMOXICILLINE,COMPRIME,500MG,ANTIBIOTIQUE BETA-LACTAMINE PENICILLINE,10,COMPRIMES,GENERIQUE,BLISTER,470,330,80,REMBOURSABLE
0002159,OSPAMOX COMP 500MG,AMOXICILLINE,COMPRIME,500MG,ANTIBIOTIQUE BETA-LACTAMINE PENICILLINE,12,COMPRIMES,GENERIQUE,BOITE,1885,396,80,REMBOURSABLE
0004834,PHILCO AMOXI COMP 500MG BLISTER/10,AMOXICILLINE,COMPRIME,500MG,ANTIBIOTIQUE BETA-LACTAMINE PENICILLINE,10,COMPRIMES,GENERIQUE,BLISTER,400,330,80,REMBOURSABLE
0002182,OSPAMOX COMP DISP 500MG,AMOXICILLINE,COMPRIME DISPERSIBLE,500MG,ANTIBIOTIQUE BETA-LACTAMINE PENICILLINE,12,COMPRIMES,GENERIQUE,BOITE,1800,396,80,REMBOURSABLE
0002205,AMITRON GELULE 500MG,AMOXICILLINE,GELULE,500MG,ANTIBIOTIQUE BETA-LACTAMINE PENICILLINE,12,GELULES,GENERIQUE,BOITE,1150,396,80,REMBOURSABLE
0002214,AMODEX GELULE 500MG,AMOXICILLINE,GELULE,500MG,ANTIBIOTIQUE BETA-LACTAMINE PENICILLINE,12,GELULES,GENERIQUE,BOITE,1195,396,80,REMBOURSABLE
0004832,AMOXICILLINE CREAT GELULE 500MG BLISTER/10,AMOXICILLINE,GELULE,500MG,ANTIBIOTIQUE BETA-LACTAMINE PENICILLINE,10,GELULES,GENERIQUE,BLISTER,690,330,80,REMBOURSABLE
C000075,AMOXICILLINE GELULE 500MG BLISTER/10,AMOXICILLINE,GELULE,500MG,ANTIBIOTIQUE BETA-LACTAMINE PENICILLINE,10,GELULES,CAMEG,BLISTER,300,300,80,REMBOURSABLE
0005104,AMOXICILLINE TM GELULE 500MG B/24,AMOXICILLINE,GELULE,500MG,ANTIBIOTIQUE BETA-LACTAMINE PENICILLINE,24,GELULES,GENERIQUE,BOITE,1425,792,80,REMBOURSABLE
0003311,AMOXICILLINE UBI GELULE 500MG BLISTER/12,AMOXICILLINE,GELULE,500MG,ANTIBIOTIQUE BETA-LACTAMINE PENICILLINE,12,GELULES,GENERIQUE,BOITE,690,396,80,REMBOURSABLE
0004347,AMOXYN GELULE 500MG BLISTER/10,AMOXICILLINE,GELULE,500MG,ANTIBIOTIQUE BETA-LACTAMINE PENICILLINE,10,GELULES,GENERIQUE,BLISTER,430,330,80,REMBOURSABLE
0002220,BACTOX GELULE 500MG,AMOXICILLINE,GELULE,500MG,ANTIBIOTIQUE BETA-LACTAMINE PENICILLINE,12,GELULES,GENERIQUE,BOITE,1870,396,80,REMBOURSABLE
0004036,CIANMOX GELULE 500MG,AMOXICILLINE,GELULE,500MG,ANTIBIOTIQUE BETA-LACTAMINE PENICILLINE,10,GELULES,GENERIQUE,BOITE,730,330,80,REMBOURSABLE
0002585,CLAMOXYL GELULE 500MG,AMOXICILLINE,GELULE,500MG,ANTIBIOTIQUE BETA-LACTAMINE PENICILLINE,12,GELULES,SPECIALITE,BOITE,1310,396,80,REMBOURSABLE
0003825,IMOX GELULE 500MG,AMOXICILLINE,GELULE,500MG,ANTIBIOTIQUE BETA-LACTAMINE PENICILLINE,20,GELULES,GENERIQUE,BOITE,1375,660,80,REMBOURSABLE
0002253,LINMOX GELULE 500MG,AMOXICILLINE,GELULE,500MG,ANTIBIOTIQUE BETA-LACTAMINE PENICILLINE,12,GELULES,GENERIQUE,BOITE,1230,396,80,REMBOURSABLE
0004504,MEDOMOX GELULE 500MG,AMOXICILLINE,GELULE,500MG,ANTIBIOTIQUE BETA-LACTAMINE PENICILLINE,12,GELULES,GENERIQUE,BOITE,1150,396,80,REMBOURSABLE
0002274,RANOXYL GELULE 500MG,AMOXICILLINE,GELULE,500MG,ANTIBIOTIQUE BETA-LACTAMINE PENICILLINE,20,GELULES,GENERIQUE,BOITE,1745,660,80,REMBOURSABLE
0004034,ALFAMOX SACHET 500MG,AMOXICILLINE,POUDRE EN SACHET,500MG,ANTIBIOTIQUE BETA-LACTAMINE PENICILLINE,14,SACHETS,GENERIQUE,BOITE,2700,462,80,REMBOURSABLE
0004835,AMOXICILLINE CPA PDRE SUSP BUV 125MG/5ML,AMOXICILLINE,POUDRE POUR SUSPENSION BUVABLE,125MG/5ML,ANTIBIOTIQUE BETA-LACTAMINE PENICILLINE,100,MILLILITRES,GENERIQUE,FLACON,600,600,80,REMBOURSABLE
0002439,AMOXICILLINE CREAT PDRE SUSP BUV 125MG/5ML,AMOXICILLINE,POUDRE POUR SUSPENSION BUVABLE,125MG/5ML,ANTIBIOTIQUE BETA-LACTAMINE PENICILLINE,60,MILLILITRES,GENERIQUE,FLACON,1265,594,80,REMBOURSABLE
C000065,AMOXICILLINE PDRE SUSP BUV 125MG/5ML,AMOXICILLINE,POUDRE POUR SUSPENSION BUVABLE,125MG/5ML,ANTIBIOTIQUE BETA-LACTAMINE PENICILLINE,60,MILLILITRES,CAMEG,FLACON,525,525,80,REMBOURSABLE
0002374,AMOXICILLINE UBI PDRE SUSP BUV 125MG/5ML,AMOXICILLINE,POUDRE POUR SUSPENSION BUVABLE,125MG/5ML,ANTIBIOTIQUE BETA-LACTAMINE PENICILLINE,60,MILLILITRES,GENERIQUE,FLACON,630,594,80,REMBOURSABLE
0002408,BACTOX PDRE SUSP BUV 125MG/5ML,AMOXICILLINE,POUDRE POUR SUSPENSION BUVABLE,125MG/5ML,ANTIBIOTIQUE BETA-LACTAMINE PENICILLINE,60,MILLILITRES,GENERIQUE,FLACON,1045,594,80,REMBOURSABLE
0004037,CIANMOX PDRE SUSP BUV 125MG/5ML,AMOXICILLINE,POUDRE POUR SUSPENSION BUVABLE,125MG/5ML,ANTIBIOTIQUE BETA-LACTAMINE PENICILLINE,60,MILLILITRES,GENERIQUE,FLACON,550,550,80,REMBOURSABLE
0004836,PHILCO AMOXI PDRE SUSP BUV 125MG/5ML,AMOXICILLINE,POUDRE POUR SUSPENSION BUVABLE,125MG/5ML,ANTIBIOTIQUE BETA-LACTAMINE PENICILLINE,100,MILLILITRES,GENERIQUE,FLACON,660,660,80,REMBOURSABLE
0004035,ALFAMOX PDRE SUSP BUV 250MG/5ML,AMOXICILLINE,POUDRE POUR SUSPENSION BUVABLE,250MG/5ML,ANTIBIOTIQUE BETA-LACTAMINE PENICILLINE,100,MILLILITRES,GENERIQUE,FLACON,2295,1210,80,REMBOURSABLE
0002464,AMITRON PDRE SUSP BUV 250MG/5ML,AMOXICILLINE,POUDRE POUR SUSPENSION BUVABLE,250MG/5ML,ANTIBIOTIQUE BETA-LACTAMINE PENICILLINE,60,MILLILITRES,GENERIQUE,FLACON,920,726,80,REMBOURSABLE
0002447,AMODEX PDRE SUSP BUV 250MG/5ML,AMOXICILLINE,POUDRE POUR SUSPENSION BUVABLE,250MG/5ML,ANTIBIOTIQUE BETA-LACTAMINE PENICILLINE,60,MILLILITRES,GENERIQUE,FLACON,1240,726,80,REMBOURSABLE
0004837,AMOXICILLINE CPA PDRE SUSP BUV 250MG/5ML,AMOXICILLINE,POUDRE POUR SUSPENSION BUVABLE,250MG/5ML,ANTIBIOTIQUE BETA-LACTAMINE PENICILLINE,100,MILLILITRES,GENERIQUE,FLACON,750,750,80,REMBOURSABLE
0002456,AMOXICILLINE CREAT PDRE SUSP BUV 250MG/5ML,AMOXICILLINE,POUDRE POUR SUSPENSION BUVABLE,250MG/5ML,ANTIBIOTIQUE BETA-LACTAMINE PENICILLINE,60,MILLILITRES,GENERIQUE,FLACON,1380,726,80,REMBOURSABLE
C000069,AMOXICILLINE PDRE SUSP BUV 250MG/5ML,AMOXICILLINE,POUDRE POUR SUSPENSION BUVABLE,250MG/5ML,ANTIBIOTIQUE BETA-LACTAMINE PENICILLINE,60,MILLILITRES,CAMEG,FLACON,660,660,80,REMBOURSABLE
0002451,AMOXICILLINE UBI PDRE SUSP BUV 250MG/5ML,AMOXICILLINE,POUDRE POUR SUSPENSION BUVABLE,250MG/5ML,ANTIBIOTIQUE BETA-LACTAMINE PENICILLINE,60,MILLILITRES,GENERIQUE,FLACON,790,726,80,REMBOURSABLE
0005056,AMOXITILIN PDRE SUSP BUV 250MG/5ML,AMOXICILLINE,POUDRE POUR SUSPENSION BUVABLE,250MG/5ML,ANTIBIOTIQUE BETA-LACTAMINE PENICILLINE,100,MILLILITRES,GENERIQUE,FLACON,885,885,80,REMBOURSABLE
0002382,BACTOX PDRE SUSP BUV 250MG/5ML,AMOXICILLINE,POUDRE POUR SUSPENSION BUVABLE,250MG/5ML,ANTIBIOTIQUE BETA-LACTAMINE PENICILLINE,60,MILLILITRES,GENERIQUE,FLACON,1400,726,80,REMBOURSABLE
0004503,MEDOMOX PDRE SUSP BUV 250MG/5ML,AMOXICILLINE,POUDRE POUR SUSPENSION BUVABLE,250MG/5ML,ANTIBIOTIQUE BETA-LACTAMINE PENICILLINE,60,MILLILITRES,GENERIQUE,FLACON,1150,726,80,REMBOURSABLE
0002483,OSPAMOX PDRE SUSP BUV 250MG/5ML,AMOXICILLINE,POUDRE POUR SUSPENSION BUVABLE,250MG/5ML,ANTIBIOTIQUE BETA-LACTAMINE PENICILLINE,60,MILLILITRES,GENERIQUE,FLACON,1400,726,80,REMBOURSABLE
0004838,PHILCO AMOXI PDRE SUSP BUV 250MG/5ML,AMOXICILLINE,POUDRE POUR SUSPENSION BUVABLE,250MG/5ML,ANTIBIOTIQUE BETA-LACTAMINE PENICILLINE,100,MILLILITRES,GENERIQUE,FLACON,850,850,80,REMBOURSABLE
0002392,BACTOX PDRE SUSP BUV 500MG/5ML,AMOXICILLINE,POUDRE POUR SUSPENSION BUVABLE,500MG/5ML,ANTIBIOTIQUE BETA-LACTAMINE PENICILLINE,60,MILLILITRES,GENERIQUE,FLACON,2470,1617,80,REMBOURSABLE
0002403,CLAMOXYL PDRE SUSP BUV 500MG/5ML,AMOXICILLINE,POUDRE POUR SUSPENSION BUVABLE,500MG/5ML,ANTIBIOTIQUE BETA-LACTAMINE PENICILLINE,60,MILLILITRES,SPECIALITE,FLACON,1470,1470,80,REMBOURSABLE
0002477,AMPICILLINE UBI GELULE 500MG BLISTER/12,AMPICILLINE,GELULE,500MG,ANTIBIOTIQUE BETA-LACTAMINE PENICILLINE,12,GELULES,GENERIQUE,BLISTER,690,690,80,REMBOURSABLE
C000088,AMPICILLINE PDRE SOL INJ 1000MG,AMPICILLINE,POUDRE POUR SOLUTION INJECTABLE,1000MG,ANTIBIOTIQUE BETA-LACTAMINE PENICILLINE,1,FLACON,CAMEG,BOITE,155,155,80,REMBOURSABLE
0003283,AMPICILLINE TM SOL INJ 1000MG,AMPICILLINE,POUDRE POUR SOLUTION INJECTABLE,1000MG,ANTIBIOTIQUE BETA-LACTAMINE PENICILLINE,1,FLACON,GENERIQUE,BOITE,170,170,80,REMBOURSABLE
0002486,AMPICILLINE UBI PDRE SOL INJ 1000MG,AMPICILLINE,POUDRE POUR SOLUTION INJECTABLE,1000MG,ANTIBIOTIQUE BETA-LACTAMINE PENICILLINE,1,FLACON,GENERIQUE,BOITE,290,171,80,REMBOURSABLE
C000091,AMPICILLINE PDRE SOL INJ 500MG,AMPICILLINE,POUDRE POUR SOLUTION INJECTABLE,500MG,ANTIBIOTIQUE BETA-LACTAMINE PENICILLINE,1,FLACON,CAMEG,BOITE,375,375,80,REMBOURSABLE
0004842,"DICACILLINE PDRE SOL INJ 1,2MUI",BENZATHINE BENZYLPENICILLINE,POUDRE POUR SOLUTION INJECTABLE,"1,2MUI",ANTIBIOTIQUE BETA-LACTAMINE PENICILLINE,1,FLACON,GENERIQUE,BOITE,1145,1145,80,REMBOURSABLE
0004839,"BENZATHINE BENZYLPENICILLINE CPA PDRE SOL INJ 2,4MUI",BENZATHINE BENZYLPENICILLINE,POUDRE POUR SOLUTION INJECTABLE,"2,4MUI",ANTIBIOTIQUE BETA-LACTAMINE PENICILLINE,1,FLACON,GENERIQUE,BOITE,270,270,80,REMBOURSABLE
C000128,"BENZATHINE BENZYLPENICILLINE PDRE SOL INJ 2,4MUI",BENZATHINE BENZYLPENICILLINE,POUDRE POUR SOLUTION INJECTABLE,"2,4MUI",ANTIBIOTIQUE BETA-LACTAMINE PENICILLINE,1,FLACON,CAMEG,BOITE,290,290,80,REMBOURSABLE
0000906,"BENZATHINE BENZYLPENICILLINE UBI PDRE SOL INJ 2,4MUI",BENZATHINE BENZYLPENICILLINE,POUDRE POUR SOLUTION INJECTABLE,"2,4MUI",ANTIBIOTIQUE BETA-LACTAMINE PENICILLINE,1,FLACON,GENERIQUE,BOITE,920,920,80,REMBOURSABLE
0004843,"DICACILLINE PDRE SOL INJ 2,4MUI",BENZATHINE BENZYLPENICILLINE,POUDRE POUR SOLUTION INJECTABLE,"2,4MUI",ANTIBIOTIQUE BETA-LACTAMINE PENICILLINE,1,FLACON,GENERIQUE,BOITE,1445,1012,80,REMBOURSABLE
0004840,"PHILCO BENZATHINE BENZYLPENICILLINE PDRE SOL INJ 2,4MUI",BENZATHINE BENZYLPENICILLINE,POUDRE POUR SOLUTION INJECTABLE,"2,4MUI",ANTIBIOTIQUE BETA-LACTAMINE PENICILLINE,1,FLACON,GENERIQUE,BOITE,300,300,80,REMBOURSABLE
C000420,BENZYLPENICILLINE PDRE SOL INJ 1MUI,BENZYLPENICILLINE,POUDRE POUR SOLUTION INJECTABLE,1MUI,ANTIBIOTIQUE BETA-LACTAMINE PENICILLINE,1,FLACON,CAMEG,BOITE,110,110,80,REMBOURSABLE
0004841,PHILCO PENI G PDRE SOL INJ 1MUI,BENZYLPENICILLINE,POUDRE POUR SOLUTION INJECTABLE,1MUI,ANTIBIOTIQUE BETA-LACTAMINE PENICILLINE,1,FLACON,GENERIQUE,BOITE,110,110,80,REMBOURSABLE
0001159,PHILCO CLOXA GELULE 500MG BLISTER/10,CLOXACILLINE,GELULE,500MG,ANTIBIOTIQUE BETA-LACTAMINE PENICILLINE,10,GELULES,GENERIQUE,BLISTER,500,500,80,REMBOURSABLE
0001181,BETACLOX GELULE 250MG/250MG,CLOXACILLINE+AMOXICILLINE,GELULE,250MG/250MG,ANTIBIOTIQUE BETA-LACTAMINE PENICILLINE,12,GELULES,GENERIQUE,BOITE,4375,4375,80,REMBOURSABLE
0003459,ASTAPH GELULE 500MG B/12,FLUCLOXACILLINE,GELULE,500MG,ANTIBIOTIQUE BETA-LACTAMINE PENICILLINE,12,GELULES,GENERIQUE,BOITE,3445,2086,80,REMBOURSABLE
0004175,ASTAPH GELULE 500MG B/24,FLUCLOXACILLINE,GELULE,500MG,ANTIBIOTIQUE BETA-LACTAMINE PENICILLINE,24,GELULES,GENERIQUE,BOITE,6100,4172,80,REMBOURSABLE
0004477,FLUKOCIN GELULE 500MG,FLUCLOXACILLINE,GELULE,500MG,ANTIBIOTIQUE BETA-LACTAMINE PENICILLINE,20,GELULES,GENERIQUE,BOITE,3445,3445,80,REMBOURSABLE
0001627,FUCLO GELULE 500MG,FLUCLOXACILLINE,GELULE,500MG,ANTIBIOTIQUE BETA-LACTAMINE PENICILLINE,24,GELULES,GENERIQUE,BOITE,3790,3790,80,REMBOURSABLE
0005080,NEUCLOX CAPS 500MG,FLUCLOXACILLINE,GELULE,500MG,ANTIBIOTIQUE BETA-LACTAMINE PENICILLINE,12,GELULES,GENERIQUE,BOITE,3160,2088,80,REMBOURSABLE
0003532,ASTAPH PDRE SUSP BUV 125MG/5ML,FLUCLOXACILLINE,POUDRE POUR SUSPENSION BUVABLE,125MG/5ML,ANTIBIOTIQUE BETA-LACTAMINE PENICILLINE,60,MILLILITRES,GENERIQUE,FLACON,1915,1915,80,REMBOURSABLE
0004176,ASTAPH PDRE SUSP BUV 250MG/5ML FL/100ML,FLUCLOXACILLINE,POUDRE POUR SUSPENSION BUVABLE,250MG/5ML,ANTIBIOTIQUE BETA-LACTAMINE PENICILLINE,100,MILLILITRES,GENERIQUE,FLACON,3880,3880,80,REMBOURSABLE
0001669,ASTAPH PDRE SUSP BUV 250MG/5ML FL/60ML,FLUCLOXACILLINE,POUDRE POUR SUSPENSION BUVABLE,250MG/5ML,ANTIBIOTIQUE BETA-LACTAMINE PENICILLINE,60,MILLILITRES,GENERIQUE,FLACON,2585,2585,80,REMBOURSABLE
0001656,FUCLO PDRE SUSP BUV 250MG/5ML,FLUCLOXACILLINE,POUDRE POUR SUSPENSION BUVABLE,250MG/5ML,ANTIBIOTIQUE BETA-LACTAMINE PENICILLINE,100,MILLILITRES,GENERIQUE,FLACON,4360,4360,80,REMBOURSABLE
0005081,NEUCLOX DS PDRE SUSP BUV 250MG/5ML,FLUCLOXACILLINE,POUDRE POUR SUSPENSION BUVABLE,250MG/5ML,ANTIBIOTIQUE BETA-LACTAMINE PENICILLINE,100,MILLILITRES,GENERIQUE,FLACON,3215,3215,80,REMBOURSABLE
0002500,ORACILLINE COMP 1MUI,PHENOXYMETHYLPENICILLINE,COMPRIME,1MUI,ANTIBIOTIQUE BETA-LACTAMINE PENICILLINE,12,COMPRIMES,SPECIALITE,BOITE,4135,2652,80,REMBOURSABLE
0001107,OSPEN COMP 1MUI,PHENOXYMETHYLPENICILLINE,COMPRIME,1MUI,ANTIBIOTIQUE BETA-LACTAMINE PENICILLINE,12,COMPRIMES,GENERIQUE,BOITE,2410,2410,80,REMBOURSABLE
0001116,STARPEN COMP 1MUI,PHENOXYMETHYLPENICILLINE,COMPRIME,1MUI,ANTIBIOTIQUE BETA-LACTAMINE PENICILLINE,12,COMPRIMES,GENERIQUE,BOITE,1930,1930,80,REMBOURSABLE
C000421,AMOXICLAV COMP 1000MG/125MG,AMOXICLAV,COMPRIME,1000MG/125MG,ANTIBIOTIQUE BETA-LACTAMINE PENICILLINE+INHIBITEUR DES BETA-LACTAMASES,12,COMPRIMES,CAMEG,BOITE,4320,4320,80,REMBOURSABLE
0005103,AMOXICLAV TM COMP 1000MG/125MG,AMOXICLAV,COMPRIME,1000MG/125MG,ANTIBIOTIQUE BETA-LACTAMINE PENICILLINE+INHIBITEUR DES BETA-LACTAMASES,16,COMPRIMES,GENERIQUE,BOITE,5300,5300,80,REMBOURSABLE
0004765,AMPLEX COMP 1000MG/125MG,AMOXICLAV,COMPRIME,1000MG/125MG,ANTIBIOTIQUE BETA-LACTAMINE PENICILLINE+INHIBITEUR DES BETA-LACTAMASES,14,COMPRIMES,GENERIQUE,BOITE,5165,5036,80,REMBOURSABLE
0003436,CLAVAM COMP 1000MG/125MG,AMOXICLAV,COMPRIME,1000MG/125MG,ANTIBIOTIQUE BETA-LACTAMINE PENICILLINE+INHIBITEUR DES BETA-LACTAMASES,12,COMPRIMES,GENERIQUE,BOITE,5245,4317,80,REMBOURSABLE
0002424,CLAVUMOCID COMP 1000MG/125MG,AMOXICLAV,COMPRIME,1000MG/125MG,ANTIBIOTIQUE BETA-LACTAMINE PENICILLINE+INHIBITEUR DES BETA-LACTAMASES,10,COMPRIMES,GENERIQUE,BOITE,5165,3597,80,REMBOURSABLE
0004845,IMUCLAV COMP 1000MG/125MG,AMOXICLAV,COMPRIME,1000MG/125MG,ANTIBIOTIQUE BETA-LACTAMINE PENICILLINE+INHIBITEUR DES BETA-LACTAMASES,12,COMPRIMES,GENERIQUE,BOITE,5740,4320,80,REMBOURSABLE
0005102,"AMOXICLAV TM COMP 500MG/62,5MG",AMOXICLAV,COMPRIME,"500MG/62,5MG",ANTIBIOTIQUE BETA-LACTAMINE PENICILLINE+INHIBITEUR DES BETA-LACTAMASES,16,COMPRIMES,GENERIQUE,BOITE,3825,3792,80,REMBOURSABLE
0002334,"AMOXICLAV-DENK COMP 500MG/62,5MG",AMOXICLAV,COMPRIME,"500MG/62,5MG",ANTIBIOTIQUE BETA-LACTAMINE PENICILLINE+INHIBITEUR DES BETA-LACTAMASES,16,COMPRIMES,GENERIQUE,BOITE,4020,3784,80,REMBOURSABLE
0002324,"AUGMENTIN COMP 500MG/62,5MG",AMOXICLAV,COMPRIME,"500MG/62,5MG",ANTIBIOTIQUE BETA-LACTAMINE PENICILLINE+INHIBITEUR DES BETA-LACTAMASES,16,COMPRIMES,SPECIALITE,BOITE,4525,3784,80,REMBOURSABLE
0003410,"CLAVAM COMP 500MG/62,5MG",AMOXICLAV,COMPRIME,"500MG/62,5MG",ANTIBIOTIQUE BETA-LACTAMINE PENICILLINE+INHIBITEUR DES BETA-LACTAMASES,16,COMPRIMES,GENERIQUE,BOITE,4395,3784,80,REMBOURSABLE
0002440,"CLAVUMOCID COMP 500MG/62,5MG",AMOXICLAV,COMPRIME,"500MG/62,5MG",ANTIBIOTIQUE BETA-LACTAMINE PENICILLINE+INHIBITEUR DES BETA-LACTAMASES,12,COMPRIMES,GENERIQUE,BOITE,3675,2838,80,REMBOURSABLE
0004601,"CREACLAV COMP 500MG/62,5MG",AMOXICLAV,COMPRIME,"500MG/62,5MG",ANTIBIOTIQUE BETA-LACTAMINE PENICILLINE+INHIBITEUR DES BETA-LACTAMASES,16,COMPRIMES,GENERIQUE,BOITE,3385,3385,80,REMBOURSABLE
0004453,"CURAM COMP 500MG/62,5MG",AMOXICLAV,COMPRIME,"500MG/62,5MG",ANTIBIOTIQUE BETA-LACTAMINE PENICILLINE+INHIBITEUR DES BETA-LACTAMASES,16,COMPRIMES,GENERIQUE,BOITE,4135,3784,80,REMBOURSABLE
0002338,"ENHANCIN COMP 500MG/62,5MG",AMOXICLAV,COMPRIME,"500MG/62,5MG",ANTIBIOTIQUE BETA-LACTAMINE PENICILLINE+INHIBITEUR DES BETA-LACTAMASES,16,COMPRIMES,GENERIQUE,BOITE,5075,3784,80,REMBOURSABLE
0002427,ACLAV SACHET 1000MG/125MG B/12,AMOXICLAV,POUDRE EN SACHET,1000MG/125MG,ANTIBIOTIQUE BETA-LACTAMINE PENICILLINE+INHIBITEUR DES BETA-LACTAMASES,12,SACHETS,GENERIQUE,BOITE,4625,4317,80,REMBOURSABLE
0004793,ACLAV SACHET 1000MG/125MG B/16,AMOXICLAV,POUDRE EN SACHET,1000MG/125MG,ANTIBIOTIQUE BETA-LACTAMINE PENICILLINE+INHIBITEUR DES BETA-LACTAMASES,16,SACHETS,GENERIQUE,BOITE,6830,5756,80,REMBOURSABLE
0004421,AMOXICLAV-DENK  SACHET 1000MG/125MG B/12,AMOXICLAV,POUDRE EN SACHET,1000MG/125MG,ANTIBIOTIQUE BETA-LACTAMINE PENICILLINE+INHIBITEUR DES BETA-LACTAMASES,12,SACHETS,GENERIQUE,BOITE,5625,4317,80,REMBOURSABLE
0004422,AMOXICLAV-DENK SACHET 1000MG/125MG B/8,AMOXICLAV,POUDRE EN SACHET,1000MG/125MG,ANTIBIOTIQUE BETA-LACTAMINE PENICILLINE+INHIBITEUR DES BETA-LACTAMASES,8,SACHETS,GENERIQUE,BOITE,4020,2878,80,REMBOURSABLE
0002433,AUGMENTIN SACHET 1000MG/125MG,AMOXICLAV,POUDRE EN SACHET,1000MG/125MG,ANTIBIOTIQUE BETA-LACTAMINE PENICILLINE+INHIBITEUR DES BETA-LACTAMASES,12,SACHETS,SPECIALITE,BOITE,6495,4317,80,REMBOURSABLE
0004602,CREACLAV SACHET 1000MG/125MG,AMOXICLAV,POUDRE EN SACHET,1000MG/125MG,ANTIBIOTIQUE BETA-LACTAMINE PENICILLINE+INHIBITEUR DES BETA-LACTAMASES,12,SACHETS,GENERIQUE,BOITE,4020,4020,80,REMBOURSABLE
0003223,CURAM SACHET 1000MG/125MG,AMOXICLAV,POUDRE EN SACHET,1000MG/125MG,ANTIBIOTIQUE BETA-LACTAMINE PENICILLINE+INHIBITEUR DES BETA-LACTAMASES,12,SACHETS,GENERIQUE,BOITE,6200,4317,80,REMBOURSABLE
0004484,GENCLAV SACHET 1000MG/125MG,AMOXICLAV,POUDRE EN SACHET,1000MG/125MG,ANTIBIOTIQUE BETA-LACTAMINE PENICILLINE+INHIBITEUR DES BETA-LACTAMASES,16,SACHETS,GENERIQUE,BOITE,5740,5740,80,REMBOURSABLE
0004561,SOCLAV SACHET 1000MG/125MG,AMOXICLAV,POUDRE EN SACHET,1000MG/125MG,ANTIBIOTIQUE BETA-LACTAMINE PENICILLINE+INHIBITEUR DES BETA-LACTAMASES,16,SACHETS,GENERIQUE,BOITE,7000,5756,80,REMBOURSABLE
0003703,ZAMOX SACHET 1000MG/125MG B/12,AMOXICLAV,POUDRE EN SACHET,1000MG/125MG,ANTIBIOTIQUE BETA-LACTAMINE PENICILLINE+INHIBITEUR DES BETA-LACTAMASES,12,SACHETS,GENERIQUE,BOITE,4360,4317,80,REMBOURSABLE
0003556,ZAMOX SACHET 1000MG/125MG B/16,AMOXICLAV,POUDRE EN SACHET,1000MG/125MG,ANTIBIOTIQUE BETA-LACTAMINE PENICILLINE+INHIBITEUR DES BETA-LACTAMASES,16,SACHETS,GENERIQUE,BOITE,5225,5225,80,REMBOURSABLE
0004482,"GENCLAV SACHET 250MG/31,25MG",AMOXICLAV,POUDRE EN SACHET,"250MG/31,25MG",ANTIBIOTIQUE BETA-LACTAMINE PENICILLINE+INHIBITEUR DES BETA-LACTAMASES,12,SACHETS,GENERIQUE,BOITE,2870,2870,80,REMBOURSABLE
0002437,"ACLAV SACHET  500MG/62,5MG B/12",AMOXICLAV,POUDRE EN SACHET,"500MG/62,5MG",ANTIBIOTIQUE BETA-LACTAMINE PENICILLINE+INHIBITEUR DES BETA-LACTAMASES,12,SACHETS,GENERIQUE,BOITE,4590,2838,80,REMBOURSABLE
0004844,"ACLAV SACHET 500MG/62,5MG B/16",AMOXICLAV,POUDRE EN SACHET,"500MG/62,5MG",ANTIBIOTIQUE BETA-LACTAMINE PENICILLINE+INHIBITEUR DES BETA-LACTAMASES,16,SACHETS,GENERIQUE,BOITE,6315,3792,80,REMBOURSABLE
0004483,"GENCLAV SACHET 500MG/62,5MG",AMOXICLAV,POUDRE EN SACHET,"500MG/62,5MG",ANTIBIOTIQUE BETA-LACTAMINE PENICILLINE+INHIBITEUR DES BETA-LACTAMASES,12,SACHETS,GENERIQUE,BOITE,4020,2838,80,REMBOURSABLE
0004559,"SOCLAV SACHET 500MG/62,5MG",AMOXICLAV,POUDRE EN SACHET,"500MG/62,5MG",ANTIBIOTIQUE BETA-LACTAMINE PENICILLINE+INHIBITEUR DES BETA-LACTAMASES,16,SACHETS,GENERIQUE,BOITE,5625,3784,80,REMBOURSABLE
0003396,"ZAMOX SACHET 500MG/62,5MG",AMOXICLAV,POUDRE EN SACHET,"500MG/62,5MG",ANTIBIOTIQUE BETA-LACTAMINE PENICILLINE+INHIBITEUR DES BETA-LACTAMASES,12,SACHETS,GENERIQUE,BOITE,4250,2838,80,REMBOURSABLE
0004040,ACINET PDRE INJ 1000MG/200MG,AMOXICLAV,POUDRE POUR SOLUTION INJECTABLE,1000MG/200MG,ANTIBIOTIQUE BETA-LACTAMINE PENICILLINE+INHIBITEUR DES BETA-LACTAMASES,1,FLACON,GENERIQUE,BOITE,1895,1892,80,REMBOURSABLE
0004801,AMOXICLA-M PDRE INJ 1000MG/200¨MG,AMOXICLAV,POUDRE POUR SOLUTION INJECTABLE,1000MG/200MG,ANTIBIOTIQUE BETA-LACTAMINE PENICILLINE+INHIBITEUR DES BETA-LACTAMASES,1,FLACON,GENERIQUE,BOITE,1905,1892,80,REMBOURSABLE
C000406,AMOXICLAV PDRE INJ 1000MG/200MG,AMOXICLAV,POUDRE POUR SOLUTION INJECTABLE,1000MG/200MG,ANTIBIOTIQUE BETA-LACTAMINE PENICILLINE+INHIBITEUR DES BETA-LACTAMASES,1,FLACON,CAMEG,BOITE,1495,1495,80,REMBOURSABLE
0002420,AUGMENTIN PDRE INJ 1000MG/200MG,AMOXICLAV,POUDRE POUR SOLUTION INJECTABLE,1000MG/200MG,ANTIBIOTIQUE BETA-LACTAMINE PENICILLINE+INHIBITEUR DES BETA-LACTAMASES,1,FLACON,SPECIALITE,BOITE,2985,1892,80,REMBOURSABLE
0004042,CLAVAM PDRE INJ 1000MG/200MG,AMOXICLAV,POUDRE POUR SOLUTION INJECTABLE,1000MG/200MG,ANTIBIOTIQUE BETA-LACTAMINE PENICILLINE+INHIBITEUR DES BETA-LACTAMASES,1,FLACON,GENERIQUE,BOITE,1895,1892,80,REMBOURSABLE
0002407,CLAVICIN PDRE INJ 1000MG/200MG,AMOXICLAV,POUDRE POUR SOLUTION INJECTABLE,1000MG/200MG,ANTIBIOTIQUE BETA-LACTAMINE PENICILLINE+INHIBITEUR DES BETA-LACTAMASES,1,FLACON,GENERIQUE,BOITE,1720,1720,80,REMBOURSABLE
0004337,CLAVIMOX PDRE INJ 1000MG/200MG,AMOXICLAV,POUDRE POUR SOLUTION INJECTABLE,1000MG/200MG,ANTIBIOTIQUE BETA-LACTAMINE PENICILLINE+INHIBITEUR DES BETA-LACTAMASES,1,FLACON,GENERIQUE,BOITE,1720,1720,80,REMBOURSABLE
0004722,CLAVOX PDRE INJ 1000MG/200MG,AMOXICLAV,POUDRE POUR SOLUTION INJECTABLE,1000MG/200MG,ANTIBIOTIQUE BETA-LACTAMINE PENICILLINE+INHIBITEUR DES BETA-LACTAMASES,1,FLACON,GENERIQUE,BOITE,1940,1892,80,REMBOURSABLE
0004447,CLAVUNOVA PDRE INJ 1000MG/200MG,AMOXICLAV,POUDRE POUR SOLUTION INJECTABLE,1000MG/200MG,ANTIBIOTIQUE BETA-LACTAMINE PENICILLINE+INHIBITEUR DES BETA-LACTAMASES,1,FLACON,GENERIQUE,BOITE,1715,1715,80,REMBOURSABLE
0002413,CURAM PDRE INJ 1000MG/200MG,AMOXICLAV,POUDRE POUR SOLUTION INJECTABLE,1000MG/200MG,ANTIBIOTIQUE BETA-LACTAMINE PENICILLINE+INHIBITEUR DES BETA-LACTAMASES,1,FLACON,GENERIQUE,BOITE,2675,1892,80,REMBOURSABLE
0002381,ENHANCIN PDRE INJ 1000MG/200MG,AMOXICLAV,POUDRE POUR SOLUTION INJECTABLE,1000MG/200MG,ANTIBIOTIQUE BETA-LACTAMINE PENICILLINE+INHIBITEUR DES BETA-LACTAMASES,1,FLACON,GENERIQUE,BOITE,2445,1892,80,REMBOURSABLE
0005119,GENCLAV PDRE SOL INJ 1000MG/200MG,AMOXICLAV,POUDRE POUR SOLUTION INJECTABLE,1000MG/200MG,ANTIBIOTIQUE BETA-LACTAMINE PENICILLINE+INHIBITEUR DES BETA-LACTAMASES,1,FLACON,GENERIQUE,BOITE,2295,1892,80,REMBOURSABLE
0003665,IMUCLAV PDRE INJ 1000MG/200MG,AMOXICLAV,POUDRE POUR SOLUTION INJECTABLE,1000MG/200MG,ANTIBIOTIQUE BETA-LACTAMINE PENICILLINE+INHIBITEUR DES BETA-LACTAMASES,1,FLACON,GENERIQUE,BOITE,2490,1892,80,REMBOURSABLE
0004494,KLAVMOX PDRE INJ 1000MG/200MG,AMOXICLAV,POUDRE POUR SOLUTION INJECTABLE,1000MG/200MG,ANTIBIOTIQUE BETA-LACTAMINE PENICILLINE+INHIBITEUR DES BETA-LACTAMASES,1,FLACON,GENERIQUE,BOITE,1495,1495,80,REMBOURSABLE
0004662,KOACT PDRE INJ 1000MG/200MG,AMOXICLAV,POUDRE POUR SOLUTION INJECTABLE,1000MG/200MG,ANTIBIOTIQUE BETA-LACTAMINE PENICILLINE+INHIBITEUR DES BETA-LACTAMASES,1,FLACON,GENERIQUE,BOITE,2705,1892,80,REMBOURSABLE
0004051,SOTAMOX PDRE INJ 1000MG/200MG,AMOXICLAV,POUDRE POUR SOLUTION INJECTABLE,1000MG/200MG,ANTIBIOTIQUE BETA-LACTAMINE PENICILLINE+INHIBITEUR DES BETA-LACTAMASES,1,FLACON,GENERIQUE,BOITE,1700,1700,80,REMBOURSABLE
0005054,VINCCLAV PDRE INJ 1000MG/200MG,AMOXICLAV,POUDRE POUR SOLUTION INJECTABLE,1000MG/200MG,ANTIBIOTIQUE BETA-LACTAMINE PENICILLINE+INHIBITEUR DES BETA-LACTAMASES,1,FLACON,GENERIQUE,BOITE,1480,1480,80,REMBOURSABLE
0002416,AUGMENTIN PDRE INJ 500MG/100MG,AMOXICLAV,POUDRE POUR SOLUTION INJECTABLE,500MG/100MG,ANTIBIOTIQUE BETA-LACTAMINE PENICILLINE+INHIBITEUR DES BETA-LACTAMASES,1,FLACON,SPECIALITE,BOITE,1675,1675,80,REMBOURSABLE
0004446,CLAVUNOVA PDRE INJ 500MG/100MG,AMOXICLAV,POUDRE POUR SOLUTION INJECTABLE,500MG/100MG,ANTIBIOTIQUE BETA-LACTAMINE PENICILLINE+INHIBITEUR DES BETA-LACTAMASES,1,FLACON,GENERIQUE,BOITE,1065,1065,80,REMBOURSABLE
0002417,CURAM PDRE INJ 500MG/100MG,AMOXICLAV,POUDRE POUR SOLUTION INJECTABLE,500MG/100MG,ANTIBIOTIQUE BETA-LACTAMINE PENICILLINE+INHIBITEUR DES BETA-LACTAMASES,1,FLACON,GENERIQUE,BOITE,1605,1605,80,REMBOURSABLE
0002387,"ACLAV PDRE POUR SUSP 100MG/12,5MG FL/60ML",AMOXICLAV,POUDRE POUR SUSPENSION BUVABLE,"100MG/12,5MG",ANTIBIOTIQUE BETA-LACTAMINE PENICILLINE+INHIBITEUR DES BETA-LACTAMASES,60,MILLILITRES,GENERIQUE,FLACON,4135,4135,80,REMBOURSABLE
0004792,"ACLAV PDRE SUSP BUV 100MG/12,5MG FL/30ML",AMOXICLAV,POUDRE POUR SUSPENSION BUVABLE,"100MG/12,5MG",ANTIBIOTIQUE BETA-LACTAMINE PENICILLINE+INHIBITEUR DES BETA-LACTAMASES,30,MILLILITRES,GENERIQUE,FLACON,2065,2065,80,REMBOURSABLE
0002390,"AUGMENTIN ENFANT PDRE SUSP BUV 100MG/12,5MG",AMOXICLAV,POUDRE POUR SUSPENSION BUVABLE,"100MG/12,5MG",ANTIBIOTIQUE BETA-LACTAMINE PENICILLINE+INHIBITEUR DES BETA-LACTAMASES,60,MILLILITRES,SPECIALITE,FLACON,3995,3995,80,REMBOURSABLE
0002394,"AUGMENTIN NRS PDRE SUSP BUV 100MG/12,5MG",AMOXICLAV,POUDRE POUR SUSPENSION BUVABLE,"100MG/12,5MG",ANTIBIOTIQUE BETA-LACTAMINE PENICILLINE+INHIBITEUR DES BETA-LACTAMASES,30,MILLILITRES,SPECIALITE,FLACON,2135,2135,80,REMBOURSABLE
0004604,"CREACLAV PDRE SUSP BUV 100MG/12,5MG FL/30ML",AMOXICLAV,POUDRE POUR SUSPENSION BUVABLE,"100MG/12,5MG",ANTIBIOTIQUE BETA-LACTAMINE PENICILLINE+INHIBITEUR DES BETA-LACTAMASES,30,MILLILITRES,GENERIQUE,FLACON,1720,1720,80,REMBOURSABLE
0004603,"CREACLAV PDRE SUSP BUV 100MG/12,5MG FL/60ML",AMOXICLAV,POUDRE POUR SUSPENSION BUVABLE,"100MG/12,5MG",ANTIBIOTIQUE BETA-LACTAMINE PENICILLINE+INHIBITEUR DES BETA-LACTAMASES,60,MILLILITRES,GENERIQUE,FLACON,2470,2470,80,REMBOURSABLE
0004452,"CURAM PDRE SUSP BUV 100MG/12,5MG FL/30ML",AMOXICLAV,POUDRE POUR SUSPENSION BUVABLE,"100MG/12,5MG",ANTIBIOTIQUE BETA-LACTAMINE PENICILLINE+INHIBITEUR DES BETA-LACTAMASES,30,MILLILITRES,GENERIQUE,FLACON,2135,2135,80,REMBOURSABLE
0004454,"CURAM PDRE SUSP BUV 100MG/12,5MG FL/60ML",AMOXICLAV,POUDRE POUR SUSPENSION BUVABLE,"100MG/12,5MG",ANTIBIOTIQUE BETA-LACTAMINE PENICILLINE+INHIBITEUR DES BETA-LACTAMASES,60,MILLILITRES,GENERIQUE,FLACON,3790,3790,80,REMBOURSABLE
0004770,"IMUCLAV DUO PDRE SUSP BUV 100MG/12,5MG",AMOXICLAV,POUDRE POUR SUSPENSION BUVABLE,"100MG/12,5MG",ANTIBIOTIQUE BETA-LACTAMINE PENICILLINE+INHIBITEUR DES BETA-LACTAMASES,60,MILLILITRES,GENERIQUE,FLACON,3400,3400,80,REMBOURSABLE
0004558,"SOCLAV PDRE SUSP BUV 100MG/12,5MG FL/30ML",AMOXICLAV,POUDRE POUR SUSPENSION BUVABLE,"100MG/12,5MG",ANTIBIOTIQUE BETA-LACTAMINE PENICILLINE+INHIBITEUR DES BETA-LACTAMASES,30,MILLILITRES,GENERIQUE,FLACON,2870,2211,80,REMBOURSABLE
0004560,"SOCLAV PDRE SUSP BUV 100MG/12,5MG FL/60ML",AMOXICLAV,POUDRE POUR SUSPENSION BUVABLE,"100MG/12,5MG",ANTIBIOTIQUE BETA-LACTAMINE PENICILLINE+INHIBITEUR DES BETA-LACTAMASES,60,MILLILITRES,GENERIQUE,FLACON,3675,3675,80,REMBOURSABLE
0003560,"ZAMOX ENFANT PDRE SUSP BUV 100MG/12,5MG",AMOXICLAV,POUDRE POUR SUSPENSION BUVABLE,"100MG/12,5MG",ANTIBIOTIQUE BETA-LACTAMINE PENICILLINE+INHIBITEUR DES BETA-LACTAMASES,60,MILLILITRES,GENERIQUE,FLACON,3800,3800,80,REMBOURSABLE
0003442,"ZAMOX NRS PDRE SUSP BUV 100MG/12,5MG",AMOXICLAV,POUDRE POUR SUSPENSION BUVABLE,"100MG/12,5MG",ANTIBIOTIQUE BETA-LACTAMINE PENICILLINE+INHIBITEUR DES BETA-LACTAMASES,30,MILLILITRES,GENERIQUE,FLACON,2710,2211,80,REMBOURSABLE
0003559,"CLAVAM PDRE SUSP BUV 250MG/31,25MG",AMOXICLAV,POUDRE POUR SUSPENSION BUVABLE,"250MG/31,25MG",ANTIBIOTIQUE BETA-LACTAMINE PENICILLINE+INHIBITEUR DES BETA-LACTAMASES,60,MILLILITRES,GENERIQUE,FLACON,2940,2940,80,REMBOURSABLE
0004445,"CLAVUMOCCID PDRE SUSP BUV 250MG/31,5MG",AMOXICLAV,POUDRE POUR SUSPENSION BUVABLE,"250MG/31,25MG",ANTIBIOTIQUE BETA-LACTAMINE PENICILLINE+INHIBITEUR DES BETA-LACTAMASES,60,MILLILITRES,GENERIQUE,FLACON,5795,3234,80,REMBOURSABLE
0004771,"IMUCLAV ULTRA PDRE SUSP BUV 250MG/31,25MG",AMOXICLAV,POUDRE POUR SUSPENSION BUVABLE,"250MG/31,25MG",ANTIBIOTIQUE BETA-LACTAMINE PENICILLINE+INHIBITEUR DES BETA-LACTAMASES,60,MILLILITRES,GENERIQUE,FLACON,3905,3234,80,REMBOURSABLE
0003398,"CLAVAM PDRE SUSP BUV 500MG/62,5MG",AMOXICLAV,POUDRE POUR SUSPENSION BUVABLE,"500MG/62,5MG",ANTIBIOTIQUE BETA-LACTAMINE PENICILLINE+INHIBITEUR DES BETA-LACTAMASES,60,MILLILITRES,GENERIQUE,FLACON,3180,3180,80,REMBOURSABLE
0003440,LA PIPERA  PDRE SOL INJ 400MG/500MG,PIPERACILLINE+TAZOBACTAM,POUDRE POUR SOLUTION INJECTABLE,4000MG/500MG,ANTIBIOTIQUE BETA-LACTAMINE PENICILLINE+INHIBITEUR DES BETA-LACTAMASES,1,FLACON,GENERIQUE,BOITE,6275,6275,80,ENTENTE PREALABLE
0004848,DALACINE GELULE 150MG,CLINDAMYCINE,GELULE,150MG,ANTIBIOTIQUE CYCLINE,16,GELULES,SPECIALITE,BOITE,8800,8800,80,REMBOURSABLE
0004847,DALACINE GELULE 75MG,CLINDAMYCINE,GELULE,75MG,ANTIBIOTIQUE CYCLINE,12,GELULES,SPECIALITE,BOITE,3600,3600,80,REMBOURSABLE
0004846,DOXYCLICINE CREAT COMP 100MG BLISTER/10,DOXYCYCLINE,COMPRIME,100MG,ANTIBIOTIQUE CYCLINE,10,COMPRIMES,GENERIQUE,BLISTER,410,390,80,REMBOURSABLE
C000063,DOXYCYCLINE COMP 100MG BLISTER/10,DOXYCYCLINE,COMPRIME,100MG,ANTIBIOTIQUE CYCLINE,10,COMPRIMES,CAMEG,BLISTER,350,350,80,REMBOURSABLE
0000459,DOXYNOR COMP 100MG,DOXYCYCLINE,COMPRIME,100MG,ANTIBIOTIQUE CYCLINE,20,COMPRIMES,GENERIQUE,BOITE,3445,770,80,REMBOURSABLE
0000470,DOXY COMP 200MG,DOXYCYCLINE,COMPRIME,200MG,ANTIBIOTIQUE CYCLINE,8,COMPRIMES,GENERIQUE,BOITE,1735,792,80,REMBOURSABLE
C000067,DOXYCYCLINE COMP 200MG BLISTER/10,DOXYCYCLINE,COMPRIME,200MG,ANTIBIOTIQUE CYCLINE,10,COMPRIMES,CAMEG,BLISTER,560,560,80,REMBOURSABLE
0000476,DOXYCYCLINE CREAT COMP 200MG BLISTER/10,DOXYCYCLINE,COMPRIME,200MG,ANTIBIOTIQUE CYCLINE,10,COMPRIMES,GENERIQUE,BLISTER,900,900,80,REMBOURSABLE
0000465,GYNECLINE COMP 200MG,DOXYCYCLINE,COMPRIME,200MG,ANTIBIOTIQUE CYCLINE,10,COMPRIMES,GENERIQUE,BOITE,2160,990,80,REMBOURSABLE
0000472,LONGAMYCINE COMP 200MG,DOXYCYCLINE,COMPRIME,200MG,ANTIBIOTIQUE CYCLINE,8,COMPRIMES,GENERIQUE,BOITE,1665,792,80,REMBOURSABLE
0000462,VIBRA COMP 200MG,DOXYCYCLINE,COMPRIME,200MG,ANTIBIOTIQUE CYCLINE,8,COMPRIMES,SPECIALITE,BOITE,7880,792,80,REMBOURSABLE
0000181,TETRACYCLINE GGIA GELULE 250MG,TETRACYCLINE,GELULE,250MG,ANTIBIOTIQUE CYCLINE,16,GELULES,GENERIQUE,BOITE,705,705,80,REMBOURSABLE
0000951,FUCIDINE COMP 250MG,ACIDE FUSIDIQUE,COMPRIME,250MG,ANTIBIOTIQUE DIVERS,10,COMPRIMES,SPECIALITE,BOITE,9105,9105,80,REMBOURSABLE
0001284,COLIMYCINE PDRE SOL INJ 1MUI,COLISTINE,POUDRE POUR SOLUTION INJECTABLE,1MUI,ANTIBIOTIQUE DIVERS,1,FLACON,SPECIALITE,BOITE,600,600,80,REMBOURSABLE
0004479,FOSMOL SACHET 3G,FOSFOMYCINE TROMETAMOL,POUDRE EN SACHET,3G,ANTIBIOTIQUE DIVERS,1,SACHET,GENERIQUE,BOITE,4570,4570,80,REMBOURSABLE
0002112,MONURIL SACHET 3G,FOSFOMYCINE TROMETAMOL,POUDRE EN SACHET,3G,ANTIBIOTIQUE DIVERS,1,SACHET,SPECIALITE,BOITE,6645,6645,80,REMBOURSABLE
0004661,UROFAST SACHET 3G,FOSFOMYCINE TROMETAMOL,POUDRE EN SACHET,3G,ANTIBIOTIQUE DIVERS,1,SACHET,GENERIQUE,BOITE,5050,5050,80,REMBOURSABLE
0000014,LINCOMYCINE CREAT GELULE 500MG BLISTER/12,LINCOMYCINE,GELULE,500MG,ANTIBIOTIQUE LINCOSAMIDE,12,GELULES,GENERIQUE,BLISTER,1265,1265,80,REMBOURSABLE
0001179,LINCOCINE SIROP 250MG,LINCOMYCINE,SIROP,250MG,ANTIBIOTIQUE LINCOSAMIDE,60,MILLILITRES,SPECIALITE,FLACON,2570,2570,80,REMBOURSABLE
0001184,LINCOCINE SOL INJ 600MG,LINCOMYCINE,SOLUTION INJECTABLE,600MG,ANTIBIOTIQUE LINCOSAMIDE,1,AMPOULE,SPECIALITE,BOITE,1640,1640,80,REMBOURSABLE
0002119,ISOFRA SPRAY NASAL 800UI,FRAMYCETINE,SUSPENSION POUR PULVERISATION NASALE,800MUI,ANTIBIOTIQUE LOCAL AMINOSIDE,15,MILLILITRES,SPECIALITE,FLACON,1345,1345,80,REMBOURSABLE
0004413,"ACUIGEN COLLYRE 0,3%",GENTAMICINE,COLLYRE,"0,3%",ANTIBIOTIQUE LOCAL AMINOSIDE,5,MILLILITRES,GENERIQUE,FLACON,860,860,80,REMBOURSABLE
C000122,"GENTAMICINE COLLYRE 0,3%",GENTAMICINE,COLLYRE,"0,3%",ANTIBIOTIQUE LOCAL AMINOSIDE,5,MILLILITRES,CAMEG,FLACON,505,505,80,REMBOURSABLE
0000068,"GENTASOL COLLYRE 0,3%",GENTAMICINE,COLLYRE,"0,3%",ANTIBIOTIQUE LOCAL AMINOSIDE,5,MILLILITRES,GENERIQUE,FLACON,885,885,80,REMBOURSABLE
0004185,"OPHTACINE COLLYRE 0,3%",GENTAMICINE,COLLYRE,"0,3%",ANTIBIOTIQUE LOCAL AMINOSIDE,5,MILLILITRES,GENERIQUE,FLACON,1150,974,80,REMBOURSABLE
0004426,"AVAZIR COLLYRE 0,3%",TOBRAMYCINE,COLLYRE,"0,3%",ANTIBIOTIQUE LOCAL AMINOSIDE,10,MILLILITRES,GENERIQUE,FLACON,1925,1925,80,REMBOURSABLE
0005113,"TCINEX COLLYRE 0,3%",TOBRAMYCINE,COLLYRE,"0,3%",ANTIBIOTIQUE LOCAL AMINOSIDE,5,MILLILITRES,GENERIQUE,FLACON,1450,1450,80,REMBOURSABLE
0000363,"TOBREX COLLYRE 0,3%",TOBRAMYCINE,COLLYRE,"0,3%",ANTIBIOTIQUE LOCAL AMINOSIDE,5,MILLILITRES,SPECIALITE,FLACON,1720,1720,80,REMBOURSABLE
0002218,"TOBREX PDE OPHTA 0,3%",TOBRAMYCINE,POMMADE OPHTALMIQUE,"0,3%",ANTIBIOTIQUE LOCAL AMINOSIDE,5,GRAMMES,SPECIALITE,TUBE,1720,1720,80,REMBOURSABLE
0000584,BANEOCIN POMMADE,BACITRACINE+NEOMYCINE,POMMADE,250UI/500UI,ANTIBIOTIQUE LOCAL ASSOCIATION,20,GRAMMES,SPECIALITE,TUBE,1380,1380,80,REMBOURSABLE
0000822,BANEOCIN POUDRE,BACITRACINE+NEOMYCINE,POUDRE,250UI/500UI,ANTIBIOTIQUE LOCAL ASSOCIATION,10,GRAMMES,SPECIALITE,TUBE,1295,1295,80,REMBOURSABLE
0000692,VINCISEPTIL OTICO SOL AUR,BENZYDAMINE+FLUOCINOLONE+TETRACAINE+NEOMYCINE+POLYMYXINE B,SOLUTION AURICULAIRE,"30MG/300MG/1,33MG/5MG/10UI",ANTIBIOTIQUE LOCAL ASSOCIATION,10,MILLILITRES,SPECIALITE,FLACON,1605,1605,80,REMBOURSABLE
0001766,CETRAXAL PLUS SOL AUR,CIPROFLOXACINE+FLUOCINOLONE,SOLUTION AURICULAIRE,"3MG/0,25MG",ANTIBIOTIQUE LOCAL ASSOCIATION,10,MILLILITRES,SPECIALITE,FLACON,4580,4580,80,REMBOURSABLE
0001811,PANOTILE SOL AUR,FLUDROCORTISONE+POLYMYXINE B+NEOMYCINE+LIDOCAINE,SOLUTION AURICULAIRE,8MG/8000UI/80MG/320MG,ANTIBIOTIQUE LOCAL ASSOCIATION,8,MILLILITRES,SPECIALITE,FLACON,1490,1490,80,REMBOURSABLE
0002130,FRAKIDEX COLLYRE,FRAMYCETINE+DEXAMETHASONE,COLLYRE,15750UI/5MG,ANTIBIOTIQUE LOCAL ASSOCIATION,5,MILLILITRES,SPECIALITE,FLACON,1575,1575,80,REMBOURSABLE
0002136,FRAKIDEX PDE OPHTA,FRAMYCETINE+DEXAMETHASONE,POMMADE OPHTALMIQUE,31500UI/5MG,ANTIBIOTIQUE LOCAL ASSOCIATION,15,GRAMMES,SPECIALITE,TUBE,1090,1090,80,REMBOURSABLE
0001066,CHIBRO CADRON COLLYRE,NEOMYCINE+DEXAMETHASONE,COLLYRE,"350MUI/109,3MG",ANTIBIOTIQUE LOCAL ASSOCIATION,5,MILLILITRES,SPECIALITE,FLACON,1675,1675,80,REMBOURSABLE
0004513,NEODEX COLLYRE,NEOMYCINE+DEXAMETHASONE,COLLYRE,"350MUI/109,3MG",ANTIBIOTIQUE LOCAL ASSOCIATION,5,MILLILITRES,GENERIQUE,FLACON,1545,1545,80,REMBOURSABLE
0001070,NEOMDEXSOL COLLYRE,NEOMYCINE+DEXAMETHASONE,COLLYRE,"350MUI/109,3MG",ANTIBIOTIQUE LOCAL ASSOCIATION,5,MILLILITRES,GENERIQUE,FLACON,805,805,80,REMBOURSABLE
0001098,CEBEMYXINE,NEOMYCINE+POLYMYXINE B,COLLYRE,3400UI/10000UI,ANTIBIOTIQUE LOCAL ASSOCIATION,10,MILLILITRES,SPECIALITE,FLACON,1425,1425,80,REMBOURSABLE
0001088,POSITON CREME,NEOMYCINE+POLYMYXINE B,CREME,250MG/10MUI/100MG,ANTIBIOTIQUE LOCAL ASSOCIATION,30,GRAMMES,GENERIQUE,TUBE,2525,2525,80,REMBOURSABLE
0001092,POSITON POMMADE,NEOMYCINE+POLYMYXINE B,POMMADE,250MG/10MUI/100MG,ANTIBIOTIQUE LOCAL ASSOCIATION,30,GRAMMES,GENERIQUE,TUBE,2525,2525,80,REMBOURSABLE
0002537,CEBEMYXINE PDE OPHTA,NEOMYCINE+POLYMYXINE B,POMMADE OPHTALMIQUE,3400UI/10000UI,ANTIBIOTIQUE LOCAL ASSOCIATION,5,GRAMMES,SPECIALITE,TUBE,920,920,80,REMBOURSABLE
0001108,MAXIDROL COLLYRE,NEOMYCINE+POLYMYXINE B+DEXAMETHASONE,COLLYRE,10500UI/18000UI/3MG,ANTIBIOTIQUE LOCAL ASSOCIATION,3,MILLILITRES,SPECIALITE,FLACON,1550,1550,80,REMBOURSABLE
0005112,PONYADEX COLLYRE,NEOMYCINE+POLYMYXINE B+DEXAMETHASONE,COLLYRE,10500UI/18000UI/3MG,ANTIBIOTIQUE LOCAL ASSOCIATION,5,MILLILITRES,GENERIQUE,FLACON,1450,1450,80,REMBOURSABLE
0001112,MAXIDROL PDE OPHTA,NEOMYCINE+POLYMYXINE B+DEXAMETHASONE,POMMADE OPHTALMIQUE,3500Ul/6000UI/1MG,ANTIBIOTIQUE LOCAL ASSOCIATION,4,GRAMMES,SPECIALITE,TUBE,1150,1150,80,REMBOURSABLE
0001120,POLYDEXA SOL AUR,NEOMYCINE+POLYMYXINE B+DEXAMETHASONE,SOLUTION AURICULAIRE,10MG/10000UI/1MG,ANTIBIOTIQUE LOCAL ASSOCIATION,10,MILLILITRES,SPECIALITE,FLACON,1550,1550,80,REMBOURSABLE
0000010,STERDEX PDE OPHTA,OXYTETRACYCLINE+DEXAMETHASONE,POMMADE OPHTALMIQUE,"1,335MG/0,67MG",ANTIBIOTIQUE LOCAL ASSOCIATION,12,DOSES,SPECIALITE,FLACON,1620,1620,80,REMBOURSABLE
0000029,AURICULARUM PDRE SUSP AUR,OXYTETRACYCLINE+POLYMYXINE B+DEXAMETHASONE+NYSTATINE,POUDRE POUR SUSPENSION AURICULAIRE,"10MG/1,23MG/0,1MUI",ANTIBIOTIQUE LOCAL ASSOCIATION,10,MILLILITRES,SPECIALITE,FLACON,5680,5680,80,REMBOURSABLE
0003465,NECIN-3 CREME,POLYMYXINE B+BACITRACINE+NEOMYCINE,CREME,5000UI/400UI/3400UI,ANTIBIOTIQUE LOCAL ASSOCIATION,15,GRAMMES,GENERIQUE,TUBE,2180,2180,80,REMBOURSABLE
0001142,"NEOPRED COLLYRE  27,5MG/17500UI",PREDNISOLONE+NEOMYCINE,COLLYRE,"27,5MG/17500UI",ANTIBIOTIQUE LOCAL ASSOCIATION,5,MILLILITRES,SPECIALITE,FLACON,2240,2140,80,REMBOURSABLE
0004303,BURNCOOL CREME,SULFADIAZINE ARGENTIQUE+CHLORHEXIDINE,CREME,"1%/0,20%",ANTIBIOTIQUE LOCAL ASSOCIATION,15,GRAMMES,GENERIQUE,TUBE,2295,908,80,REMBOURSABLE
0001178,SILVEREX CREME TUBE/250G,SULFADIAZINE ARGENTIQUE+CHLORHEXIDINE,CREME,"1%/0,20%",ANTIBIOTIQUE LOCAL ASSOCIATION,250,GRAMMES,SPECIALITE,TUBE,7345,7345,80,REMBOURSABLE
0001174,SILVEREX CREME TUBE/25G,SULFADIAZINE ARGENTIQUE+CHLORHEXIDINE,CREME,"1%/0,20%",ANTIBIOTIQUE LOCAL ASSOCIATION,25,GRAMMES,SPECIALITE,TUBE,1230,1230,80,REMBOURSABLE
0004449,CO-AVAZIR COLLYRE,TOBRAMYCINE+DEXAMETHASONE,COLLYRE,"0,3%/0,1%",ANTIBIOTIQUE LOCAL ASSOCIATION,5,MILLILITRES,GENERIQUE,FLACON,1575,1575,80,REMBOURSABLE
0000370,RAMIDEX COLLYRE,TOBRAMYCINE+DEXAMETHASONE,COLLYRE,"0,3%/0,1%",ANTIBIOTIQUE LOCAL ASSOCIATION,5,MILLILITRES,GENERIQUE,FLACON,1720,1720,80,REMBOURSABLE
0002225,TOBRADEX COLLYRE,TOBRAMYCINE+DEXAMETHASONE,COLLYRE,"0,3%/0,1%",ANTIBIOTIQUE LOCAL ASSOCIATION,5,MILLILITRES,SPECIALITE,FLACON,2500,1892,80,REMBOURSABLE
0002230,TOBRADEX PDE OPHTA,TOBRAMYCINE+DEXAMETHASONE,POMMADE OPHTALMIQUE,"0,3%/0,1%",ANTIBIOTIQUE LOCAL ASSOCIATION,4,GRAMMES,SPECIALITE,TUBE,3010,3010,80,REMBOURSABLE
0000427,AUREOMYCINE POMMADE 3%,CHLORTETRACYCLINE,POMMADE,3%,ANTIBIOTIQUE LOCAL CYCLINE,15,GRAMMES,GENERIQUE,TUBE,515,515,80,REMBOURSABLE
0001134,AUREOMYCINE PDE OPHTA 1%,CHLORTETRACYCLINE,POMMADE OPHTALMIQUE,1%,ANTIBIOTIQUE LOCAL CYCLINE,5,GRAMMES,SPECIALITE,TUBE,345,345,80,REMBOURSABLE
0004527,OFUSIDIC COLLYRE 1%,ACIDE FUSIDIQUE,COLLYRE,1%,ANTIBIOTIQUE LOCAL DIVERS,5,MILLILITRES,GENERIQUE,FLACON,3500,3500,80,REMBOURSABLE
0004849,ACIDE FUSIDIQUE UBI CREME 2%,ACIDE FUSIDIQUE,CREME,2%,ANTIBIOTIQUE LOCAL DIVERS,15,GRAMMES,GENERIQUE,TUBE,1250,1250,80,REMBOURSABLE
0000965,FUCIDINE CREME 2%,ACIDE FUSIDIQUE,CREME,2%,ANTIBIOTIQUE LOCAL DIVERS,15,GRAMMES,SPECIALITE,TUBE,1975,1975,80,REMBOURSABLE
0003304,FUSIDERM CREME 2%,ACIDE FUSIDIQUE,CREME,2%,ANTIBIOTIQUE LOCAL DIVERS,15,GRAMMES,GENERIQUE,TUBE,1720,1720,80,REMBOURSABLE
0000989,FUCITHALMIC GEL OPHTA 1%,ACIDE FUSIDIQUE,GEL OPHTALMIQUE,1%,ANTIBIOTIQUE LOCAL DIVERS,3,GRAMMES,SPECIALITE,TUBE,2330,2330,80,REMBOURSABLE
0002550,FUCIDINE POMMADE 2%,ACIDE FUSIDIQUE,POMMADE,2%,ANTIBIOTIQUE LOCAL DIVERS,15,GRAMMES,SPECIALITE,TUBE,1975,1975,80,REMBOURSABLE
0004729,NADICLOX POMMADE 2%,ACIDE FUSIDIQUE,POMMADE,2%,ANTIBIOTIQUE LOCAL DIVERS,15,GRAMMES,GENERIQUE,TUBE,1870,1870,80,REMBOURSABLE
0000786,RIFAMYCINE CHIBRET COLLYRE 1%,RIFAMYCINE,COLLYRE,1%,ANTIBIOTIQUE LOCAL DIVERS,10,MILLILITRES,SPECIALITE,FLACON,2160,2160,80,REMBOURSABLE
0000790,RIFAMYCINE CHIBRET PDE OPHTA 1%,RIFAMYCINE,POMMADE OPHTALMIQUE,1%,ANTIBIOTIQUE LOCAL DIVERS,5,GRAMMES,SPECIALITE,TUBE,1655,1655,80,REMBOURSABLE
0000778,OTOFA SOL AUR 2MUI,RIFAMYCINE,SOLUTION AURICULAIRE,2MUI,ANTIBIOTIQUE LOCAL DIVERS,10,MILLILITRES,SPECIALITE,FLACON,2435,2435,80,REMBOURSABLE
0000456,"AZYTER COLLYRE 1,5% FL/UNIDOSE",AZITHROMYCINE,COLLYRE,"1,5%",ANTIBIOTIQUE LOCAL MACROLIDE,6,FLACONS,SPECIALITE,BOITE,4590,4590,80,REMBOURSABLE
0001655,ERYFLUID SOL EXT 4%,ERYTHROMYCINE,SOLUTION EXTERNE,4%,ANTIBIOTIQUE LOCAL MACROLIDE,100,MILLILITRES,SPECIALITE,FLACON,3970,3970,80,REMBOURSABLE
0004731,"BONCIPRO COLLYRE 0,3%",CIPROFLOXACINE,COLLYRE,"0,3%",ANTIBIOTIQUE LOCAL QUINOLONE,5,MILLILITRES,GENERIQUE,FLACON,1720,1720,80,REMBOURSABLE
0001814,"CILOXAN COLLYRE 0,3%",CIPROFLOXACINE,COLLYRE,"0,3%",ANTIBIOTIQUE LOCAL QUINOLONE,5,MILLILITRES,SPECIALITE,FLACON,3410,2525,80,REMBOURSABLE
0001818,"CIPRO COLLYRE 0,3%",CIPROFLOXACINE,COLLYRE,"0,3%",ANTIBIOTIQUE LOCAL QUINOLONE,5,MILLILITRES,GENERIQUE,FLACON,2780,2525,80,REMBOURSABLE
0004441,"CIPROCON COLLYRE 0,3%",CIPROFLOXACINE,COLLYRE,"0,3%",ANTIBIOTIQUE LOCAL QUINOLONE,5,MILLILITRES,GENERIQUE,FLACON,1605,1605,80,REMBOURSABLE
0001638,"CILOXAN PDE OPHTA 0,3%",CIPROFLOXACINE,POMMADE OPHTALMIQUE,"0,3%",ANTIBIOTIQUE LOCAL QUINOLONE,4,GRAMMES,SPECIALITE,TUBE,3905,3905,80,REMBOURSABLE
0001759,CETRAXAL OTICO SOL AUR,CIPROFLOXACINE,SOLUTION AURICULAIRE,2MG,ANTIBIOTIQUE LOCAL QUINOLONE,10,MILLILITRES,SPECIALITE,FLACON,4020,4020,80,REMBOURSABLE
0003822,"GATISTAR COLLYRE 0,3%",GATIFLOXACINE,COLLYRE,"0,3%",ANTIBIOTIQUE LOCAL QUINOLONE,5,MILLILITRES,GENERIQUE,FLACON,2895,2895,80,REMBOURSABLE
0004589,APDROPS 5MG/ML,MOXIFLOXACINE,COLLYRE,5MG/ML,ANTIBIOTIQUE LOCAL QUINOLONE,3,MILLILITRES,GENERIQUE,FLACON,2585,1392,80,REMBOURSABLE
0004802,FORTYMOX 5MG/ML,MOXIFLOXACINE,COLLYRE,5MG/ML,ANTIBIOTIQUE LOCAL QUINOLONE,10,MILLILITRES,GENERIQUE,FLACON,4880,4675,80,REMBOURSABLE
0004627,MOXICON 5MG/ML,MOXIFLOXACINE,COLLYRE,5MG/ML,ANTIBIOTIQUE LOCAL QUINOLONE,5,MILLILITRES,GENERIQUE,FLACON,2125,2125,80,REMBOURSABLE
0005120,MOXIFLOXACIN TLG COLLYRE 5MG/ML,MOXIFLOXACINE,COLLYRE,5MG/ML,ANTIBIOTIQUE LOCAL QUINOLONE,5,MILLILITRES,GENERIQUE,FLACON,2295,2295,80,REMBOURSABLE
0001876,"CHIBROXINE COLLYRE 0,3%",NORFLOXACINE,COLLYRE,"0,3%",ANTIBIOTIQUE LOCAL QUINOLONE,5,MILLILITRES,SPECIALITE,FLACON,2595,2595,80,REMBOURSABLE
0001865,"FLOXSOL COLLYRE 0,3%",NORFLOXACINE,COLLYRE,"0,3%",ANTIBIOTIQUE LOCAL QUINOLONE,5,MILLILITRES,GENERIQUE,FLACON,885,885,80,REMBOURSABLE
0004516,"NORCINE COLLYRE 0,3%",NORFLOXACINE,COLLYRE,"0,3%",ANTIBIOTIQUE LOCAL QUINOLONE,5,MILLILITRES,GENERIQUE,FLACON,2090,2090,80,REMBOURSABLE
0001928,"OFLOCET SOL AUR 1,5MG/0,5ML FL/UNIDOSE",OFLOXACINE,SOLUTION AURICULAIRE,"1,5G",ANTIBIOTIQUE LOCAL QUINOLONE,20,DOSES,SPECIALITE,FLACON,4730,4730,80,REMBOURSABLE
0001169,FLAMAZINE CREME 1%,SULFADIAZINE,CREME,1%,ANTIBIOTIQUE LOCAL SULFAMIDE,50,GRAMMES,SPECIALITE,TUBE,2810,2810,80,REMBOURSABLE
0004071,AZIC COMP 250MG,AZITHROMYCINE,COMPRIME,250MG,ANTIBIOTIQUE MACROLIDE,6,COMPRIMES,GENERIQUE,BOITE,2585,2528,80,REMBOURSABLE
0000461,AZICURE COMP 250MG,AZITHROMYCINE,COMPRIME,250MG,ANTIBIOTIQUE MACROLIDE,6,COMPRIMES,GENERIQUE,BOITE,3570,2528,80,REMBOURSABLE
0003411,AZITHRIN COMP 250MG,AZITHROMYCINE,COMPRIME,250MG,ANTIBIOTIQUE MACROLIDE,6,COMPRIMES,GENERIQUE,BOITE,2640,2528,80,REMBOURSABLE
C000407,AZITHROMYCINE COMP 250MG BLISTER/6,AZITHROMYCINE,COMPRIME,250MG,ANTIBIOTIQUE MACROLIDE,6,COMPRIMES,CAMEG,BLISTER,1920,1920,80,REMBOURSABLE
0000467,AZITRINE COMP 250MG,AZITHROMYCINE,COMPRIME,250MG,ANTIBIOTIQUE MACROLIDE,6,COMPRIMES,GENERIQUE,BOITE,2295,2295,80,REMBOURSABLE
0000449,ZOCIN COMP 250MG,AZITHROMYCINE,COMPRIME,250MG,ANTIBIOTIQUE MACROLIDE,6,COMPRIMES,GENERIQUE,BOITE,5810,2528,80,REMBOURSABLE
0001154,AZEE COMP 500MG,AZITHROMYCINE,COMPRIME,500MG,ANTIBIOTIQUE MACROLIDE,3,COMPRIMES,GENERIQUE,BOITE,2640,2532,80,REMBOURSABLE
0003798,AZIBACT COMP 500MG,AZITHROMYCINE,COMPRIME,500MG,ANTIBIOTIQUE MACROLIDE,3,COMPRIMES,GENERIQUE,BOITE,3880,2532,80,REMBOURSABLE
0004070,AZIC COMP 500MG,AZITHROMYCINE,COMPRIME,500MG,ANTIBIOTIQUE MACROLIDE,3,COMPRIMES,GENERIQUE,BOITE,2595,2530,80,REMBOURSABLE
0001163,AZICURE COMP 500MG,AZITHROMYCINE,COMPRIME,500MG,ANTIBIOTIQUE MACROLIDE,3,COMPRIMES,GENERIQUE,BOITE,3955,2532,80,REMBOURSABLE
0004427,AZIFAIR COMP 500MG,AZITHROMYCINE,COMPRIME,500MG,ANTIBIOTIQUE MACROLIDE,3,COMPRIMES,GENERIQUE,BOITE,2780,2532,80,REMBOURSABLE
0003445,AZITHRIN COMP 500MG,AZITHROMYCINE,COMPRIME,500MG,ANTIBIOTIQUE MACROLIDE,3,COMPRIMES,GENERIQUE,BOITE,6760,2532,80,REMBOURSABLE
0005044,AZITOME COMP 500MG,AZITHROMYCINE,COMPRIME,500MG,ANTIBIOTIQUE MACROLIDE,3,COMPRIMES,GENERIQUE,BOITE,2500,2500,80,REMBOURSABLE
0004850,AZIVI COMP 500MG,AZITHROMYCINE,COMPRIME,500MG,ANTIBIOTIQUE MACROLIDE,3,COMPRIMES,GENERIQUE,BOITE,1360,1360,80,REMBOURSABLE
0000490,AZIX COMP 500MG,AZITHROMYCINE,COMPRIME,500MG,ANTIBIOTIQUE MACROLIDE,3,COMPRIMES,GENERIQUE,BOITE,5510,2532,80,REMBOURSABLE
0001173,BINOZYT COMP 500MG,AZITHROMYCINE,COMPRIME,500MG,ANTIBIOTIQUE MACROLIDE,3,COMPRIMES,GENERIQUE,BOITE,4590,2532,80,REMBOURSABLE
0003394,CAZITHRO COMP 500MG,AZITHROMYCINE,COMPRIME,500MG,ANTIBIOTIQUE MACROLIDE,3,COMPRIMES,GENERIQUE,BOITE,3455,2532,80,REMBOURSABLE
0004654,CRONOPEN COMP 500MG,AZITHROMYCINE,COMPRIME,500MG,ANTIBIOTIQUE MACROLIDE,3,COMPRIMES,GENERIQUE,BOITE,2885,2530,80,REMBOURSABLE
0003461,IZ COMP 500MG,AZITHROMYCINE,COMPRIME,500MG,ANTIBIOTIQUE MACROLIDE,3,COMPRIMES,GENERIQUE,BOITE,3445,2532,80,REMBOURSABLE
0004075,MACROMAX COMP 500MG,AZITHROMYCINE,COMPRIME,500MG,ANTIBIOTIQUE MACROLIDE,3,COMPRIMES,GENERIQUE,BOITE,5165,2532,80,REMBOURSABLE
0000480,TRIDOSIL COMP 500MG,AZITHROMYCINE,COMPRIME,500MG,ANTIBIOTIQUE MACROLIDE,3,COMPRIMES,GENERIQUE,BOITE,1435,1435,80,REMBOURSABLE
0004077,UNOZIT COMP 500MG,AZITHROMYCINE,COMPRIME,500MG,ANTIBIOTIQUE MACROLIDE,3,COMPRIMES,GENERIQUE,BOITE,3560,2532,80,REMBOURSABLE
0003450,UZET COMP 500MG,AZITHROMYCINE,COMPRIME,500MG,ANTIBIOTIQUE MACROLIDE,3,COMPRIMES,GENERIQUE,BOITE,3710,2532,80,REMBOURSABLE
0003499,VIKTHRO COMP 500MG,AZITHROMYCINE,COMPRIME,500MG,ANTIBIOTIQUE MACROLIDE,3,COMPRIMES,GENERIQUE,BOITE,2295,2295,80,REMBOURSABLE
0000485,ZITHROMAX COMP 500MG,AZITHROMYCINE,COMPRIME,500MG,ANTIBIOTIQUE MACROLIDE,3,COMPRIMES,SPECIALITE,BOITE,9035,2532,80,REMBOURSABLE
0004585,ZITHROTIL COMP 500MG,AZITHROMYCINE,COMPRIME,500MG,ANTIBIOTIQUE MACROLIDE,3,COMPRIMES,GENERIQUE,BOITE,3450,2532,80,REMBOURSABLE
0001141,ZOCIN COMP 500MG,AZITHROMYCINE,COMPRIME,500MG,ANTIBIOTIQUE MACROLIDE,3,COMPRIMES,GENERIQUE,BOITE,4590,2532,80,REMBOURSABLE
0003483,AZITHRO GELULE 250MG,AZITHROMYCINE,GELULE,250MG,ANTIBIOTIQUE MACROLIDE,6,GELULES,GENERIQUE,BOITE,3445,2528,80,REMBOURSABLE
0003378,AZITHRO SACHET 100MG,AZITHROMYCINE,POUDRE EN SACHET,100MG,ANTIBIOTIQUE MACROLIDE,3,SACHETS,GENERIQUE,BOITE,1605,1264,80,REMBOURSABLE
0003570,AZITHRO SACHET 200MG,AZITHROMYCINE,POUDRE EN SACHET,200MG,ANTIBIOTIQUE MACROLIDE,3,SACHETS,GENERIQUE,BOITE,2295,1264,80,REMBOURSABLE
0004072,AZIC PDRE SUSP BUV 100MG/5ML,AZITHROMYCINE,POUDRE POUR SUSPENSION BUVABLE,100MG/5ML,ANTIBIOTIQUE MACROLIDE,15,MILLILITRES,GENERIQUE,FLACON,1625,1625,80,REMBOURSABLE
0005116,AUROTHRIN PDRE SUSP BUV 200MG/5ML,AZITHROMYCINE,POUDRE POUR SUSPENSION BUVABLE,200MG/5ML,ANTIBIOTIQUE MACROLIDE,15,MILLILITRES,GENERIQUE,FLACON,2410,2410,80,REMBOURSABLE
0000776,AZICURE PDRE SUSP BUV 200MG/5ML,AZITHROMYCINE,POUDRE POUR SUSPENSION BUVABLE,200MG/5ML,ANTIBIOTIQUE MACROLIDE,15,MILLILITRES,GENERIQUE,FLACON,3530,2525,80,REMBOURSABLE
0004428,AZIFAIR PDRE SUSP BUV 200MG/5ML,AZITHROMYCINE,POUDRE POUR SUSPENSION BUVABLE,200MG/5ML,ANTIBIOTIQUE MACROLIDE,15,MILLILITRES,GENERIQUE,FLACON,2630,2525,80,REMBOURSABLE
0003612,AZITHRIN PDRE SUSP BUV 200MG/5ML,AZITHROMYCINE,POUDRE POUR SUSPENSION BUVABLE,200MG/5ML,ANTIBIOTIQUE MACROLIDE,15,MILLILITRES,GENERIQUE,BOITE,2295,2295,80,REMBOURSABLE
0004851,AZIVI PDRE SUSP BUV 200MG/5ML,AZITHROMYCINE,POUDRE POUR SUSPENSION BUVABLE,200MG/5ML,ANTIBIOTIQUE MACROLIDE,15,MILLILITRES,GENERIQUE,FLACON,1310,1310,80,REMBOURSABLE
0000783,BINOZYT PDRE SUSP BUV 200MG/5ML,AZITHROMYCINE,POUDRE POUR SUSPENSION BUVABLE,200MG/5ML,ANTIBIOTIQUE MACROLIDE,15,MILLILITRES,GENERIQUE,FLACON,3605,2525,80,REMBOURSABLE
0003596,CAZITHRO PDRE SUSP BUV 200MG/5ML,AZITHROMYCINE,POUDRE POUR SUSPENSION BUVABLE,200MG/5ML,ANTIBIOTIQUE MACROLIDE,15,MILLILITRES,GENERIQUE,FLACON,2295,2295,80,REMBOURSABLE
0003666,IZ PDRE SUSP BUV 200MG/5ML,AZITHROMYCINE,POUDRE POUR SUSPENSION BUVABLE,200MG/5ML,ANTIBIOTIQUE MACROLIDE,15,MILLILITRES,GENERIQUE,FLACON,2490,2490,80,REMBOURSABLE
0004502,MACROMAX PDRE SUSP BUV 200MG/5ML,AZITHROMYCINE,POUDRE POUR SUSPENSION BUVABLE,200MG/5ML,ANTIBIOTIQUE MACROLIDE,30,MILLILITRES,GENERIQUE,FLACON,4880,4880,80,REMBOURSABLE
0004078,VIKTHRO PDRE SUSP BUV 200MG/5ML,AZITHROMYCINE,POUDRE POUR SUSPENSION BUVABLE,200MG/5ML,ANTIBIOTIQUE MACROLIDE,15,MILLILITRES,GENERIQUE,FLACON,1400,1400,80,REMBOURSABLE
0000745,ZITHROMAX PDRE SUSP BUV 200MG/5ML FL/15ML,AZITHROMYCINE,POUDRE POUR SUSPENSION BUVABLE,200MG/5ML,ANTIBIOTIQUE MACROLIDE,15,MILLILITRES,SPECIALITE,FLACON,4395,2525,80,REMBOURSABLE
0000737,"ZITHROMAX PDRE SUSP BUV 200MG/5ML FL/22,5ML",AZITHROMYCINE,POUDRE POUR SUSPENSION BUVABLE,200MG/5ML,ANTIBIOTIQUE MACROLIDE,23,MILLILITRES,SPECIALITE,FLACON,6600,3788,80,REMBOURSABLE
0001148,ZOCIN PDRE SUSP BUV 200MG/5ML,AZITHROMYCINE,POUDRE POUR SUSPENSION BUVABLE,200MG/5ML,ANTIBIOTIQUE MACROLIDE,15,MILLILITRES,GENERIQUE,FLACON,3155,2525,80,REMBOURSABLE
0001452,CLARIVA COMP 250MG,CLARITHROMYCINE,COMPRIME,250MG,ANTIBIOTIQUE MACROLIDE,14,COMPRIMES,GENERIQUE,BOITE,4590,4590,80,REMBOURSABLE
0003449,CLARITRON COMP 500MG,CLARITHROMYCINE,COMPRIME,500MG,ANTIBIOTIQUE MACROLIDE,10,COMPRIMES,GENERIQUE,BOITE,5740,5740,80,REMBOURSABLE
0002587,CLARIVA COMP 500MG,CLARITHROMYCINE,COMPRIME,500MG,ANTIBIOTIQUE MACROLIDE,14,COMPRIMES,GENERIQUE,BOITE,7460,7460,80,REMBOURSABLE
0004499,LARITH XL COMP 500MG,CLARITHROMYCINE,COMPRIME,500MG,ANTIBIOTIQUE MACROLIDE,10,COMPRIMES,GENERIQUE,BOITE,3575,3575,80,REMBOURSABLE
0001492,ZECLAR PDRE SUSP BUV 25MG/ML,CLARITHROMYCINE,POUDRE POUR SUSPENSION BUVABLE,25MG/ML,ANTIBIOTIQUE MACROLIDE,100,MILLILITRES,SPECIALITE,FLACON,5050,5050,80,REMBOURSABLE
C000089,ERYTHROMYCINE COMP 250MG BLISTER/10,ERYTHROMYCINE,COMPRIME,250MG,ANTIBIOTIQUE MACROLIDE,10,COMPRIMES,CAMEG,BOITE,450,450,80,REMBOURSABLE
0004852,ERYTHROMYCINE CREAT COMP 250MG BLISTER/10,ERYTHROMYCINE,COMPRIME,250MG,ANTIBIOTIQUE MACROLIDE,10,COMPRIMES,GENERIQUE,BLISTER,785,500,80,REMBOURSABLE
0001635,CARY COMP 500MG,ERYTHROMYCINE,COMPRIME,500MG,ANTIBIOTIQUE MACROLIDE,10,COMPRIMES,GENERIQUE,BOITE,1190,1045,80,REMBOURSABLE
0001646,ERY COMP 500MG,ERYTHROMYCINE,COMPRIME,500MG,ANTIBIOTIQUE MACROLIDE,20,COMPRIMES,SPECIALITE,BOITE,4065,2090,80,REMBOURSABLE
C000090,ERYTHROMYCINE COMP 500MG BLISTER/10,ERYTHROMYCINE,COMPRIME,500MG,ANTIBIOTIQUE MACROLIDE,10,COMPRIMES,CAMEG,BLISTER,950,950,80,REMBOURSABLE
0004853,ERYTHROMYCINE CREAT COMP 500MG BLISTER/10,ERYTHROMYCINE,COMPRIME,500MG,ANTIBIOTIQUE MACROLIDE,10,COMPRIMES,GENERIQUE,BLISTER,1320,1050,80,REMBOURSABLE
0001660,ERY SACHET 125MG,ERYTHROMYCINE,POUDRE EN SACHET,125MG,ANTIBIOTIQUE MACROLIDE,24,SACHETS,SPECIALITE,BOITE,2340,2340,80,REMBOURSABLE
0001663,ERY SACHET 250MG,ERYTHROMYCINE,POUDRE EN SACHET,250MG,ANTIBIOTIQUE MACROLIDE,24,SACHETS,SPECIALITE,BOITE,2355,1188,80,REMBOURSABLE
0001671,CARY PDRE SUSP BUV 250MG/5ML,ERYTHROMYCINE,POUDRE POUR SUSPENSION BUVABLE,250MG/5ML,ANTIBIOTIQUE MACROLIDE,60,MILLILITRES,GENERIQUE,FLACON,1080,1080,80,REMBOURSABLE
0000983,JOSACINE COMP 500MG,JOSAMYCINE,COMPRIME,500MG,ANTIBIOTIQUE MACROLIDE,20,COMPRIMES,SPECIALITE,BOITE,10240,10240,80,REMBOURSABLE
0000993,JOSACINE PDRE SUPS BUV 125MG,JOSAMYCINE,POUDRE POUR SUSPENSION BUVABLE,125MG,ANTIBIOTIQUE MACROLIDE,60,MILLILITRES,SPECIALITE,FLACON,2835,2835,80,REMBOURSABLE
0000998,JOSACINE PDRE SUSP BUV 250MG,JOSAMYCINE,POUDRE POUR SUSPENSION BUVABLE,250MG,ANTIBIOTIQUE MACROLIDE,60,MILLILITRES,SPECIALITE,FLACON,4490,4490,80,REMBOURSABLE
0001002,JOSACINE PDRE SUSP BUV 500MG,JOSAMYCINE,POUDRE POUR SUSPENSION BUVABLE,500MG,ANTIBIOTIQUE MACROLIDE,60,MILLILITRES,SPECIALITE,FLACON,6520,6520,80,REMBOURSABLE
0000009,LINCOCINE GELULE 500MG,LINCOMYCINE,GELULE,500MG,ANTIBIOTIQUE MACROLIDE,12,GELULES,SPECIALITE,BOITE,4065,1518,80,REMBOURSABLE
0003552,ROX-MYCIN COMP 150MG,ROXYTHROMYCINE,COMPRIME,150MG,ANTIBIOTIQUE MACROLIDE,10,COMPRIMES,GENERIQUE,BOITE,2890,2890,80,REMBOURSABLE
0000793,RULID COMP 150MG,ROXYTHROMYCINE,COMPRIME,150MG,ANTIBIOTIQUE MACROLIDE,10,COMPRIMES,SPECIALITE,BOITE,7875,3179,80,REMBOURSABLE
0000797,ROXYL COMP 300MG,ROXYTHROMYCINE,COMPRIME,300MG,ANTIBIOTIQUE MACROLIDE,5,COMPRIMES,GENERIQUE,BOITE,4375,4375,80,REMBOURSABLE
0001089,"DONTOMYCINE COMP 1,5UI",SPIRAMYCINE,COMPRIME,"1,5MUI",ANTIBIOTIQUE MACROLIDE,16,COMPRIMES,GENERIQUE,BOITE,3790,3790,80,REMBOURSABLE
0000633,"ROVAMYCINE COMP 1,5MUI",SPIRAMYCINE,COMPRIME,"1,5MUI",ANTIBIOTIQUE MACROLIDE,16,COMPRIMES,SPECIALITE,BOITE,4245,4245,80,REMBOURSABLE
0001094,DONTOMYCINE COMP 3MUI,SPIRAMYCINE,COMPRIME,3MUI,ANTIBIOTIQUE MACROLIDE,10,COMPRIMES,GENERIQUE,BOITE,3905,3435,80,REMBOURSABLE
0001097,ROVAMYCINE COMP 3MUI,SPIRAMYCINE,COMPRIME,3MUI,ANTIBIOTIQUE MACROLIDE,10,COMPRIMES,SPECIALITE,BOITE,4200,3435,80,REMBOURSABLE
0000746,SPIRALIDE COMP 3MUI B/10,SPIRAMYCINE,COMPRIME,3MUI,ANTIBIOTIQUE MACROLIDE,10,COMPRIMES,GENERIQUE,BOITE,4135,3435,80,REMBOURSABLE
0000632,SPIRALIDE COMP 3MUI B/16,SPIRAMYCINE,COMPRIME,3MUI,ANTIBIOTIQUE MACROLIDE,16,COMPRIMES,GENERIQUE,BOITE,4995,4995,80,REMBOURSABLE
0003876,UNISPIRA COMP 3MUI,SPIRAMYCINE,COMPRIME,3MUI,ANTIBIOTIQUE MACROLIDE,10,COMPRIMES,GENERIQUE,BOITE,2985,2985,80,REMBOURSABLE
0001110,"RODOGYL COMP 0,75MG/125MG",SPIRAMYCINE+METRONIDAZOLE,COMPRIME,"0,75MUI/125MG",ANTIBIOTIQUE MACROLIDE+ANTI-PARASITAIRE ANTI-AMIBIEN,20,COMPRIMES,SPECIALITE,BOITE,6590,6590,80,REMBOURSABLE
0003682,"BIDONTOGYL COMP 1,5MUI/250MG",SPIRAMYCINE+METRONIDAZOLE,COMPRIME,"1,5MUI/250MG",ANTIBIOTIQUE MACROLIDE+ANTI-PARASITAIRE ANTI-AMIBIEN,15,COMPRIMES,GENERIQUE,BOITE,5740,5099,80,REMBOURSABLE
0003547,"BISPIRAZOLE COMP 1,5MUI/250MG",SPIRAMYCINE+METRONIDAZOLE,COMPRIME,"1,5MUI/250MG",ANTIBIOTIQUE MACROLIDE+ANTI-PARASITAIRE ANTI-AMIBIEN,15,COMPRIMES,GENERIQUE,BOITE,4640,4640,80,REMBOURSABLE
0002319,CHLORAMPHENICOL GGIA GELULE 250MG,CHLORAMPHENICOL,GELULE,250MG,ANTIBIOTIQUE PHENICOLE,12,GELULES,GENERIQUE,BOITE,800,800,80,REMBOURSABLE
0000243,SULFOBACTIN COMP 250MG,THIAMPHENICOLE,COMPRIME,250MG,ANTIBIOTIQUE PHENICOLE,16,COMPRIMES,GENERIQUE,BOITE,2390,2390,80,REMBOURSABLE
0000238,THIOBACTIN COMP MG,THIAMPHENICOLE,COMPRIME,250MG,ANTIBIOTIQUE PHENICOLE,16,COMPRIMES,SPECIALITE,BOITE,2615,2615,80,REMBOURSABLE
0002152,GBACTIN COMP 500MG,THIAMPHENICOLE,COMPRIME,500MG,ANTIBIOTIQUE PHENICOLE,24,COMPRIMES,GENERIQUE,BOITE,4135,4135,80,REMBOURSABLE
0002168,SULFOBACTIN COMP 500MG,THIAMPHENICOLE,COMPRIME,500MG,ANTIBIOTIQUE PHENICOLE,20,COMPRIMES,GENERIQUE,BOITE,5680,3791,80,REMBOURSABLE
0002163,THIOBACTIN COMP 500MG,THIAMPHENICOLE,COMPRIME,500MG,ANTIBIOTIQUE PHENICOLE,24,COMPRIMES,SPECIALITE,BOITE,7450,4549,80,REMBOURSABLE
0002177,THIOBACTIN PDRE SUSP BUV 250MG/5ML,THIAMPHENICOLE,POUDRE POUR SUSPENSION BUVABLE,250MG/5ML,ANTIBIOTIQUE PHENICOLE,60,MILLILITRES,SPECIALITE,FLACON,3625,3625,80,REMBOURSABLE
0005070,OFLODIS COMP 200MG,OFLOXACINE,COMPRIME,200MG,ANTIBIOTIQUE QUINOLOLONE,20,COMPRIMES,GENERIQUE,BOITE,4120,4120,80,REMBOURSABLE
0000540,PIPRAM FORT COMP 400MG,ACIDE PIPEMIDIQUE,COMPRIME,400MG,ANTIBIOTIQUE QUINOLONE,10,COMPRIMES,SPECIALITE,BOITE,4545,4545,80,REMBOURSABLE
0001880,CIPROFLOXACINE TM COMP 250MG,CIPROFLOXACINE,COMPRIME,250MG,ANTIBIOTIQUE QUINOLONE,10,COMPRIMES,GENERIQUE,BOITE,1590,1590,80,REMBOURSABLE
0001842,CIPRONAT COMP 250MG,CIPROFLOXACINE,COMPRIME,250MG,ANTIBIOTIQUE QUINOLONE,14,COMPRIMES,GENERIQUE,BOITE,2010,1749,80,REMBOURSABLE
0001860,SERVIFLOX COMP 250MG,CIPROFLOXACINE,COMPRIME,250MG,ANTIBIOTIQUE QUINOLONE,10,COMPRIMES,GENERIQUE,BOITE,2410,1749,80,REMBOURSABLE
0001891,BEUFLOX COMP 500MG,CIPROFLOXACINE,COMPRIME,500MG,ANTIBIOTIQUE QUINOLONE,20,COMPRIMES,GENERIQUE,BOITE,1770,1254,80,REMBOURSABLE
0001570,BONCIPRO COMP 500MG,CIPROFLOXACINE,COMPRIME,500MG,ANTIBIOTIQUE QUINOLONE,20,COMPRIMES,GENERIQUE,BOITE,4020,1254,80,REMBOURSABLE
0003803,CACIP COMP 500MG,CIPROFLOXACINE,COMPRIME,500MG,ANTIBIOTIQUE QUINOLONE,10,COMPRIMES,GENERIQUE,BOITE,1050,627,80,REMBOURSABLE
0004115,CICIAN COMP 500MG,CIPROFLOXACINE,COMPRIME,500MG,ANTIBIOTIQUE QUINOLONE,10,COMPRIMES,GENERIQUE,BOITE,600,600,80,REMBOURSABLE
0001724,CIFRAN COMP 500MG,CIPROFLOXACINE,COMPRIME,500MG,ANTIBIOTIQUE QUINOLONE,10,COMPRIMES,GENERIQUE,BOITE,5945,627,80,REMBOURSABLE
0001576,CIPFIL COMP 500MG,CIPROFLOXACINE,COMPRIME,500MG,ANTIBIOTIQUE QUINOLONE,10,COMPRIMES,GENERIQUE,BOITE,550,550,80,REMBOURSABLE
0002541,CIPLOX COMP 500MG,CIPROFLOXACINE,COMPRIME,500MG,ANTIBIOTIQUE QUINOLONE,20,COMPRIMES,GENERIQUE,BOITE,1150,1150,80,REMBOURSABLE
0001917,CIPRO DENK COMP 500MG,CIPROFLOXACINE,COMPRIME,500MG,ANTIBIOTIQUE QUINOLONE,10,COMPRIMES,GENERIQUE,BOITE,3445,627,80,REMBOURSABLE
C000223,CIPROFLOXACINE COMP 500MG BLISTER/10,CIPROFLOXACINE,COMPRIME,500MG,ANTIBIOTIQUE QUINOLONE,10,COMPRIMES,CAMEG,BOITE,350,350,80,REMBOURSABLE
0001908,CIPROFLOXACINE TM COMP 500MG,CIPROFLOXACINE,COMPRIME,500MG,ANTIBIOTIQUE QUINOLONE,20,COMPRIMES,GENERIQUE,BOITE,2880,1254,80,REMBOURSABLE
0001938,CIPROMED COMP 500MG,CIPROFLOXACINE,COMPRIME,500MG,ANTIBIOTIQUE QUINOLONE,10,COMPRIMES,GENERIQUE,BOITE,1380,627,80,REMBOURSABLE
0001933,CIPRONAT COMP 500MG,CIPROFLOXACINE,COMPRIME,500MG,ANTIBIOTIQUE QUINOLONE,14,COMPRIMES,GENERIQUE,BOITE,2580,878,80,REMBOURSABLE
0001942,CIPROX COMP 500MG,CIPROFLOXACINE,COMPRIME,500MG,ANTIBIOTIQUE QUINOLONE,10,COMPRIMES,GENERIQUE,BOITE,2275,627,80,REMBOURSABLE
0004116,DANCIFLOX COMP 500MG,CIPROFLOXACINE,COMPRIME,500MG,ANTIBIOTIQUE QUINOLONE,20,COMPRIMES,GENERIQUE,BOITE,1366,1254,80,REMBOURSABLE
0003638,FLUOXINE COMP 500MG,CIPROFLOXACINE,COMPRIME,500MG,ANTIBIOTIQUE QUINOLONE,10,COMPRIMES,GENERIQUE,BOITE,1950,627,80,REMBOURSABLE
0001959,MICROFLOX COMP 500MG,CIPROFLOXACINE,COMPRIME,500MG,ANTIBIOTIQUE QUINOLONE,10,COMPRIMES,GENERIQUE,BOITE,1745,627,80,REMBOURSABLE
0001967,Q-BACT COMP 500MG,CIPROFLOXACINE,COMPRIME,500MG,ANTIBIOTIQUE QUINOLONE,10,COMPRIMES,GENERIQUE,BOITE,1015,627,80,REMBOURSABLE
0001971,SERVIFLOX COMP 500MG,CIPROFLOXACINE,COMPRIME,500MG,ANTIBIOTIQUE QUINOLONE,10,COMPRIMES,GENERIQUE,BOITE,3215,627,80,REMBOURSABLE
0001976,TYFLOX COMP 500MG,CIPROFLOXACINE,COMPRIME,500MG,ANTIBIOTIQUE QUINOLONE,10,COMPRIMES,GENERIQUE,BOITE,6315,627,80,REMBOURSABLE
0003799,BD LOX COMP 750MG,CIPROFLOXACINE,COMPRIME,750MG,ANTIBIOTIQUE QUINOLONE,10,COMPRIMES,GENERIQUE,BOITE,2870,891,80,REMBOURSABLE
0001587,BEUFLOX COMP 750MG,CIPROFLOXACINE,COMPRIME,750MG,ANTIBIOTIQUE QUINOLONE,20,COMPRIMES,GENERIQUE,BOITE,2895,1782,80,REMBOURSABLE
0001629,BONCIPRO COMP 750MG,CIPROFLOXACINE,COMPRIME,750MG,ANTIBIOTIQUE QUINOLONE,20,COMPRIMES,GENERIQUE,BOITE,5740,1782,80,REMBOURSABLE
0005118,BONCIPRO COMP 750MG BLISTER/10,CIPROFLOXACINE,COMPRIME,750MG,ANTIBIOTIQUE QUINOLONE,10,COMPRIMES,GENERIQUE,BLISTER,805,805,80,REMBOURSABLE
0003321,CIPROFLOXACINE UBI COMP 750MG BLISTER/10,CIPROFLOXACINE,COMPRIME,750MG,ANTIBIOTIQUE QUINOLONE,10,COMPRIMES,GENERIQUE,BLISTER,805,805,80,REMBOURSABLE
0001600,CIPRONAT COMP 750MG,CIPROFLOXACINE,COMPRIME,750MG,ANTIBIOTIQUE QUINOLONE,14,COMPRIMES,GENERIQUE,BOITE,4880,1248,80,REMBOURSABLE
0003554,CIPROZED COMP 750MG,CIPROFLOXACINE,COMPRIME,750MG,ANTIBIOTIQUE QUINOLONE,10,COMPRIMES,GENERIQUE,BOITE,4590,891,80,REMBOURSABLE
0001746,FLOXIN COMP 750MG,CIPROFLOXACINE,COMPRIME,750MG,ANTIBIOTIQUE QUINOLONE,10,COMPRIMES,GENERIQUE,BOITE,4360,891,80,REMBOURSABLE
0001604,SERVIFLOX COMP 750MG,CIPROFLOXACINE,COMPRIME,750MG,ANTIBIOTIQUE QUINOLONE,10,COMPRIMES,GENERIQUE,BOITE,3800,891,80,REMBOURSABLE
0001620,ZOFLOX COMP 750MG,CIPROFLOXACINE,COMPRIME,750MG,ANTIBIOTIQUE QUINOLONE,10,COMPRIMES,GENERIQUE,BOITE,2870,891,80,REMBOURSABLE
0002552,CIPLOX SOL INJ 2MG/ML,CIPROFLOXACINE,SOLUTION INJECTABLE,2MG/ML,ANTIBIOTIQUE QUINOLONE,100,MILLILITRES,GENERIQUE,FLACON,690,690,80,REMBOURSABLE
0004854,CIPROFLOXACINE CPA SOL INJ 2MG/ML,CIPROFLOXACINE,SOLUTION INJECTABLE,2MG/ML,ANTIBIOTIQUE QUINOLONE,100,MILLILITRES,GENERIQUE,FLACON,590,590,80,REMBOURSABLE
0004599,CIPROFLOXACINE DO PHARMA SOL INJ 2MG/ML,CIPROFLOXACINE,SOLUTION INJECTABLE,2MG/ML,ANTIBIOTIQUE QUINOLONE,100,MILLILITRES,GENERIQUE,FLACON,590,590,80,REMBOURSABLE
0004442,CIPROFLOXACINE KABI SOL INJ 2MG/ML FL/100ML,CIPROFLOXACINE,SOLUTION INJECTABLE,2MG/ML,ANTIBIOTIQUE QUINOLONE,100,MILLILITRES,GENERIQUE,FLACON,2585,660,80,REMBOURSABLE
0004443,CIPROFLOXACINE KABI SOL INJ 2MG/ML FL/200ML,CIPROFLOXACINE,SOLUTION INJECTABLE,2MG/ML,ANTIBIOTIQUE QUINOLONE,200,MILLILITRES,GENERIQUE,FLACON,4890,1320,80,REMBOURSABLE
C000221,CIPROFLOXACINE SOL INJ 2MG/ML,CIPROFLOXACINE,SOLUTION INJECTABLE,2MG/ML,ANTIBIOTIQUE QUINOLONE,100,MILLILITRES,CAMEG,BOITE,640,640,80,REMBOURSABLE
0001667,CIPROFLOXACINE TM SOL INJ 2MG/ML,CIPROFLOXACINE,SOLUTION INJECTABLE,2MG/ML,ANTIBIOTIQUE QUINOLONE,100,MILLILITRES,GENERIQUE,FLACON,590,590,80,REMBOURSABLE
0001672,CIPROFLOXACINE UBI SOL INJ 2MG/ML,CIPROFLOXACINE,SOLUTION INJECTABLE,2MG/ML,ANTIBIOTIQUE QUINOLONE,50,MILLILITRES,GENERIQUE,FLACON,1150,330,80,REMBOURSABLE
0001699,CIPRONAT SOL INJ 2MG/ML,CIPROFLOXACINE,SOLUTION INJECTABLE,2MG/ML,ANTIBIOTIQUE QUINOLONE,100,MILLILITRES,GENERIQUE,FLACON,6315,704,80,REMBOURSABLE
0003295,CIPROX SOL INJ 2MG/ML,CIPROFLOXACINE,SOLUTION INJECTABLE,2MG/ML,ANTIBIOTIQUE QUINOLONE,100,MILLILITRES,GENERIQUE,FLACON,720,704,80,REMBOURSABLE
0005079,NEUCIPRO SOL INJ 2MG/ML,CIPROFLOXACINE,SOLUTION INJECTABLE,2MG/ML,ANTIBIOTIQUE QUINOLONE,100,MILLILITRES,GENERIQUE,FLACON,2295,700,80,REMBOURSABLE
0003836,LEVO DENK COMP 250MG,LEVOFLOXACINE,COMPRIME,250MG,ANTIBIOTIQUE QUINOLONE,10,COMPRIMES,GENERIQUE,BOITE,4365,4365,80,REMBOURSABLE
0004215,ALEVO COMP 500MG,LEVOFLOXACINE,COMPRIME,500MG,ANTIBIOTIQUE QUINOLONE,5,COMPRIMES,GENERIQUE,BOITE,2985,2985,80,REMBOURSABLE
0001302,GLEVO COMP 500MG,LEVOFLOXACINE,COMPRIME,500MG,ANTIBIOTIQUE QUINOLONE,5,COMPRIMES,GENERIQUE,BOITE,6890,3790,80,REMBOURSABLE
0003835,LEVO DENK COMP 500MG,LEVOFLOXACINE,COMPRIME,500MG,ANTIBIOTIQUE QUINOLONE,5,COMPRIMES,GENERIQUE,BOITE,6315,3790,80,REMBOURSABLE
0003838,LEVOBACT COMP 500MG,LEVOFLOXACINE,COMPRIME,500MG,ANTIBIOTIQUE QUINOLONE,5,COMPRIMES,GENERIQUE,BOITE,7000,3790,80,REMBOURSABLE
0003689,LEVORAY COMP 500MG,LEVOFLOXACINE,COMPRIME,500MG,ANTIBIOTIQUE QUINOLONE,5,COMPRIMES,GENERIQUE,BOITE,2915,2915,80,REMBOURSABLE
0003516,LEVOTOP COMP 500MG,LEVOFLOXACINE,COMPRIME,500MG,ANTIBIOTIQUE QUINOLONE,10,COMPRIMES,GENERIQUE,BOITE,7230,7230,80,REMBOURSABLE
0003482,LIVOZED COMP 500MG,LEVOFLOXACINE,COMPRIME,500MG,ANTIBIOTIQUE QUINOLONE,10,COMPRIMES,GENERIQUE,BOITE,6890,6890,80,REMBOURSABLE
0001298,TAVANIC COMP 500MG,LEVOFLOXACINE,COMPRIME,500MG,ANTIBIOTIQUE QUINOLONE,5,COMPRIMES,SPECIALITE,BOITE,8890,3790,80,REMBOURSABLE
0003527,VIKLEVO COMP 500MG,LEVOFLOXACINE,COMPRIME,500MG,ANTIBIOTIQUE QUINOLONE,10,COMPRIMES,GENERIQUE,BOITE,4995,4995,80,REMBOURSABLE
0003711,ZOLINE COMP 500MG,LEVOFLOXACINE,COMPRIME,500MG,ANTIBIOTIQUE QUINOLONE,10,COMPRIMES,GENERIQUE,BOITE,5740,5740,80,REMBOURSABLE
0003839,LEVOBACT COMP 750MG,LEVOFLOXACINE,COMPRIME,750MG,ANTIBIOTIQUE QUINOLONE,10,COMPRIMES,GENERIQUE,BOITE,8745,8745,80,REMBOURSABLE
0001311,MEPAFLOXIN COMP 750MG,LEVOFLOXACINE,COMPRIME,750MG,ANTIBIOTIQUE QUINOLONE,5,COMPRIMES,GENERIQUE,BOITE,4730,4730,80,REMBOURSABLE
0001320,TAVANIC SOL INJ 500MG,LEVOFLOXACINE,SOLUTION INJECTABLE,500MG,ANTIBIOTIQUE QUINOLONE,100,MILLILITRES,SPECIALITE,FLACON,11700,11700,80,ENTENTE PREALABLE
0001893,FLEX NOR COMP 400MG,NORFLOXACINE,COMPRIME,400MG,ANTIBIOTIQUE QUINOLONE,10,COMPRIMES,GENERIQUE,BOITE,1575,1452,80,REMBOURSABLE
0001899,NORFEN COMP 400MG,NORFLOXACINE,COMPRIME,400MG,ANTIBIOTIQUE QUINOLONE,10,COMPRIMES,GENERIQUE,BOITE,4935,2068,80,REMBOURSABLE
0001904,NORFIX COMP 400MG,NORFLOXACINE,COMPRIME,400MG,ANTIBIOTIQUE QUINOLONE,10,COMPRIMES,GENERIQUE,BOITE,4020,2068,80,REMBOURSABLE
0001909,NORFLOXACINE TM COMP 400MG,NORFLOXACINE,COMPRIME,400MG,ANTIBIOTIQUE QUINOLONE,10,COMPRIMES,GENERIQUE,BOITE,1880,1880,80,REMBOURSABLE
0001918,NORFLOXINE CINFA COMP 400MG,NORFLOXACINE,COMPRIME,400MG,ANTIBIOTIQUE QUINOLONE,14,COMPRIMES,GENERIQUE,BOITE,5740,2896,80,REMBOURSABLE
0001885,UROCTAL COMP 400MG,NORFLOXACINE,COMPRIME,400MG,ANTIBIOTIQUE QUINOLONE,14,COMPRIMES,GENERIQUE,BOITE,7785,2896,80,REMBOURSABLE
0004414,ALBACT COMP 200MG,OFLOXACINE,COMPRIME,200MG,ANTIBIOTIQUE QUINOLONE,10,COMPRIMES,GENERIQUE,BOITE,3075,2332,80,REMBOURSABLE
0003126,KETAFLOX COMP 200MG,OFLOXACINE,COMPRIME,200MG,ANTIBIOTIQUE QUINOLONE,10,COMPRIMES,GENERIQUE,BOITE,2295,2295,80,REMBOURSABLE
0002026,OFLOCET COMP 200MG,OFLOXACINE,COMPRIME,200MG,ANTIBIOTIQUE QUINOLONE,10,COMPRIMES,SPECIALITE,BOITE,5165,2332,80,REMBOURSABLE
0002032,OFLOCINE COMP 200MG,OFLOXACINE,COMPRIME,200MG,ANTIBIOTIQUE QUINOLONE,10,COMPRIMES,GENERIQUE,BOITE,3445,2332,80,REMBOURSABLE
0002040,OFLOMAC COMP 400MG,OFLOXACINE,COMPRIME,200MG,ANTIBIOTIQUE QUINOLONE,10,COMPRIMES,GENERIQUE,BOITE,2120,2120,80,REMBOURSABLE
0002054,OFLOXACINE TM COMP 200MG,OFLOXACINE,COMPRIME,200MG,ANTIBIOTIQUE QUINOLONE,10,COMPRIMES,GENERIQUE,BOITE,3445,2332,80,REMBOURSABLE
0004790,ORIXO COMP 200MG,OFLOXACINE,COMPRIME,200MG,ANTIBIOTIQUE QUINOLONE,10,COMPRIMES,GENERIQUE,BOITE,2870,2332,80,REMBOURSABLE
0002048,QUINOLOX COMP 200MG,OFLOXACINE,COMPRIME,200MG,ANTIBIOTIQUE QUINOLONE,10,COMPRIMES,GENERIQUE,BOITE,4020,2332,80,REMBOURSABLE
0004577,UMEFLOX COMP 200MG,OFLOXACINE,COMPRIME,200MG,ANTIBIOTIQUE QUINOLONE,10,COMPRIMES,GENERIQUE,BOITE,3850,2332,80,REMBOURSABLE
0003127,KETAFLOX COMP 400MG,OFLOXACINE,COMPRIME,400MG,ANTIBIOTIQUE QUINOLONE,10,COMPRIMES,GENERIQUE,BOITE,4020,4020,80,REMBOURSABLE
0001945,OFLOCET SOL INJ 2MG/ML,OFLOXACINE,SOLUTION INJECTABLE,2MG/ML,ANTIBIOTIQUE QUINOLONE,100,MILLILITRES,SPECIALITE,FLACON,6885,1650,80,REMBOURSABLE
0001936,OFLOCINE SOL INJ 2MG/ML,OFLOXACINE,SOLUTION INJECTABLE,2MG/ML,ANTIBIOTIQUE QUINOLONE,100,MILLILITRES,GENERIQUE,FLACON,4020,1650,80,REMBOURSABLE
0002074,OFLOMAC SOL INJ 2MG/ML,OFLOXACINE,SOLUTION INJECTABLE,2MG/ML,ANTIBIOTIQUE QUINOLONE,100,MILLILITRES,GENERIQUE,FLACON,1490,1490,80,REMBOURSABLE
0001161,ADIAZINE COMP 500MG,SULFADIAZINE,COMPRIME,500MG,ANTIBIOTIQUE SULFAMIDE,20,COMPRIMES,SPECIALITE,BOITE,2490,2490,80,REMBOURSABLE
0001256,BACTRIM COMP 480MG,SULFAMETHOXAZOLE+TRIMETHOPRIME,COMPRIME,400MG/80MG,ANTIBIOTIQUE SULFAMIDE+DIAMINOPYRIMIDINE,20,COMPRIMES,SPECIALITE,BOITE,1975,330,80,REMBOURSABLE
C000018,COTRIMOXAZOLE COMP 480MG BLISTER/10,SULFAMETHOXAZOLE+TRIMETHOPRIME,COMPRIME,400MG/80MG,ANTIBIOTIQUE SULFAMIDE+DIAMINOPYRIMIDINE,10,COMPRIMES,CAMEG,BLISTER,150,150,80,REMBOURSABLE
0004392,COTRIMOXAZOLE TM COMP 480MG BLISTER/10,SULFAMETHOXAZOLE+TRIMETHOPRIME,COMPRIME,400MG/80MG,ANTIBIOTIQUE SULFAMIDE+DIAMINOPYRIMIDINE,10,COMPRIMES,GENERIQUE,BLISTER,150,146,80,REMBOURSABLE
0003285,COTRIMOXAZOLE UBI COMP 480MG BLISTER/10,SULFAMETHOXAZOLE+TRIMETHOPRIME,COMPRIME,400MG/80MG,ANTIBIOTIQUE SULFAMIDE+DIAMINOPYRIMIDINE,10,COMPRIMES,GENERIQUE,BOITE,220,165,80,REMBOURSABLE
0001266,UCLAPRIM COMP 480MG,SULFAMETHOXAZOLE+TRIMETHOPRIME,COMPRIME,400MG/80MG,ANTIBIOTIQUE SULFAMIDE+DIAMINOPYRIMIDINE,20,COMPRIMES,GENERIQUE,BOITE,1390,1390,80,REMBOURSABLE
0004855,COTRIMOXAZOLE CPA COMP 480MG BLISTER/10,SULFAMETHOXAZOLE+TRIMETHOPRIME,COMPRIME,480MG,ANTIBIOTIQUE SULFAMIDE+DIAMINOPYRIMIDINE,10,COMPRIMES,GENERIQUE,BLISTER,140,140,80,REMBOURSABLE
0004856,COTRIMOXAZOLE CREAT COMP 480MG BLISTER/10,SULFAMETHOXAZOLE+TRIMETHOPRIME,COMPRIME,480MG,ANTIBIOTIQUE SULFAMIDE+DIAMINOPYRIMIDINE,10,COMPRIMES,GENERIQUE,BLISTER,495,170,80,REMBOURSABLE
0001274,BACTRIM FORTE COMP 960MG,SULFAMETHOXAZOLE+TRIMETHOPRIME,COMPRIME,800MG/160MG,ANTIBIOTIQUE SULFAMIDE+DIAMINOPYRIMIDINE,10,COMPRIMES,SPECIALITE,BOITE,2285,633,80,REMBOURSABLE
0003302,COTRIMOXAZOLE UBI FORT COMP 960MG BLISTER/10,SULFAMETHOXAZOLE+TRIMETHOPRIME,COMPRIME,800MG/160MG,ANTIBIOTIQUE SULFAMIDE+DIAMINOPYRIMIDINE,10,COMPRIMES,GENERIQUE,BOITE,575,575,80,REMBOURSABLE
0001314,UCLAPRIM FORTE COMP 960MG,SULFAMETHOXAZOLE+TRIMETHOPRIME,COMPRIME,800MG/160MG,ANTIBIOTIQUE SULFAMIDE+DIAMINOPYRIMIDINE,10,COMPRIMES,GENERIQUE,BOITE,1380,633,80,REMBOURSABLE
0001418,BACTRIM SIROP 240MG,SULFAMETHOXAZOLE+TRIMETHOPRIME,SIROP,200MG/40MG,ANTIBIOTIQUE SULFAMIDE+DIAMINOPYRIMIDINE,100,MILLILITRES,SPECIALITE,FLACON,1800,1392,80,REMBOURSABLE
0001436,BIBACTIN SIROP 240MG,SULFAMETHOXAZOLE+TRIMETHOPRIME,SIROP,200MG/40MG,ANTIBIOTIQUE SULFAMIDE+DIAMINOPYRIMIDINE,100,MILLILITRES,GENERIQUE,FLACON,1265,1265,80,REMBOURSABLE
0004857,COTRIMOXAZOLE CPA SIROP 240MG,SULFAMETHOXAZOLE+TRIMETHOPRIME,SIROP,200MG/40MG,ANTIBIOTIQUE SULFAMIDE+DIAMINOPYRIMIDINE,100,MILLILITRES,GENERIQUE,FLACON,825,825,80,REMBOURSABLE
C000016,COTRIMOXAZOLE SIROP 240MG,SULFAMETHOXAZOLE+TRIMETHOPRIME,SIROP,200MG/40MG,ANTIBIOTIQUE SULFAMIDE+DIAMINOPYRIMIDINE,100,MILLILITRES,CAMEG,FLACON,700,700,80,REMBOURSABLE
0005063,COTRIQUE SIROP 200MG/40MG,SULFAMETHOXAZOLE+TRIMETHOPRIME,SIROP,200MG/40MG,ANTIBIOTIQUE SULFAMIDE+DIAMINOPYRIMIDINE,100,MILLILITRES,GENERIQUE,BOITE,785,785,80,REMBOURSABLE
0001410,UCLAPRIM SIROP 240MG,SULFAMETHOXAZOLE+TRIMETHOPRIME,SIROP,200MG/40MG,ANTIBIOTIQUE SULFAMIDE+DIAMINOPYRIMIDINE,100,MILLILITRES,GENERIQUE,FLACON,1720,1392,80,REMBOURSABLE
0001450,COTRIMOXAZOLE UBI SIROP 480MG,SULFAMETHOXAZOLE+TRIMETHOPRIME,SIROP,400MG/80MG,ANTIBIOTIQUE SULFAMIDE+DIAMINOPYRIMIDINE,100,MILLILITRES,GENERIQUE,FLACON,920,920,80,REMBOURSABLE
0001965,PYOSTACINE COMP 500MG,PRISTINAMYCINE,COMPRIME,500MG,ANTIBIOTIQUE SYNERGISTINE,16,COMPRIMES,SPECIALITE,BOITE,15575,15575,80,ENTENTE PREALABLE
0004664,CARBOPLATINE SOL INJ 150MG/15ML,CARBOPLATINE,SOLUTION INJECTABLE,150MG/15ML,ANTICANCEREUX AGENT ALKYLANT,1,FLACON,GENERIQUE,BOITE,17500,17500,80,TPC
0004665,CARBOPLATINE SOL INJ 450MG/45ML,CARBOPLATINE,SOLUTION INJECTABLE,450MG/45ML,ANTICANCEREUX AGENT ALKYLANT,1,FLACON,GENERIQUE,BOITE,53000,53000,80,TPC
0003784,CHLORAMINOPHENE GELULE 2MG,CHLORAMBUCIL,GELULE,2MG,ANTICANCEREUX AGENT ALKYLANT,30,GELULES,SPECIALITE,BOITE,15990,15990,80,TPC
0004663,CISPLATINE SOL INJ 1MG/ML,CISPLATINE,SOLUTION INJECTABLE,1MG/ML,ANTICANCEREUX AGENT ALKYLANT,1,FLACON,GENERIQUE,BOITE,18600,18600,80,TPC
0004858,CYCLOPHOSPHAMIDE COMP 50MG (ENDOXAN 50),CYCLOPHOSPHAMIDE,COMPRIME,50MG,ANTICANCEREUX AGENT ALKYLANT,30,COMPRIMES,GENERIQUE,BOITE,16500,16500,80,TPC
0003609,CYCLOPHOSPHAMIDE PDRE SOL INJ 500MG (ENDOXAN 500),CYCLOPHOSPHAMIDE,POUDRE POUR SOLUTION INJECTABLE,500MG,ANTICANCEREUX AGENT ALKYLANT,1,FLACON,GENERIQUE,BOITE,3000,3000,80,TPC
0003966,ALKERAN COMP 2MG,MELPHALAN,COMPRIME,2MG,ANTICANCEREUX AGENT ALKYLANT,50,COMPRIMES,SPECIALITE,BOITE,87000,87000,80,TPC
0003964,METAPLATIN SOL INJ 5MG/ML,OXALIPLATINE,SOLUTION INJECTABLE,5MG/ML,ANTICANCEREUX AGENT ALKYLANT,1,FLACON,SPECIALITE,BOITE,137250,137250,80,TPC
0003965,BLEOMYCINE PDRE SOL INJ 15MG,BLEOMYCINE,POUDRE POUR SOLUTION INJECTABLE,15MG,ANTICANCEREUX AGENT INTERCALANT,1,FLACON,SPECIALITE,BOITE,43000,43000,80,TPC
0003233,ADRIBLASTINE SOL INJ 50MG,DOXORUBICINE,SOLUTION INJECTABLE,50MG,ANTICANCEREUX AGENT INTERCALANT,1,FLACON,SPECIALITE,BOITE,55730,37565,80,TPC
0003629,DOXORUBICINE SOL INJ 50MG,DOXORUBICINE,SOLUTION INJECTABLE,50MG,ANTICANCEREUX AGENT INTERCALANT,1,FLACON,GENERIQUE,BOITE,34150,34150,80,TPC
0003633,EPIRUBICINE SOL INJ 2MG/ML,EPIRUBICINE,SOLUTION INJECTABLE,2MG/ML,ANTICANCEREUX AGENT INTERCALANT,1,FLACON,GENERIQUE,BOITE,50000,50000,80,TPC
0003234,FARMORUBICINE SOL INJ 50MG,EPIRUBICINE,SOLUTION INJECTABLE,50MG,ANTICANCEREUX AGENT INTERCALANT,1,FLACON,SPECIALITE,BOITE,93600,55000,80,TPC
0004666,ETOPOSIDE SOL INJ 100MG/5ML,ETOPOSIDE,SOLUTION INJECTABLE,100MG/5ML,ANTICANCEREUX AGENT INTERCALANT,1,FLACON,GENERIQUE,BOITE,46675,46675,80,TPC
0004738,CASODEX COMP 50MG,BICALUTAMIDE,COMPRIME,50MG,ANTICANCEREUX ANTI-ANDROGENE NON STEROIDIEN,30,COMPRIMES,SPECIALITE,BOITE,57395,57395,80,TPC
0004859,TAMOXIFENE COMP 10MG,TAMOXIFENE,COMPRIME,10MG,ANTICANCEREUX ANTI-ANDROGENE NON STEROIDIEN,30,COMPRIMES,GENERIQUE,BOITE,4170,4170,80,TPC
0001358,NOLVADEX COMP 20MG,TAMOXIFENE,COMPRIME,20MG,ANTICANCEREUX ANTI-ANDROGENE NON STEROIDIEN,30,COMPRIMES,SPECIALITE,BOITE,14175,14175,80,TPC
0003923,TAMOXIFENE COMP 20MG,TAMOXIFENE,COMPRIME,20MG,ANTICANCEREUX ANTI-ANDROGENE NON STEROIDIEN,30,COMPRIMES,GENERIQUE,BOITE,6980,6980,80,TPC
0004588,ANASTROZOLE DENK COMP 1MG,ANASTROZOLE,COMPRIME,1MG,ANTICANCEREUX ANTI-ANDROGENE STEROIDIEN,30,COMPRIMES,GENERIQUE,BOITE,20090,20090,80,TPC
0000639,ANDROCUR COMP 50MG,CYPROTERONE,COMPRIME,50MG,ANTICANCEREUX ANTI-ANDROGENE STEROIDIEN,20,COMPRIMES,SPECIALITE,BOITE,12790,12790,80,TPC
0004621,"LETROZOLE DENK COMP 2,5MG",LETROZOLE,COMPRIME,"2,5MG",ANTICANCEREUX ANTI-ANDROGENE STEROIDIEN,30,COMPRIMES,GENERIQUE,BOITE,22845,22845,80,TPC
0004404,"LUPRODEX SOL INJ 3,75MG",LEUPRORELINE,SOLUTION INJECTABLE,"3,75MG",ANTICANCEREUX ANTI-ANDROGENE STEROIDIEN,1,FLACON,GENERIQUE,BOITE,80355,80355,80,TPC
0001260,TAXOTERE SOL INJ 20MG/ML,DOCETAXEL,SOLUTION INJECTABLE,20MG,ANTICANCEREUX ANTI-FUSEAU,1,FLACON,SPECIALITE,BOITE,80355,80355,80,TPC
0001268,TAXOTERE SOL INJ 80MG/4ML,DOCETAXEL,SOLUTION INJECTABLE,80MG/4ML,ANTICANCEREUX ANTI-FUSEAU,1,FLACON,SPECIALITE,BOITE,90520,90520,80,TPC
0004402,"PACLITAXEL SOL INJ 100MG/16,7ML",PACLITAXEL,SOLUTION INJECTABLE,"100MG/16,7ML",ANTICANCEREUX ANTI-FUSEAU,1,FLACON,GENERIQUE,BOITE,20350,20350,80,TPC
0004401,PACLITAXEL SOL INJ 150MG/25ML,PACLITAXEL,SOLUTION INJECTABLE,150MG/25ML,ANTICANCEREUX ANTI-FUSEAU,1,FLACON,GENERIQUE,BOITE,31470,31470,80,TPC
0004800,PACLITAXEL SOL INJ 30MG/5ML,PACLITAXEL,SOLUTION INJECTABLE,30MG/5ML,ANTICANCEREUX ANTI-FUSEAU,1,FLACON,GENERIQUE,BOITE,9500,9500,80,TPC
0004860,VINBLASTINE PDRE SOL INJ 10MG/ML,VINBLASTINE,POUDRE POUR SOLUTION INJECTABLE,10MG/ML,ANTICANCEREUX ANTI-FUSEAU,1,FLACON,GENERIQUE,BOITE,24750,24750,80,TPC
0003625,VINCRISTINE SOL INJ 1MG/ML,VINCRISTINE,SOLUTION INJECTABLE,1MG/ML,ANTICANCEREUX ANTI-FUSEAU,1,FLACON,GENERIQUE,BOITE,4535,4535,80,TPC
0003922,XELODA COMP 500MG,CAPECITABINE,COMPRIME,500MG,ANTICANCEREUX ANTI-METABOLITE,120,COMPRIMES,SPECIALITE,BOITE,399380,399380,80,TPC
0003617,FLUOROURACILE SOL INJ 50MG/ML,FLUOROURACIL,SOLUTION INJECTABLE,50MG/ML,ANTICANCEREUX ANTI-METABOLITE,1,FLACON,GENERIQUE,BOITE,4000,4000,80,TPC
0003601,GEMZAR SOL INJ 1000MG,GEMCITABINE,SOLUTION INJECTABLE,1000MG,ANTICANCEREUX ANTI-METABOLITE,1,FLACON,SPECIALITE,BOITE,110760,110760,80,TPC
0003783,HYDREA GELULE 500MG,HYDROXYCARBAMIDE,GELULE,500MG,ANTICANCEREUX ANTI-METABOLITE,20,GELULES,SPECIALITE,BOITE,5050,5050,80,TPC
0003236,CAMPTO SOL INJ 20MG/ML,IRINOTECAN,SOLUTION INJECTABLE,20MG/ML,ANTICANCEREUX ANTI-METABOLITE,1,FLACON,SPECIALITE,BOITE,117000,117000,80,TPC
0000661,"METHOTREXATE COMP 2,5MG",METHOTREXATE,COMPRIME,"2,5MG",ANTICANCEREUX ANTI-METABOLITE,20,COMPRIMES,SPECIALITE,BOITE,4330,4330,80,TPC
0004861,"NOVATREX COMP 2,5MG",METHOTREXATE,COMPRIME,"2,5MG",ANTICANCEREUX ANTI-METABOLITE,12,COMPRIMES,GENERIQUE,BOITE,2640,2640,80,TPC
0000669,METHOTREXATE SOL INJ 25MG/ML,METHOTREXATE,SOLUTION INJECTABLE,25MG/ML,ANTICANCEREUX ANTI-METABOLITE,1,FLACON,SPECIALITE,BOITE,1835,1835,80,TPC
0004648,ZOLEDRO-DENK SOL INJ 4MG/5ML,ACIDE ZOLEDRONIQUE,SOLUTION INJECTABLE,4MG/5ML,ANTICANCEREUX ANTI-OSTEOPOROSE,1,FLACON,GENERIQUE,BOITE,28700,28700,80,TPC
0004862,THALIDOMIDE GELULE 50MG,THALIDOMIDE,GELULE,50MG,ANTICANCEREUX IMMUNOMODULATEUR,30,GELULES,GENERIQUE,BOITE,19410,19410,80,TPC
0004669,ACCOFIL SOL INJ 30MU,FILGRASTIM,SOLUTION INJECTABLE,30MU,ANTICANCEREUX STIMULANT HEMATOPOIETIQUE,1,FLACON,GENERIQUE,BOITE,39950,31900,80,TPC
0004667,NEUPOGEN SOL INJ 30MU,FILGRASTIM,SOLUTION INJECTABLE,30MU,ANTICANCEREUX STIMULANT HEMATOPOIETIQUE,1,FLACON,SPECIALITE,BOITE,29000,29000,80,TPC
0004668,NEUPOGEN SOL INJ 48MU,FILGRASTIM,SOLUTION INJECTABLE,48MU,ANTICANCEREUX STIMULANT HEMATOPOIETIQUE,1,FLACON,SPECIALITE,BOITE,43400,43400,80,TPC
0003778,DEPAKOTE COMP 500MG,DIVALPROATE DE SODIUM,COMPRIME,500MG,ANTI-DEPRESSEUR DIVERS,30,COMPRIMES,SPECIALITE,BOITE,12690,12690,80,TPC
0003779,DEPAKOTE COMP 500MG BLISTER/10,DIVALPROATE DE SODIUM,COMPRIME,500MG,ANTI-DEPRESSEUR DIVERS,10,COMPRIMES,SPECIALITE,BOITE,4090,4090,80,TPC
0004863,MIANSERINE COMP 10MG,MIANSERINE,COMPRIME,10MG,ANTI-DEPRESSEUR DIVERS,30,COMPRIMES,GENERIQUE,BOITE,2700,2700,80,TPC
0004864,MIANSERINE COMP 30MG,MIANSERINE,COMPRIME,30MG,ANTI-DEPRESSEUR DIVERS,30,COMPRIMES,GENERIQUE,BOITE,4560,4560,80,TPC
0000258,STABLON COMP 500MG,TIANEPTINE,COMPRIME,"12,5MG",ANTI-DEPRESSEUR DIVERS,30,COMPRIMES,SPECIALITE,BOITE,7165,7165,80,TPC
0001754,LAROXYL COMP 25MG,AMITRIPTYLINE,COMPRIME,25MG,ANTI-DEPRESSEUR IMIPRAMINIQUE,60,COMPRIMES,SPECIALITE,BOITE,3580,3580,80,REMBOURSABLE
0001760,LAROXYL COMP 50MG,AMITRIPTYLINE,COMPRIME,50MG,ANTI-DEPRESSEUR IMIPRAMINIQUE,20,COMPRIMES,SPECIALITE,BOITE,2835,2835,80,REMBOURSABLE
0001770,LAROXYL GTTE BUV 40MG/ML,AMITRIPTYLINE,GOUTTE BUVABLE,40MG/ML,ANTI-DEPRESSEUR IMIPRAMINIQUE,20,MILLILITRES,SPECIALITE,FLACON,5580,5580,80,REMBOURSABLE
0001526,ANAFRANIL COMP 10MG,CLOMIPRAMINE,COMPRIME,10MG,ANTI-DEPRESSEUR IMIPRAMINIQUE,60,COMPRIMES,SPECIALITE,BOITE,2500,2500,80,TPC
C000376,CLOMIPRAMINE COMP 10MG,CLOMIPRAMINE,COMPRIME,10MG,ANTI-DEPRESSEUR IMIPRAMINIQUE,60,COMPRIMES,CAMEG,BOITE,2655,2655,80,TPC
0001532,ANAFRANIL COMP 25MG,CLOMIPRAMINE,COMPRIME,25MG,ANTI-DEPRESSEUR IMIPRAMINIQUE,50,COMPRIMES,SPECIALITE,BOITE,3250,3250,80,TPC
C000378,CLOMIPRAMINE COMP 25MG,CLOMIPRAMINE,COMPRIME,25MG,ANTI-DEPRESSEUR IMIPRAMINIQUE,50,COMPRIMES,CAMEG,BOITE,5250,5250,80,TPC
0003911,ANAFRANIL SOL INJ 25MG/2ML,CLOMIPRAMINE,SOLUTION INJECTABLE,25MG/2ML,ANTI-DEPRESSEUR IMIPRAMINIQUE,1,AMPOULE,SPECIALITE,BOITE,390,390,80,REMBOURSABLE
C000377,CLOMIPRAMINE SOL INJ 25MG/ML ,CLOMIPRAMINE,SOLUTION INJECTABLE,25MG/2ML,ANTI-DEPRESSEUR IMIPRAMINIQUE,1,AMPOULE,CAMEG,BOITE,350,350,80,REMBOURSABLE
0004865,FLUOXETINE GELULE 20MG,FLUOXETINE,GELULE,20MG,ANTI-DEPRESSEUR INHIBITEUR DE LA RECAPTURE DE LA SEROTONINE,28,GELULES,GENERIQUE,BOITE,4870,4870,80,TPC
0004866,FLUOXETINE GELULE 20MG,FLUOXETINE,GELULE,20MG,ANTI-DEPRESSEUR INHIBITEUR DE LA RECAPTURE DE LA SEROTONINE,28,GELULES,GENERIQUE,BOITE,2810,2810,80,TPC
0004721,FLUZYN GELULE 20G,FLUOXETINE,GELULE,20MG,ANTI-DEPRESSEUR INHIBITEUR DE LA RECAPTURE DE LA SEROTONINE,30,GELULES,GENERIQUE,BOITE,3445,3445,80,TPC
0001939,PROZAC GELULE 20MG,FLUOXETINE,GELULE,20MG,ANTI-DEPRESSEUR INHIBITEUR DE LA RECAPTURE DE LA SEROTONINE,14,GELULES,SPECIALITE,BOITE,3740,3740,80,TPC
0003113,FLOXYFRAL COMP 100MG,FLUVOXAMINE,COMPRIME,100MG,ANTI-DEPRESSEUR INHIBITEUR DE LA RECAPTURE DE LA SEROTONINE,15,COMPRIMES,SPECIALITE,BOITE,7850,7850,80,TPC
0001024,DEROXAT COMP 20MG,PAROXETINE,COMPRIME,20MG,ANTI-DEPRESSEUR INHIBITEUR DE LA RECAPTURE DE LA SEROTONINE,14,COMPRIMES,SPECIALITE,BOITE,9780,9780,80,TPC
0004867,PAROXETINE COMP 20MG,PAROXETINE,COMPRIME,20MG,ANTI-DEPRESSEUR INHIBITEUR DE LA RECAPTURE DE LA SEROTONINE,14,COMPRIMES,GENERIQUE,BOITE,3015,3015,80,TPC
0003776,ZOLOFT GELULE 50MG,SERTRALINE,GELULE,50MG,ANTI-DEPRESSEUR INHIBITEUR DE LA RECAPTURE DE LA SEROTONINE,28,GELULES,SPECIALITE,BOITE,4260,4260,80,TPC
0004377,AUROMETFORMIN COMP 1000MG BLISTER/10,METFORMINE,COMPRIME,1000MG,ANTI-DIABETIQUE BIGUANIDE,10,COMPRIMES,GENERIQUE,BLISTER,620,620,80,TPC
0004237,DIAFORMINE COMP 1000MG,METFORMINE,COMPRIME,1000MG,ANTI-DIABETIQUE BIGUANIDE,30,COMPRIMES,GENERIQUE,BOITE,2525,2525,80,TPC
0004472,FAIRMET COMP 1000MG BLISTER/10,METFORMINE,COMPRIME,1000MG,ANTI-DIABETIQUE BIGUANIDE,10,COMPRIMES,GENERIQUE,BLISTER,615,615,80,TPC
0001502,GLUCOPHAGE COMP 1000MG,METFORMINE,COMPRIME,1000MG,ANTI-DIABETIQUE BIGUANIDE,30,COMPRIMES,SPECIALITE,BOITE,2895,2778,80,TPC
0004768,GLYFERON COMP 1000MG,METFORMINE,COMPRIME,1000MG,ANTI-DIABETIQUE BIGUANIDE,30,COMPRIMES,GENERIQUE,BOITE,2600,2600,80,TPC
0004505,METFORAL COMP 1000MG,METFORMINE,COMPRIME,1000MG,ANTI-DIABETIQUE BIGUANIDE,30,COMPRIMES,GENERIQUE,BOITE,2870,2778,80,TPC
0000624,METFORMIN DENK COMP 1000MG,METFORMINE,COMPRIME,1000MG,ANTI-DIABETIQUE BIGUANIDE,30,COMPRIMES,GENERIQUE,BOITE,2525,2525,80,TPC
0004869,METFORMINE ACCESS COMP 1000MG BLISTER/10,METFORMINE,COMPRIME,1000MG,ANTI-DIABETIQUE BIGUANIDE,10,COMPRIMES,GENERIQUE,BLISTER,430,430,80,TPC
C000422,METFORMINE COMP 1000MG BLISTER/10,METFORMINE,COMPRIME,1000MG,ANTI-DIABETIQUE BIGUANIDE,10,COMPRIMES,CAMEG,BLISTER,500,500,80,TPC
0000628,RANOPHAGE OD COMP 1000MG,METFORMINE,COMPRIME,1000MG,ANTI-DIABETIQUE BIGUANIDE,30,COMPRIMES,GENERIQUE,BOITE,2100,2100,80,TPC
0004235,DIAFORMINE COMP 500MG,METFORMINE,COMPRIME,500MG,ANTI-DIABETIQUE BIGUANIDE,30,COMPRIMES,GENERIQUE,BOITE,920,920,80,TPC
0004470,FAIRMET COMP 500MG BLISTER/10,METFORMINE,COMPRIME,500MG,ANTI-DIABETIQUE BIGUANIDE,10,COMPRIMES,GENERIQUE,BLISTER,300,300,80,TPC
0002573,GLUCOPHAGE COMP 500MG,METFORMINE,COMPRIME,500MG,ANTI-DIABETIQUE BIGUANIDE,30,COMPRIMES,SPECIALITE,BOITE,1010,1010,80,TPC
0000649,METFORMIN DENK COMP 500MG,METFORMINE,COMPRIME,500MG,ANTI-DIABETIQUE BIGUANIDE,30,COMPRIMES,GENERIQUE,BOITE,1665,1122,80,TPC
0004868,METFORMINE ACCESS COMP 500MG BLISTER/10,METFORMINE,COMPRIME,500MG,ANTI-DIABETIQUE BIGUANIDE,10,COMPRIMES,GENERIQUE,BLISTER,430,370,80,TPC
C000264,METFORMINE COMP 500MG BLISTER/10,METFORMINE,COMPRIME,500MG,ANTI-DIABETIQUE BIGUANIDE,10,COMPRIMES,CAMEG,BOITE,300,300,80,TPC
0004376,AUROMETFORMIN COMP 850MG BLISTER/14,METFORMINE,COMPRIME,850MG,ANTI-DIABETIQUE BIGUANIDE,14,COMPRIMES,GENERIQUE,BLISTER,445,445,80,TPC
0004236,DIAFORMINE COMP 850MG,METFORMINE,COMPRIME,850MG,ANTI-DIABETIQUE BIGUANIDE,30,COMPRIMES,GENERIQUE,BOITE,2295,2295,80,TPC
0004471,FAIRMET COMP 850MG BLISTER/10,METFORMINE,COMPRIME,850MG,ANTI-DIABETIQUE BIGUANIDE,10,COMPRIMES,GENERIQUE,BLISTER,390,390,80,TPC
0000616,GLUCOPHAGE COMP 850MG,METFORMINE,COMPRIME,850MG,ANTI-DIABETIQUE BIGUANIDE,30,COMPRIMES,SPECIALITE,BOITE,2710,2710,80,TPC
0004767,GLYFERON COMP 850MG,METFORMINE,COMPRIME,850MG,ANTI-DIABETIQUE BIGUANIDE,30,COMPRIMES,GENERIQUE,BOITE,2240,2240,80,TPC
0000654,METFORAL COMP 850MG,METFORMINE,COMPRIME,850MG,ANTI-DIABETIQUE BIGUANIDE,30,COMPRIMES,GENERIQUE,BOITE,2630,2630,80,TPC
0000652,METFORMIN DENK COMP 850MG,METFORMINE,COMPRIME,850MG,ANTI-DIABETIQUE BIGUANIDE,30,COMPRIMES,GENERIQUE,BOITE,2630,2630,80,TPC
C000263,METFORMINE COMP 850MG BLISTER/10,METFORMINE,COMPRIME,850MG,ANTI-DIABETIQUE BIGUANIDE,10,COMPRIMES,CAMEG,BOITE,670,670,80,TPC
0005107,METFORMINE TM COMP 850MG,METFORMINE,COMPRIME,850MG,ANTI-DIABETIQUE BIGUANIDE,30,COMPRIMES,GENERIQUE,BOITE,1600,1600,80,TPC
0004873,GLUSIMET COMP 50MG/1000MG BLISTER/8 ,SITAGLIPTINE+METFORMINE,COMPRIME,50MG/1000MG,ANTI-DIABETIQUE BIGUANIDE+INHIBITEUR DPP-4,8,COMPRIMES,GENERIQUE,BLISTER,1640,1640,80,TPC
0004872,GLUSIMET COMP 50MG/100MG,SITAGLIPTINE+METFORMINE,COMPRIME,50MG/1000MG,ANTI-DIABETIQUE BIGUANIDE+INHIBITEUR DPP-4,56,COMPRIMES,GENERIQUE,BOITE,11480,11480,80,TPC
0004874,GVIA-M COMP 50MG/1000MG,SITAGLIPTINE+METFORMINE,COMPRIME,50MG/1000MG,ANTI-DIABETIQUE BIGUANIDE+INHIBITEUR DPP-4,60,COMPRIMES,GENERIQUE,BOITE,11905,11905,80,TPC
0004875,GVIA-M COMP 50MG/1000MG BLISTER/5,SITAGLIPTINE+METFORMINE,COMPRIME,50MG/1000MG,ANTI-DIABETIQUE BIGUANIDE+INHIBITEUR DPP-4,5,COMPRIMES,GENERIQUE,BLISTER,995,995,80,TPC
0004493,JANUMET COMP 50MG/1000MG,SITAGLIPTINE+METFORMINE,COMPRIME,50MG/1000MG,ANTI-DIABETIQUE BIGUANIDE+INHIBITEUR DPP-4,56,COMPRIMES,SPECIALITE,BOITE,28720,28720,80,TPC
0004335,JANUMET COMP 50MG/1000MG BLISTER/8,SITAGLIPTINE+METFORMINE,COMPRIME,50MG/1000MG,ANTI-DIABETIQUE BIGUANIDE+INHIBITEUR DPP-4,8,COMPRIMES,SPECIALITE,BLISTER,3590,3590,80,TPC
0004870,GVIA-M COMP 50MG/500MG,SITAGLIPTINE+METFORMINE,COMPRIME,50MG/500MG,ANTI-DIABETIQUE BIGUANIDE+INHIBITEUR DPP-4,60,COMPRIMES,GENERIQUE,BOITE,8335,8335,80,TPC
0004871,GVIA-M COMP 50MG/500MG BLISTER/5,SITAGLIPTINE+METFORMINE,COMPRIME,50MG/500MG,ANTI-DIABETIQUE BIGUANIDE+INHIBITEUR DPP-4,5,COMPRIMES,GENERIQUE,BLISTER,695,695,80,TPC
0004492,JANUMET COMP 50MG/850MG,SITAGLIPTINE+METFORMINE,COMPRIME,50MG/850MG,ANTI-DIABETIQUE BIGUANIDE+INHIBITEUR DPP-4,56,COMPRIMES,SPECIALITE,BOITE,28720,28720,80,TPC
0004334,JANUMET COMP 50MG/850MG BLISTER/8,SITAGLIPTINE+METFORMINE,COMPRIME,50MG/850MG,ANTI-DIABETIQUE BIGUANIDE+INHIBITEUR DPP-4,8,COMPRIMES,SPECIALITE,BLISTER,3590,3590,80,TPC
0000153,"GLIBOMET COMP 2,5MG/400MG",GLIBENCLAMIDE+METFORMINE,COMPRIME,"2,5MG/400MG",ANTI-DIABETIQUE BIGUANIDE+SULFAMIDE,40,COMPRIMES,GENERIQUE,BOITE,2870,2870,80,TPC
0004365,"GLIBOMET COMP 2,5MG/400MG BLISTER/20",GLIBENCLAMIDE+METFORMINE,COMPRIME,"2,5MG/400MG",ANTI-DIABETIQUE BIGUANIDE+SULFAMIDE,20,COMPRIMES,GENERIQUE,BLISTER,1420,1420,80,TPC
0004189,GLIM FORTE COMP 80MG/800MG,GLICLAZIDE+METFORMINE,COMPRIME,80MG/800MG,ANTI-DIABETIQUE BIGUANIDE+SULFAMIDE,30,COMPRIMES,GENERIQUE,BOITE,5400,5400,80,TPC
0004194,ADRIDE-M COMP 2MG/500MG,GLIMEPIRIDE+METFORMINE,COMPRIME,2MG/500MG,ANTI-DIABETIQUE BIGUANIDE+SULFAMIDE,30,COMPRIMES,GENERIQUE,BOITE,3790,3790,80,TPC
0004195,AMARYL M COMP SR 2MG/500MG,GLIMEPIRIDE+METFORMINE,COMPRIME SR,2MG/500MG,ANTI-DIABETIQUE BIGUANIDE+SULFAMIDE,30,COMPRIMES,SPECIALITE,BOITE,5670,5670,80,TPC
0005121,GLUCOVANCE COMP 1000MG/5MG,METFORMINE+GLIBENCLAMIDE,COMPRIME,1000MG/5MG,ANTI-DIABETIQUE BIGUANIDE+SULFAMIDE,30,COMPRIMES,SPECIALITE,BOITE,4820,4820,80,TPC
0000148,"GLUCOVANCE COMP 500/2,5MG",METFORMINE+GLIBENCLAMIDE,COMPRIME,"500MG/2,5MG",ANTI-DIABETIQUE BIGUANIDE+SULFAMIDE,30,COMPRIMES,SPECIALITE,BOITE,3740,3740,80,TPC
0001518,GLUCOVANCE COMP 500MG/5MG,METFORMINE+GLIBENCLAMIDE,COMPRIME,500MG/5MG,ANTI-DIABETIQUE BIGUANIDE+SULFAMIDE,30,COMPRIMES,SPECIALITE,BOITE,3740,3740,80,TPC
0001540,AMARYL M COMP 2MG/500MG,GLIMEPIRIDE+METFORMINE,COMPRIME,2MG/500MG,ANTI-DIABETIQUE BITHERAPIE SULFAMIDE+BIGUANIDE,30,COMPRIMES,SPECIALITE,BOITE,5465,5465,80,TPC
0000004,GLUCOR COMP 100MG,ACARBOSE,COMPRIME,100MG,ANTI-DIABETIQUE INHIBITEUR DE L'ALPHA-GLUCOSIDASE,30,COMPRIMES,SPECIALITE,BOITE,5865,5865,80,TPC
0002575,GLUCOR COMP 50MG,ACARBOSE,COMPRIME,50MG,ANTI-DIABETIQUE INHIBITEUR DE L'ALPHA-GLUCOSIDASE,30,COMPRIMES,SPECIALITE,BOITE,3150,3150,80,TPC
0004878,GVIA COMP 100MG,SITAGLIPTINE,COMPRIME,100MG,ANTI-DIABETIQUE INHIBITEUR DPP-4,28,COMPRIMES,GENERIQUE,BOITE,10410,10410,80,TPC
0004879,GVIA COMP 100MG BLISTER/14,SITAGLIPTINE,COMPRIME,100MG,ANTI-DIABETIQUE INHIBITEUR DPP-4,14,COMPRIMES,GENERIQUE,BLISTER,5205,5205,80,TPC
0004880,JANUVIA COMP 100MG,SITAGLIPTINE,COMPRIME,100MG,ANTI-DIABETIQUE INHIBITEUR DPP-4,30,COMPRIMES,SPECIALITE,BOITE,28700,23040,80,TPC
0004881,JANUVIA COMP 100MG BLISTER/10,SITAGLIPTINE,COMPRIME,100MG,ANTI-DIABETIQUE INHIBITEUR DPP-4,10,COMPRIMES,GENERIQUE,BLISTER,9570,7680,80,TPC
0004876,GVIA COMP 50MG,SITAGLIPTINE,COMPRIME,50MG,ANTI-DIABETIQUE INHIBITEUR DPP-4,28,COMPRIMES,GENERIQUE,BOITE,4750,4750,80,TPC
0004877,GVIA COMP 50MG BLISTER/14,SITAGLIPTINE,COMPRIME,50MG,ANTI-DIABETIQUE INHIBITEUR DPP-4,14,COMPRIMES,GENERIQUE,BLISTER,2375,2375,80,TPC
0004882,EFLOZIN COMP 10MG,EMPAGLIFOZINE,COMPRIME,10MG,ANTI-DIABETIQUE INHIBITEUR DU COTRANSPORT SGLT-2,30,COMPRIMES,GENERIQUE,BOITE,15420,15420,80,TPC
0004883,EFLOZIN COMP 25MG,EMPAGLIFOZINE,COMPRIME,25MG,ANTI-DIABETIQUE INHIBITEUR DU COTRANSPORT SGLT-2,30,COMPRIMES,GENERIQUE,BOITE,24990,24990,80,TPC
0005122,EMPAG COMP 25MG,EMPAGLIFOZINE,COMPRIME,25MG,ANTI-DIABETIQUE INHIBITEUR DU COTRANSPORT SGLT-2,28,COMPRIMES,GENERIQUE,BOITE,18000,18000,80,TPC
0005123,"EMPAG-M COMP 12,5MG/1000MG",EMPAGLIFOZINE+METFORMINE,COMPRIME,"12,5MG/1000MG",ANTI-DIABETIQUE INHIBITEUR DU COTRANSPORT SGLT-2+BIGUANIDE,28,COMPRIMES,GENERIQUE,BOITE,18400,18400,80,TPC
C000204,INSULINE MIXTARD SOL INJ 100UI,INSULINE MIXTE,SOLUTION INJECTABLE,100UI,ANTI-DIABETIQUE INJECTABLE,1,FLACON,CAMEG,BOITE,4800,4800,80,TPC
0000903,ACTRAPID SOL INJ 100UI,INSULINE RAPIDE,SOLUTION INJECTABLE,100UI,ANTI-DIABETIQUE INJECTABLE,1,FLACON,SPECIALITE,BOITE,4375,4375,80,REMBOURSABLE
C000193,INSULINE RAPIDE SOL INJ 100UI,INSULINE RAPIDE,SOLUTION INJECTABLE,100UI,ANTI-DIABETIQUE INJECTABLE,1,FLACON,CAMEG,BOITE,4375,4375,80,REMBOURSABLE
0000897,INSULATARD SOL INJ 100UI,INSULINE RETARD,SOLUTION INJECTABLE,100UI,ANTI-DIABETIQUE INJECTABLE,1,FLACON,SPECIALITE,BOITE,4375,4375,80,TPC
C000196,INSULINE RETARD SOL INJ 100UI,INSULINE RETARD,SOLUTION INJECTABLE,100UI,ANTI-DIABETIQUE INJECTABLE,1,MILLILITRES,CAMEG,BOITE,4580,4580,80,TPC
0000127,"HEMI-DAONIL COMP 2,5MG",GLIBENCLAMIDE,COMPRIME,"2,5MG",ANTI-DIABETIQUE SULFAMIDE,60,COMPRIMES,SPECIALITE,BOITE,3295,3295,80,TPC
0004363,"HEMI-DAONIL COMP 2,5MG BLISTER/20",GLIBENCLAMIDE,COMPRIME,"2,5MG",ANTI-DIABETIQUE SULFAMIDE,20,COMPRIMES,SPECIALITE,BLISTER,1098,1098,80,TPC
0000131,DAONIL COMP 5MG,GLIBENCLAMIDE,COMPRIME,5MG,ANTI-DIABETIQUE SULFAMIDE,20,COMPRIMES,SPECIALITE,BOITE,1665,220,80,TPC
0004362,DAONIL COMP 5MG BLISTER/10,GLIBENCLAMIDE,COMPRIME,5MG,ANTI-DIABETIQUE SULFAMIDE,10,COMPRIMES,SPECIALITE,BLISTER,695,110,80,TPC
0004467,FAIRGLIB COMP 5MG BLISTER/10,GLIBENCLAMIDE,COMPRIME,5MG,ANTI-DIABETIQUE SULFAMIDE,10,COMPRIMES,GENERIQUE,BOITE,570,110,80,TPC
C000138,GLIBENCLAMIDE COMP 5MG BLISTER/10,GLIBENCLAMIDE,COMPRIME,5MG,ANTI-DIABETIQUE SULFAMIDE,10,COMPRIMES,CAMEG,BOITE,200,200,80,TPC
0004364,GLIBENCLAMIDE TM COMP 5MG BLISTER/20,GLIBENCLAMIDE,COMPRIME,5MG,ANTI-DIABETIQUE SULFAMIDE,20,COMPRIMES,GENERIQUE,BLISTER,200,200,80,TPC
0000160,DIAMICRON COMP LM 30MG B/30,GLICLAZIDE,COMPRIME LM,30MG,ANTI-DIABETIQUE SULFAMIDE,30,COMPRIMES,SPECIALITE,BOITE,6040,6040,80,TPC
0001521,DIAMICRON COMP LM 30MG B/60,GLICLAZIDE,COMPRIME LM,30MG,ANTI-DIABETIQUE SULFAMIDE,60,COMPRIMES,SPECIALITE,BOITE,11435,11435,80,TPC
0004366,DIAMICRON COMP LM 30MG BLISTER/15,GLICLAZIDE,COMPRIME LM,30MG,ANTI-DIABETIQUE SULFAMIDE,15,COMPRIMES,SPECIALITE,BLISTER,2859,2859,80,TPC
0002600,DIAMICRON COMP LM 60MG,GLICLAZIDE,COMPRIME LM,60MG,ANTI-DIABETIQUE SULFAMIDE,30,COMPRIMES,SPECIALITE,BOITE,11435,11435,80,TPC
0004884,GLICLAZIDE COMP LM 60MG,GLICLAZIDE,COMPRIME LM,60MG,ANTI-DIABETIQUE SULFAMIDE,30,COMPRIMES,GENERIQUE,BOITE,3520,3520,80,TPC
0000173,AMAREL COMP 1MG,GLIMEPIRIDE,COMPRIME,1MG,ANTI-DIABETIQUE SULFAMIDE,30,COMPRIMES,SPECIALITE,BOITE,3515,3344,80,TPC
0003225,DIAGLIM COMP 1MG,GLIMEPIRIDE,COMPRIME,1MG,ANTI-DIABETIQUE SULFAMIDE,30,COMPRIMES,GENERIQUE,BOITE,3330,3330,80,TPC
0004468,FAIRGLIM COMP 1MG BLISTER/10,GLIMEPIRIDE,COMPRIME,1MG,ANTI-DIABETIQUE SULFAMIDE,10,COMPRIMES,GENERIQUE,BLISTER,570,570,80,TPC
0003602,IRYS COMP 1MG,GLIMEPIRIDE,COMPRIME,1MG,ANTI-DIABETIQUE SULFAMIDE,30,COMPRIMES,GENERIQUE,BOITE,3155,3155,80,TPC
0004190,ADRIDE COMP 2MG,GLIMEPIRIDE,COMPRIME,2MG,ANTI-DIABETIQUE SULFAMIDE,30,COMPRIMES,GENERIQUE,BOITE,3790,3790,80,TPC
0000179,AMAREL COMP 2MG,GLIMEPIRIDE,COMPRIME,2MG,ANTI-DIABETIQUE SULFAMIDE,30,COMPRIMES,SPECIALITE,BOITE,5265,4422,80,TPC
0003224,DIAGLIM COMP 2MG,GLIMEPIRIDE,COMPRIME,2MG,ANTI-DIABETIQUE SULFAMIDE,30,COMPRIMES,GENERIQUE,BOITE,4360,4360,80,TPC
0004192,DIAPRIDE COMP 2MG,GLIMEPIRIDE,COMPRIME,2MG,ANTI-DIABETIQUE SULFAMIDE,30,COMPRIMES,GENERIQUE,BOITE,3500,3500,80,TPC
0000176,GLIMEPIRIDE DENK COMP 2MG,GLIMEPIRIDE,COMPRIME,2MG,ANTI-DIABETIQUE SULFAMIDE,30,COMPRIMES,GENERIQUE,BOITE,4020,4020,80,TPC
0003429,IRYS COMP 2MG,GLIMEPIRIDE,COMPRIME,2MG,ANTI-DIABETIQUE SULFAMIDE,30,COMPRIMES,GENERIQUE,BOITE,4475,4422,80,TPC
0000188,AMAREL COMP 3MG,GLIMEPIRIDE,COMPRIME,3MG,ANTI-DIABETIQUE SULFAMIDE,30,COMPRIMES,SPECIALITE,BOITE,6890,5555,80,TPC
0000182,GLIMEPIRIDE DENK COMP 3MG,GLIMEPIRIDE,COMPRIME,3MG,ANTI-DIABETIQUE SULFAMIDE,30,COMPRIMES,GENERIQUE,BOITE,5050,5050,80,TPC
0003686,IRYS COMP 3MG,GLIMEPIRIDE,COMPRIME,3MG,ANTI-DIABETIQUE SULFAMIDE,30,COMPRIMES,GENERIQUE,BOITE,4765,4765,80,TPC
0004191,ADRIDE COMP 4MG,GLIMEPIRIDE,COMPRIME,4MG,ANTI-DIABETIQUE SULFAMIDE,30,COMPRIMES,GENERIQUE,BOITE,3445,3445,80,TPC
0000194,AMAREL COMP 4MG,GLIMEPIRIDE,COMPRIME,4MG,ANTI-DIABETIQUE SULFAMIDE,30,COMPRIMES,SPECIALITE,BOITE,11630,5775,80,TPC
0003227,DIAGLIM COMP 4MG,GLIMEPIRIDE,COMPRIME,4MG,ANTI-DIABETIQUE SULFAMIDE,30,COMPRIMES,GENERIQUE,BOITE,8035,5775,80,TPC
0004193,DIAPRIDE COMP 4MG,GLIMEPIRIDE,COMPRIME,4MG,ANTI-DIABETIQUE SULFAMIDE,30,COMPRIMES,GENERIQUE,BOITE,5250,5250,80,TPC
0004469,FAIRGLIM COMP 4MG BLISTER/10,GLIMEPIRIDE,COMPRIME,4MG,ANTI-DIABETIQUE SULFAMIDE,10,COMPRIMES,GENERIQUE,BLISTER,820,820,80,TPC
0003571,IRYS COMP 4MG,GLIMEPIRIDE,COMPRIME,4MG,ANTI-DIABETIQUE SULFAMIDE,30,COMPRIMES,GENERIQUE,BOITE,8150,5775,80,TPC
0002300,CARBACTIVE GELULE 120MG,CHARBON ACTIVE,GELULE,120MG,ANTI-DIARRHEIQUE ADSORBANT INTESTINAL,30,GELULES,GENERIQUE,BOITE,2110,1650,80,REMBOURSABLE
0004885,TIORFAN GELULE 100MG,RACECADOTRIL,GELULE,100MG,ANTI-DIARRHEIQUE ANTI-BACTERIEN INTESTINAL,20,GELULES,SPECIALITE,BOITE,3790,3790,80,REMBOURSABLE
0000963,TIORFAN NRS SACHET 10MG,RACECADOTRIL,POUDRE EN SACHET,10MG,ANTI-DIARRHEIQUE ANTI-BACTERIEN INTESTINAL,16,SACHETS,SPECIALITE,BOITE,3790,3790,80,REMBOURSABLE
0000969,TIORFAN ENFANT SACHET 30MG,RACECADOTRIL,POUDRE EN SACHET,30MG,ANTI-DIARRHEIQUE ANTI-BACTERIEN INTESTINAL,30,SACHETS,SPECIALITE,BOITE,3790,3790,80,REMBOURSABLE
0001407,ACTAPULGITE SACHET 3G,ATTAPULGITE,POUDRE EN SACHET,3G,ANTI-DIARRHEIQUE PANSEMENT GASTRO INTESTINAL,30,SACHETS,SPECIALITE,BOITE,3430,3430,80,REMBOURSABLE
0000598,BEDELIX SACHET 3G,BEIDELLITIC MONTMORILLONITE,POUDRE EN SACHET,3G,ANTI-DIARRHEIQUE PANSEMENT GASTRO INTESTINAL,30,SACHETS,SPECIALITE,BOITE,3685,3685,80,REMBOURSABLE
0001160,SMECTA SACHET 3G B/10,DIOSMECTITE,POUDRE EN SACHET,3G,ANTI-DIARRHEIQUE PANSEMENT GASTRO INTESTINAL,10,SACHETS,SPECIALITE,BOITE,1265,1265,80,REMBOURSABLE
0001157,SMECTA SACHET 3G B/30,DIOSMECTITE,POUDRE EN SACHET,3G,ANTI-DIARRHEIQUE PANSEMENT GASTRO INTESTINAL,30,SACHETS,SPECIALITE,BOITE,3685,3685,80,REMBOURSABLE
0000098, IMODIUM GELULE 2MG,LOPERAMIDE,GELULE,2MG,ANTI-DIARRHEIQUE RALENTISSEUR DU TRANSIT INTESTINAL,20,GELULES,SPECIALITE,BOITE,2250,2250,80,REMBOURSABLE
0000105,LOPERAMIDE CREAT GELULE 2MG BLISTER/10,LOPERAMIDE,GELULE,2MG,ANTI-DIARRHEIQUE RALENTISSEUR DU TRANSIT INTESTINAL,10,GELULES,GENERIQUE,BLISTER,420,420,80,REMBOURSABLE
C000236,SEL REHYDRATATION ORALE SACHET,SEL DE REHYDRATATION ORALE+SULFATE DE ZINC,POUDRE EN SACHET,PM,ANTI-DIARRHEIQUE SEL DE REHYDRATATION ORALE,1,SACHET,CAMEG,BOITE,60,60,80,REMBOURSABLE
0004636,ZINCORA PDRE SACHET,SEL DE REHYDRATATION ORALE+SULFATE DE ZINC,POUDRE EN SACHET,PM,ANTI-DIARRHEIQUE SEL DE REHYDRATATION ORALE,2,SACHETS,GENERIQUE,BOITE,600,523,80,REMBOURSABLE
C000130,ACIDE BENZOIQUE+ACIDE SALICYLIQUE PDE 6%/3%,ACIDE BENZOIQUE+ACIDE SALICYLIQUE,POMMADE,6%/3%,ANTI-ECZEMATEUX KERATOLYTIQUE,30,GRAMMES,CAMEG,TUBE,2415,2415,80,REMBOURSABLE
0004608,EVIDAN COMP 10MG,DOMPERIDONE,COMPRIME,10MG,ANTI-EMETIQUE ANTI-DOPAMINE,40,COMPRIMES,GENERIQUE,BOITE,1835,1835,80,REMBOURSABLE
0001288,MOTILIUM COMP 10MG,DOMPERIDONE,COMPRIME,10MG,ANTI-EMETIQUE ANTI-DOPAMINE,40,COMPRIMES,GENERIQUE,BOITE,2780,2780,80,REMBOURSABLE
0003515,NAUSELIUM COMP 10MG,DOMPERIDONE,COMPRIME,10MG,ANTI-EMETIQUE ANTI-DOPAMINE,20,COMPRIMES,GENERIQUE,BOITE,1895,1540,80,REMBOURSABLE
0001292,PERIDYS COMP 10MG,DOMPERIDONE,COMPRIME,10MG,ANTI-EMETIQUE ANTI-DOPAMINE,40,COMPRIMES,SPECIALITE,BOITE,2500,2500,80,REMBOURSABLE
0003756,BIPERIDYS COMP 20MG,DOMPERIDONE,COMPRIME,20MG,ANTI-EMETIQUE ANTI-DOPAMINE,20,COMPRIMES,GENERIQUE,BOITE,2305,2305,80,REMBOURSABLE
0001301,CINET COMP DISP 10MG,DOMPERIDONE,COMPRIME DISPERSIBLE,10MG,ANTI-EMETIQUE ANTI-DOPAMINE,40,COMPRIMES,GENERIQUE,BOITE,3800,3080,80,REMBOURSABLE
0001317,CINET SIROP 1MG/ML,DOMPERIDONE,SIROP,1MG/ML,ANTI-EMETIQUE ANTI-DOPAMINE,200,MILLILITRES,GENERIQUE,FLACON,2205,1980,80,REMBOURSABLE
0001305,MOTILIUM SIROP 1MG/ML,DOMPERIDONE,SIROP,1MG/ML,ANTI-EMETIQUE ANTI-DOPAMINE,200,MILLILITRES,GENERIQUE,FLACON,2225,1980,80,REMBOURSABLE
0003509,NAUSELIUM SIROP 1MG/ML,DOMPERIDONE,SIROP,1MG/ML,ANTI-EMETIQUE ANTI-DOPAMINE,200,MILLILITRES,GENERIQUE,FLACON,1895,1895,80,REMBOURSABLE
0001312,PERIDYS SIROP 1MG/ML,DOMPERIDONE,SIROP,1MG/ML,ANTI-EMETIQUE ANTI-DOPAMINE,200,MILLILITRES,SPECIALITE,FLACON,1895,1895,80,REMBOURSABLE
0001352,DISLEP COMP 25MG,LEVOSULPIRIDE,COMPRIME,25MG,ANTI-EMETIQUE ANTI-DOPAMINE,20,COMPRIMES,SPECIALITE,BOITE,5280,5280,80,REMBOURSABLE
0005109,SCIPRIDE COMP 25MG,LEVOSULPIRIDE,COMPRIME,25MG,ANTI-EMETIQUE ANTI-DOPAMINE,30,COMPRIMES,GENERIQUE,BOITE,4595,4595,80,REMBOURSABLE
0003918,DISLEP SOL INJ 25MG,LEVOSULPIRIDE,SOLUTION INJECTABLE,25MG,ANTI-EMETIQUE ANTI-DOPAMINE,1,AMPOULE,SPECIALITE,BOITE,880,880,80,REMBOURSABLE
C000273,METOCLOPRAMIDE COMP  BLISTER/10,METOCLOPRAMIDE,COMPRIME,10MG,ANTI-EMETIQUE ANTI-DOPAMINE,10,COMPRIMES,CAMEG,BOITE,200,200,80,REMBOURSABLE
0000729,PRIMPERAN COMP 10MG,METOCLOPRAMIDE,COMPRIME,10MG,ANTI-EMETIQUE ANTI-DOPAMINE,40,COMPRIMES,SPECIALITE,BOITE,2420,2420,80,REMBOURSABLE
0000733,"PRIMPERAN GTTE BUV 2,6MG/ML",METOCLOPRAMIDE,GOUTTE BUVABLE,"2,6MG/ML",ANTI-EMETIQUE ANTI-DOPAMINE,60,MILLILITRES,SPECIALITE,FLACON,1110,1110,80,REMBOURSABLE
0000740,"PRIMPERAN SOL BUV 0,1%",METOCLOPRAMIDE,SOLUTION BUVABLE,"0,1%",ANTI-EMETIQUE ANTI-DOPAMINE,200,MILLILITRES,SPECIALITE,FLACON,1995,1995,80,REMBOURSABLE
C000412,METOCLOPRAMIDE SOL INJ 10MG,METOCLOPRAMIDE,SOLUTION INJECTABLE,10MG,ANTI-EMETIQUE ANTI-DOPAMINE,1,AMPOULE,CAMEG,BOITE,380,380,80,REMBOURSABLE
0000743,PRIMPERAN SOL INJ 10MG,METOCLOPRAMIDE,SOLUTION INJECTABLE,10MG,ANTI-EMETIQUE ANTI-DOPAMINE,1,AMPOULE,SPECIALITE,BOITE,380,182,80,REMBOURSABLE
C000271,METOCLOPRAMIDE SOL INJ 20MG,METOCLOPRAMIDE,SOLUTION INJECTABLE,20MG,ANTI-EMETIQUE ANTI-DOPAMINE,1,AMPOULE,CAMEG,BOITE,100,100,80,REMBOURSABLE
0000749,VOGALENE GELULE 15MG,METOPIMAZINE,GELULE,15MG,ANTI-EMETIQUE ANTI-DOPAMINE,20,GELULES,SPECIALITE,BOITE,4375,4375,80,REMBOURSABLE
0000760,"VOGALENE GTTE BUV 0,4%",METOPIMAZINE,GOUTTE BUVABLE,"0,4%",ANTI-EMETIQUE ANTI-DOPAMINE,30,MILLILITRES,SPECIALITE,FLACON,1505,1505,80,REMBOURSABLE
0000767,"VOGALENE SOL BUV 0,1%",METOPIMAZINE,SOLUTION BUVABLE,"0,1%",ANTI-EMETIQUE ANTI-DOPAMINE,150,MILLILITRES,SPECIALITE,FLACON,2275,2275,80,REMBOURSABLE
C000274,METOPIMAZINE SOL INJ 10MG/ML,METOPIMAZINE,SOLUTION INJECTABLE,10MG/ML,ANTI-EMETIQUE ANTI-DOPAMINE,1,AMPOULE,CAMEG,BOITE,290,290,80,REMBOURSABLE
0000752,VOGALENE SOL INJ 10MG/ML,METOPIMAZINE,SOLUTION INJECTABLE,10MG/ML,ANTI-EMETIQUE ANTI-DOPAMINE,1,AMPOULE,SPECIALITE,BOITE,290,290,80,REMBOURSABLE
0002626,VOGALENE SUPPO 5MG,METOPIMAZINE,SUPPOSITOIRE,5MG,ANTI-EMETIQUE ANTI-DOPAMINE,10,SUPPOSITOIRES,SPECIALITE,BOITE,905,905,80,REMBOURSABLE
0004529,ONDANSETRON-DENK COMP 4MG,ONDANSETRON,COMPRIME,4MG,ANTI-EMETIQUE SPECIFIQUE ANTI-SEROTONINERGIQUE,6,COMPRIMES,GENERIQUE,BOITE,5165,2527,80,ENTENTE PREALABLE
0004256,SETRONAX COMP 4MG,ONDANSETRON,COMPRIME,4MG,ANTI-EMETIQUE SPECIFIQUE ANTI-SEROTONINERGIQUE,10,COMPRIMES,GENERIQUE,BOITE,11485,11485,80,ENTENTE PREALABLE
0004257,SETRONAX SOL INJ 8MG/4ML,ONDANSETRON,SOLUTION INJECTABLE,8MG/4ML,ANTI-EMETIQUE SPECIFIQUE ANTI-SEROTONINERGIQUE,1,AMPOULE,GENERIQUE,BOITE,3445,3445,80,ENTENTE PREALABLE
0004338,SETRONAX SUSP BUV 2MG/5ML,ONDANSETRON,SUSPENSION BUVABLE,2MG/5ML,ANTI-EMETIQUE SPECIFIQUE ANTI-SEROTONINERGIQUE,60,MILLILITRES,GENERIQUE,FLACON,5740,5740,80,ENTENTE PREALABLE
0000802,MINIRINMELT COMP 60µG,DESMOPRESSINE,COMPRIME,60µG,ANTI-ENURESIQUE ANALOGUE ADH,30,COMPRIMES,SPECIALITE,BOITE,17220,17220,80,REMBOURSABLE
0002203,DITROPAN COMP 5MG,OXYBUTYNINE,COMPRIME,5MG,ANTI-ENURESIQUE ANTI-CHOLINERGIQUE,60,COMPRIMES,SPECIALITE,BOITE,6095,6095,80,REMBOURSABLE
C000184,CARBAMAZEPINE COMP 200MG ,CARBAMAZEPINE,COMPRIME,200MG,ANTI-EPILEPTIQUE ANTI-CONVULSIVANT,30,COMPRIMES,CAMEG,BLISTER,1500,1500,80,TPC
0001910,TEGRETOL COMP 200MG,CARBAMAZEPINE,COMPRIME,200MG,ANTI-EPILEPTIQUE ANTI-CONVULSIVANT,50,COMPRIMES,SPECIALITE,BOITE,5075,5075,80,TPC
0004353,TEGRETOL COMP 200MG BLISTER/10,CARBAMAZEPINE,COMPRIME,200MG,ANTI-EPILEPTIQUE ANTI-CONVULSIVANT,10,COMPRIMES,SPECIALITE,BLISTER,1015,1015,80,TPC
0002624,TEGRETOL COMP LP 200MG,CARBAMAZEPINE,COMPRIME LP,200MG,ANTI-EPILEPTIQUE ANTI-CONVULSIVANT,30,COMPRIMES,SPECIALITE,BOITE,3205,3205,80,TPC
0001915,TEGRETOL COMP LP 400MG,CARBAMAZEPINE,COMPRIME LP,400MG,ANTI-EPILEPTIQUE ANTI-CONVULSIVANT,30,COMPRIMES,SPECIALITE,BOITE,6085,6085,80,TPC
0001926,TEGRETOL SUSP BUV 20MG/ML,CARBAMAZEPINE,SUSPENSION BUVABLE,20MG/ML,ANTI-EPILEPTIQUE ANTI-CONVULSIVANT,150,MILLILITRES,SPECIALITE,FLACON,2640,2640,80,TPC
0004620,LAMOTRIGINE COMP 100MG,LAMOTRIGINE,COMPRIME,100MG,ANTI-EPILEPTIQUE ANTI-CONVULSIVANT,30,COMPRIMES,GENERIQUE,BOITE,11015,11015,80,TPC
0004618,LAMOTRIGINE COMP 25MG,LAMOTRIGINE,COMPRIME,25MG,ANTI-EPILEPTIQUE ANTI-CONVULSIVANT,30,COMPRIMES,GENERIQUE,BOITE,6510,6510,80,TPC
0004616,LAMOTRIGINE COMP 2MG,LAMOTRIGINE,COMPRIME,2MG,ANTI-EPILEPTIQUE ANTI-CONVULSIVANT,30,COMPRIMES,GENERIQUE,BOITE,4850,4850,80,TPC
0004619,LAMOTRIGINE COMP 50MG,LAMOTRIGINE,COMPRIME,50MG,ANTI-EPILEPTIQUE ANTI-CONVULSIVANT,30,COMPRIMES,GENERIQUE,BOITE,12410,12410,80,TPC
0004617,LAMOTRIGINE COMP 5MG,LAMOTRIGINE,COMPRIME,5MG,ANTI-EPILEPTIQUE ANTI-CONVULSIVANT,30,COMPRIMES,GENERIQUE,BOITE,3365,3365,80,TPC
0002480,GARDENAL COMP 100MG,PHENOBARBITAL,COMPRIME,100MG,ANTI-EPILEPTIQUE ANTI-CONVULSIVANT,20,COMPRIMES,SPECIALITE,BOITE,1445,550,80,TPC
C000109,PHENOBARBITAL COMP 100MG BLISTER/10,PHENOBARBITAL,COMPRIME,100MG,ANTI-EPILEPTIQUE ANTI-CONVULSIVANT,10,COMPRIMES,CAMEG,BLISTER,180,180,80,TPC
0002462,PHENOBARBITAL GGIA COMP 100MG,PHENOBARBITAL,COMPRIME,100MG,ANTI-EPILEPTIQUE ANTI-CONVULSIVANT,20,COMPRIMES,GENERIQUE,BOITE,780,539,80,TPC
0002485,GARDENAL COMP 10MG,PHENOBARBITAL,COMPRIME,10MG,ANTI-EPILEPTIQUE ANTI-CONVULSIVANT,80,COMPRIMES,SPECIALITE,BOITE,1400,1400,80,TPC
0004384,GARDENAL COMP 10MG BLISTER/10,PHENOBARBITAL,COMPRIME,10MG,ANTI-EPILEPTIQUE ANTI-CONVULSIVANT,10,COMPRIMES,SPECIALITE,BLISTER,350,350,80,TPC
0002489,GARDENAL COMP 50MG,PHENOBARBITAL,COMPRIME,50MG,ANTI-EPILEPTIQUE ANTI-CONVULSIVANT,30,COMPRIMES,SPECIALITE,BOITE,885,885,80,TPC
C000114,PHENOBARBITAL COMP 50MG BLISTER/10,PHENOBARBITAL,COMPRIME,50MG,ANTI-EPILEPTIQUE ANTI-CONVULSIVANT,10,COMPRIMES,CAMEG,BLISTER,180,180,80,TPC
C000111,PHENOBARBITAL SOL INJ 200MG/ML,PHENOBARBITAL,SOLUTION INJECTABLE,200MG/ML,ANTI-EPILEPTIQUE ANTI-CONVULSIVANT,1,AMPOULE,CAMEG,BOITE,635,635,80,REMBOURSABLE
0002495,GARDENAL SOL INJ 40MG/ML,PHENOBARBITAL,SOLUTION INJECTABLE,40MG/ML,ANTI-EPILEPTIQUE ANTI-CONVULSIVANT,1,AMPOULE,SPECIALITE,BOITE,9550,985,80,REMBOURSABLE
0001714,DEPAKINE COMP 200MG,VALPROATE DE SODIUM,COMPRIME,200MG,ANTI-EPILEPTIQUE ANTI-CONVULSIVANT,40,COMPRIMES,SPECIALITE,BOITE,2745,2745,80,TPC
0001793,DEPAKINE COMP 500MG,VALPROATE DE SODIUM,COMPRIME,500MG,ANTI-EPILEPTIQUE ANTI-CONVULSIVANT,40,COMPRIMES,SPECIALITE,BOITE,6830,6830,80,TPC
0001721,DEPAKINE CHRONO 500MG,VALPROATE DE SODIUM,COMPRIME LP,500MG,ANTI-EPILEPTIQUE ANTI-CONVULSIVANT,30,COMPRIMES,SPECIALITE,BOITE,8550,8550,80,TPC
0001801,DEPAKINE GTTE BUV 200MG/ML,VALPROATE DE SODIUM,GOUTTE BUVABLE,200MG/ML,ANTI-EPILEPTIQUE ANTI-CONVULSIVANT,40,MILLILITRES,SPECIALITE,FLACON,4135,4135,80,TPC
0001804,"DEPAKINE SIROP 57,64/MGML",VALPROATE DE SODIUM,SIROP,"57,64MG/ML",ANTI-EPILEPTIQUE ANTI-CONVULSIVANT,150,MILLILITRES,SPECIALITE,FLACON,4465,4465,80,TPC
0002463,FUNGIZONE SUSP BUV 10% ENFANT-NRS,AMPHOTERICINE B,SUSPENSION BUVABLE,10%,ANTI-FONGIQUE,40,MILLILITRES,SPECIALITE,FLACON,5035,5035,80,REMBOURSABLE
0002465,FUNGIZONE SUSP BUV 10%,AMPHOTERICINE B,SUSPENSION BUVABLE,100MG,ANTI-FONGIQUE,40,MILLILITRES,SPECIALITE,FLACON,5035,5035,80,REMBOURSABLE
0005105,FLUCONAZOLE TM COMP 100MG,FLUCONAZOLE,COMPRIME,100MG,ANTI-FONGIQUE,10,COMPRIMES,GENERIQUE,BOITE,1500,1500,80,REMBOURSABLE
0004182,FLUGEN COMP 100MG,FLUCONAZOLE,COMPRIME,100MG,ANTI-FONGIQUE,10,COMPRIMES,GENERIQUE,BOITE,1655,1655,80,REMBOURSABLE
0005124,ECONAC COMP 150MG,FLUCONAZOLE,COMPRIME,150MG,ANTI-FONGIQUE,1,COMPRIME,GENERIQUE,BOITE,325,325,80,REMBOURSABLE
0004474,FAIRZOL COMP 150MG,FLUCONAZOLE,COMPRIME,150MG,ANTI-FONGIQUE,1,COMPRIME,GENERIQUE,BOITE,415,415,80,REMBOURSABLE
0003821,FLUCAP COMP 150MG,FLUCONAZOLE,COMPRIME,150MG,ANTI-FONGIQUE,1,COMPRIME,GENERIQUE,BOITE,1145,495,80,REMBOURSABLE
0004178,FLUCIAN COMP 150MG,FLUCONAZOLE,COMPRIME,150MG,ANTI-FONGIQUE,1,COMPRIME,GENERIQUE,BOITE,400,400,80,REMBOURSABLE
0005106,FLUCONAZOLE TM COMP 150MG,FLUCONAZOLE,COMPRIME,150MG,ANTI-FONGIQUE,1,COMPRIME,GENERIQUE,BOITE,560,495,80,REMBOURSABLE
0003519,MUKESTAT COMP 150MG,FLUCONAZOLE,COMPRIME,150MG,ANTI-FONGIQUE,4,COMPRIMES,GENERIQUE,BOITE,2285,1980,80,REMBOURSABLE
0001691,FLUCAZOL GELULE 100MG,FLUCONAZOLE,GELULE,100MG,ANTI-FONGIQUE,10,GELULES,GENERIQUE,BOITE,1950,1950,80,REMBOURSABLE
0004180,FLUCONA-DENK GELULE 100MG,FLUCONAZOLE,GELULE,100MG,ANTI-FONGIQUE,10,GELULES,GENERIQUE,BOITE,2345,2145,80,REMBOURSABLE
0004177,CANAFLUCAN GELULE 150MG,FLUCONAZOLE,GELULE,150MG,ANTI-FONGIQUE,1,GELULE,GENERIQUE,BOITE,2495,495,80,REMBOURSABLE
0003466,CANDI GELULE 150MG,FLUCONAZOLE,GELULE,150MG,ANTI-FONGIQUE,4,GELULES,GENERIQUE,BOITE,4590,1980,80,REMBOURSABLE
0001694,DIFLUCAN GELULE 150MG B/1,FLUCONAZOLE,GELULE,150MG,ANTI-FONGIQUE,1,GELULE,SPECIALITE,BOITE,7600,495,80,REMBOURSABLE
0002603,DIFLUCAN GELULE 150MG B/4,FLUCONAZOLE,GELULE,150MG,ANTI-FONGIQUE,4,GELULES,SPECIALITE,BOITE,19145,1980,80,REMBOURSABLE
0001726,FLUCESS GELULE 150MG,FLUCONAZOLE,GELULE,150MG,ANTI-FONGIQUE,1,GELULE,GENERIQUE,BOITE,5510,495,80,REMBOURSABLE
0004179,FLUCOMYC GELULE 150MG,FLUCONAZOLE,GELULE,150MG,ANTI-FONGIQUE,1,GELULE,GENERIQUE,BOITE,310,310,80,REMBOURSABLE
0004181,FLUCONA-DENK GELULE 150MG,FLUCONAZOLE,GELULE,150MG,ANTI-FONGIQUE,1,GELULE,GENERIQUE,BOITE,1725,495,80,REMBOURSABLE
C000105,FLUCONAZOLE GELULE 150MG,FLUCONAZOLE,GELULE,150MG,ANTI-FONGIQUE,1,GELULE,CAMEG,BLISTER,150,150,80,REMBOURSABLE
0004478,FLUOMAC GELULE 150MG,FLUCONAZOLE,GELULE,150MG,ANTI-FONGIQUE,1,GELULE,GENERIQUE,BOITE,440,440,80,REMBOURSABLE
0001747,FLUZON GELULE 150MG,FLUCONAZOLE,GELULE,150MG,ANTI-FONGIQUE,2,GELULES,GENERIQUE,BOITE,2525,990,80,REMBOURSABLE
0001750,FORCAN GELULE 150MG,FLUCONAZOLE,GELULE,150MG,ANTI-FONGIQUE,1,GELULE,GENERIQUE,BOITE,450,450,80,REMBOURSABLE
0003768,NISPORE GELULE 150MG,FLUCONAZOLE,GELULE,150MG,ANTI-FONGIQUE,10,GELULE,GENERIQUE,BOITE,2650,2650,80,REMBOURSABLE
0003286,NOVACAN GELULE 150MG,FLUCONAZOLE,GELULE,150MG,ANTI-FONGIQUE,1,GELULE,GENERIQUE,BOITE,300,300,80,REMBOURSABLE
0001756,FLUCESS GELULE 50MG,FLUCONAZOLE,GELULE,50MG,ANTI-FONGIQUE,7,GELULES,GENERIQUE,BOITE,12625,1155,80,REMBOURSABLE
0003767,NISPORE GELULE 50MG,FLUCONAZOLE,GELULE,50MG,ANTI-FONGIQUE,30,GELULE,GENERIQUE,BOITE,3125,3125,80,REMBOURSABLE
0001768,TRIFLUCAN GELULE 50MG,FLUCONAZOLE,GELULE,50MG,ANTI-FONGIQUE,7,GELULES,SPECIALITE,BOITE,16945,1155,80,REMBOURSABLE
0001785,FLUCAZOL SIROP 50MG/ML,FLUCONAZOLE,SIROP,50MG/5ML,ANTI-FONGIQUE,60,MILLILITRES,GENERIQUE,FLACON,1950,1716,80,REMBOURSABLE
0004183,FLUGEN SIROP 50MG/5ML,FLUCONAZOLE,SIROP,50MG/5ML,ANTI-FONGIQUE,60,MILLILITRES,GENERIQUE,FLACON,1150,1150,80,REMBOURSABLE
0000266,GRISEOPHARM COMP 125MG,GRISEOFULVINE,COMPRIME,125MG,ANTI-FONGIQUE,32,COMPRIMES,GENERIQUE,BOITE,2125,2125,80,REMBOURSABLE
0000269,GRISEFULINE COMP 250MG,GRISEOFULVINE,COMPRIME,250MG,ANTI-FONGIQUE,30,COMPRIMES,SPECIALITE,BOITE,2470,1155,80,REMBOURSABLE
0004886,GRISEOFULVINE CREAT COMP 250MG BLISTER/10,GRISEOFULVINE,COMPRIME,250MG,ANTI-FONGIQUE,10,COMPRIMES,GENERIQUE,BLISTER,540,540,80,REMBOURSABLE
0001569,GRISEOPHARM COMP 250MH,GRISEOFULVINE,COMPRIME,250MG,ANTI-FONGIQUE,30,COMPRIMES,GENERIQUE,BOITE,2180,1155,80,REMBOURSABLE
0001583,GRISEFULINE COMP 500MG,GRISEOFULVINE,COMPRIME,500MG,ANTI-FONGIQUE,20,COMPRIMES,SPECIALITE,BOITE,3260,1100,80,REMBOURSABLE
0004887,GRISEOFULVINE CREAT COMP 500MG BLISTER/10,GRISEOFULVINE,COMPRIME,500MG,ANTI-FONGIQUE,10,COMPRIMES,GENERIQUE,BLISTER,800,800,80,REMBOURSABLE
0004888,GRISEOFULVINE PPM COMP 500MG BLISTER/10,GRISEOFULVINE,COMPRIME,500MG,ANTI-FONGIQUE,10,COMPRIMES,GENERIQUE,BLISTER,805,805,80,REMBOURSABLE
0001577,GRISEOPHARM COMP 500MG,GRISEOFULVINE,COMPRIME,500MG,ANTI-FONGIQUE,20,COMPRIMES,GENERIQUE,BOITE,2985,1100,80,REMBOURSABLE
0000976,CANDITRAL GELULE 100MG,ITRACONAZOLE,GELULE,100MG,ANTI-FONGIQUE,4,GELULES,GENERIQUE,BOITE,4525,4525,80,REMBOURSABLE
0001046,KNZ COMP 200MG,KETOCONAZOLE,COMPRIME,200MG,ANTI-FONGIQUE,10,COMPRIMES,GENERIQUE,BOITE,3445,2970,80,REMBOURSABLE
0001049,PHYTORAL COMP 200MG,KETOCONAZOLE,COMPRIME,200MG,ANTI-FONGIQUE,10,COMPRIMES,GENERIQUE,BOITE,2700,2700,80,REMBOURSABLE
0002994,MYCOSTATINE COMP 500 000UI,NYSTATINE,COMPRIME,500 000UI,ANTI-FONGIQUE,16,COMPRIMES,SPECIALITE,BOITE,1380,704,80,REMBOURSABLE
C000033,NYSTATINE COMP 500 000UI BLISTER/10,NYSTATINE,COMPRIME,500000UI,ANTI-FONGIQUE,10,COMPRIMES,CAMEG,BLISTER,700,700,80,REMBOURSABLE
0004526,NYSTAKIL SIROP 100 000UI,NYSTATINE,SIROP,100 000UI,ANTI-FONGIQUE,30,MILLILITRES,GENERIQUE,FLACON,1100,1100,80,REMBOURSABLE
C000028,NYSTATINE SIROP 100 000UI ,NYSTATINE,SIROP,100000UI,ANTI-FONGIQUE,30,MILLILITRES,CAMEG,FLACON,720,720,80,REMBOURSABLE
0002028,LAMISIL COMP 250MG,TERBINAFINE,COMPRIME,250MG,ANTI-FONGIQUE,14,COMPRIMES,SPECIALITE,BOITE,11985,11396,80,REMBOURSABLE
0002018,TEGUMA COMP 250MG B/14,TERBINAFINE,COMPRIME,250MG,ANTI-FONGIQUE,14,COMPRIMES,GENERIQUE,BOITE,11360,11360,80,REMBOURSABLE
0000018,TEGUMA COMP 250MG B/28,TERBINAFINE,COMPRIME,250MG,ANTI-FONGIQUE,28,COMPRIMES,GENERIQUE,BOITE,20720,20720,80,REMBOURSABLE
0000318,MYCOSTER CREME 1%,CICLOPIROXOLAMINE,CREME,1%,ANTI-FONGIQUE LOCAL,30,GRAMMES,SPECIALITE,TUBE,3420,3420,80,REMBOURSABLE
0000332,MYCOSTER POUDRE 1%,CICLOPIROXOLAMINE,POUDRE,1%,ANTI-FONGIQUE LOCAL,30,GRAMMES,SPECIALITE,TUBE,3375,3375,80,REMBOURSABLE
0000342,MYCOSTER SPRAY 1%,CICLOPIROXOLAMINE,SOLUTION EXTERNE,1%,ANTI-FONGIQUE LOCAL,30,MILLILITRES,SPECIALITE,FLACON,3375,3375,80,REMBOURSABLE
0000336,MYCOSTER VERNIS 8%,CICLOPIROXOLAMINE,VERNIS,8%,ANTI-FONGIQUE LOCAL,3,MILLILITRES,SPECIALITE,FLACON,11615,11615,80,REMBOURSABLE
0001127,CAMYSTEN CREME 1%,CLOTRIMAZOLE,CREME,1%,ANTI-FONGIQUE LOCAL,30,GRAMMES,GENERIQUE,TUBE,2755,2442,80,REMBOURSABLE
0001122,CANDID CREME 1%,CLOTRIMAZOLE,CREME,1%,ANTI-FONGIQUE LOCAL,20,GRAMMES,GENERIQUE,TUBE,1480,1480,80,REMBOURSABLE
0001132,CLOTRI DENK CREME 1%,CLOTRIMAZOLE,CREME,1%,ANTI-FONGIQUE LOCAL,20,GRAMMES,GENERIQUE,TUBE,1665,1628,80,REMBOURSABLE
0003341,FANGID CREME 1%,CLOTRIMAZOLE,CREME,1%,ANTI-FONGIQUE LOCAL,15,GRAMMES,GENERIQUE,TUBE,1150,1150,80,REMBOURSABLE
0001137,WARIMAZOL CREME 1%,CLOTRIMAZOLE,CREME,1%,ANTI-FONGIQUE LOCAL,20,GRAMMES,GENERIQUE,TUBE,2595,1628,80,REMBOURSABLE
0001106,CANDI-V6 OVULE 100MG,CLOTRIMAZOLE,OVULE,100MG,ANTI-FONGIQUE LOCAL,6,OVULES,GENERIQUE,BOITE,3330,2035,80,REMBOURSABLE
0001119,CLOTRI DENK OVULE 100MG,CLOTRIMAZOLE,OVULE,100MG,ANTI-FONGIQUE LOCAL,6,OVULES,GENERIQUE,BOITE,1850,1850,80,REMBOURSABLE
0001147,IMAZOLE-V OVULE 100MG,CLOTRIMAZOLE,OVULE,100MG,ANTI-FONGIQUE LOCAL,7,OVULES,GENERIQUE,BOITE,1950,1950,80,REMBOURSABLE
0001153,WARIMAZOL OVULE 200MG,CLOTRIMAZOLE,OVULE,200MG,ANTI-FONGIQUE LOCAL,3,OVULES,GENERIQUE,BOITE,2195,2195,80,REMBOURSABLE
C000225,CLOTRIMAZOLE OVULE+APPLICATEUR 500MG,CLOTRIMAZOLE,OVULE,500MG,ANTI-FONGIQUE LOCAL,1,OVULE,CAMEG,BOITE,1425,1425,80,REMBOURSABLE
0003766,ECONATE G CREME 1%,ECONAZOLE,CREME,1%,ANTI-FONGIQUE LOCAL,30,GRAMMES,GENERIQUE,TUBE,1460,1460,80,REMBOURSABLE
0001437,ECOREX CREME 1%,ECONAZOLE,CREME,1%,ANTI-FONGIQUE LOCAL,30,GRAMMES,GENERIQUE,TUBE,2445,2445,80,REMBOURSABLE
0000513,FUNGILYSE CREME 1%,ECONAZOLE,CREME,1%,ANTI-FONGIQUE LOCAL,25,GRAMMES,GENERIQUE,TUBE,2055,2055,80,REMBOURSABLE
0003576,PEVAGINE CREME 1%,ECONAZOLE,CREME,1%,ANTI-FONGIQUE LOCAL,30,GRAMMES,GENERIQUE,TUBE,2295,2295,80,REMBOURSABLE
0000522,PEVARYL CREME 1%,ECONAZOLE,CREME,1%,ANTI-FONGIQUE LOCAL,30,GRAMMES,SPECIALITE,TUBE,2710,2690,80,REMBOURSABLE
0000529,ECOREX LAIT 1%,ECONAZOLE,LAIT,1%,ANTI-FONGIQUE LOCAL,30,MILLILITRES,GENERIQUE,FLACON,2445,2445,80,REMBOURSABLE
0001442,PEVARYL LAIT 1%,ECONAZOLE,LAIT,1%,ANTI-FONGIQUE LOCAL,30,MILLILITRES,SPECIALITE,FLACON,3020,2690,80,REMBOURSABLE
0001465,ECONATE VT OVULE 150MG,ECONAZOLE,OVULE,150MG,ANTI-FONGIQUE LOCAL,3,OVULES,GENERIQUE,BOITE,1600,1600,80,REMBOURSABLE
0001470,ECOREX OVULE 150MG,ECONAZOLE,OVULE,150MG,ANTI-FONGIQUE LOCAL,3,OVULES,GENERIQUE,BOITE,3065,3065,80,REMBOURSABLE
0001476,GYNOPEVARYL OVULE 150MG,ECONAZOLE,OVULE,150MG,ANTI-FONGIQUE LOCAL,3,OVULES,SPECIALITE,BOITE,3375,3373,80,REMBOURSABLE
0003387,PEVAGINE OVULE 150MG,ECONAZOLE,OVULE,150MG,ANTI-FONGIQUE LOCAL,3,OVULES,GENERIQUE,BOITE,3155,3155,80,REMBOURSABLE
0001488,GYNOPEVARYL OVULE LP 150MG,ECONAZOLE,OVULE LP,150MG,ANTI-FONGIQUE LOCAL,1,OVULE,SPECIALITE,BOITE,3295,1125,80,REMBOURSABLE
0001494,MYLEUGYNE OVULE LP 150MG,ECONAZOLE,OVULE LP,150MG,ANTI-FONGIQUE LOCAL,1,OVULE,GENERIQUE,BOITE,2410,1125,80,REMBOURSABLE
0001506,PEVARYL POUDRE 1%,ECONAZOLE,POUDRE,1%,ANTI-FONGIQUE LOCAL,30,GRAMMES,SPECIALITE,FLACON,4855,4855,80,REMBOURSABLE
0001514,ECOREX SPRAY 1%,ECONAZOLE,SOLUTION EXTERNE,1%,ANTI-FONGIQUE LOCAL,30,MILLILITRES,GENERIQUE,FLACON,3060,3060,80,REMBOURSABLE
0001517,PEVARYL SPRAY 1%,ECONAZOLE,SOLUTION EXTERNE,1%,ANTI-FONGIQUE LOCAL,30,MILLILITRES,SPECIALITE,FLACON,3640,3366,80,REMBOURSABLE
0001871,LOMEXIN CREME 2%,FENTICONAZOLE,CREME,2%,ANTI-FONGIQUE LOCAL,15,GRAMMES,SPECIALITE,TUBE,3130,3130,80,REMBOURSABLE
0001879,TERLOMEXIN OVULE 200MG,FENTICONAZOLE,OVULE,200MG,ANTI-FONGIQUE LOCAL,3,OVULES,SPECIALITE,BOITE,3515,3515,80,REMBOURSABLE
0000274,GRISEO POMMADE 5%,GRISEOFULVINE,POMMADE,5%,ANTI-FONGIQUE LOCAL,15,GRAMMES,GENERIQUE,TUBE,870,870,80,REMBOURSABLE
0000919,FAZOL CREME 2%,ISOCONAZOLE,CREME,2%,ANTI-FONGIQUE LOCAL,30,GRAMMES,SPECIALITE,TUBE,3600,3600,80,REMBOURSABLE
0004207,KAZOL CREME 2%,KETOCONAZOLE,CREME,2%,ANTI-FONGIQUE LOCAL,15,GRAMMES,GENERIQUE,TUBE,1720,1579,80,REMBOURSABLE
0001043,KETODERM CREME 2%,KETOCONAZOLE,CREME,2%,ANTI-FONGIQUE LOCAL,15,GRAMMES,SPECIALITE,TUBE,3420,1639,80,REMBOURSABLE
0001055,MICOZAL CREME 2%,KETOCONAZOLE,CREME,2%,ANTI-FONGIQUE LOCAL,15,GRAMMES,GENERIQUE,TUBE,1490,1490,80,REMBOURSABLE
0003843,NIZODERM CREME 2%,KETOCONAZOLE,CREME,2%,ANTI-FONGIQUE LOCAL,15,GRAMMES,GENERIQUE,TUBE,1380,1380,80,REMBOURSABLE
0001063,PHYTORAL CREME 2%,KETOCONAZOLE,CREME,2%,ANTI-FONGIQUE LOCAL,15,GRAMMES,GENERIQUE,TUBE,2560,1639,80,REMBOURSABLE
0004889,KETOCONAZOLE GEL MOUSSANT 2%,KETOCONAZOLE,GEL MOUSSANT,2%,ANTI-FONGIQUE LOCAL,8,SACHETS,GENERIQUE,BOITE,4680,4680,80,REMBOURSABLE
0001036,KETODERM GEL MOUSSANT 2%,KETOCONAZOLE,GEL MOUSSANT,2%,ANTI-FONGIQUE LOCAL,8,SACHETS,SPECIALITE,BOITE,9970,9970,80,REMBOURSABLE
0004416,AMICOZ CREME 2%,MICONAZOLE,CREME,2%,ANTI-FONGIQUE LOCAL,15,GRAMMES,GENERIQUE,TUBE,1150,446,80,REMBOURSABLE
C000292,MICONAZOLE CREME 2%,MICONAZOLE,CREME,2%,ANTI-FONGIQUE LOCAL,30,GRAMMES,CAMEG,TUBE,810,810,80,REMBOURSABLE
0004512,MYCOLEX CREME 2%,MICONAZOLE,CREME,2%,ANTI-FONGIQUE LOCAL,20,GRAMMES,GENERIQUE,TUBE,975,594,80,REMBOURSABLE
0000900,DAKTARIN GEL BUCCAL 2%,MICONAZOLE,GEL BUCCAL,2%,ANTI-FONGIQUE LOCAL,40,GRAMMES,SPECIALITE,TUBE,3950,3950,80,REMBOURSABLE
0003605,MICAZOLE GEL BUCCAL 2%,MICONAZOLE,GEL BUCCAL,2%,ANTI-FONGIQUE LOCAL,20,GRAMMES,GENERIQUE,TUBE,1950,1950,80,REMBOURSABLE
0004487,GYNO MYCOLEX OVULE 400MG,MICONAZOLE,OVULE,400MG,ANTI-FONGIQUE LOCAL,3,OVULES,GENERIQUE,BOITE,2875,2875,80,REMBOURSABLE
0000908,DAKTARIN POUDRE 2%,MICONAZOLE,POUDRE,2%,ANTI-FONGIQUE LOCAL,30,GRAMMES,SPECIALITE,TUBE,2305,2305,80,REMBOURSABLE
0001034,EXODERIL CREME 1%,NAFTIFINE,CREME,1%,ANTI-FONGIQUE LOCAL,15,GRAMMES,SPECIALITE,TUBE,2745,2745,80,REMBOURSABLE
0001039,EXODERIL SOL EXT 1%,NAFTIFINE,SOLUTION EXTERNE,1%,ANTI-FONGIQUE LOCAL,10,MILLILITRES,SPECIALITE,FLACON,2535,2535,80,REMBOURSABLE
0004525,NYSTAKIL OVULE 100 000UI,NYSTATINE,OVULE,100000UI,ANTI-FONGIQUE LOCAL,14,OVULES,GENERIQUE,BOITE,1400,539,80,REMBOURSABLE
C000027,NYSTATINE OVULE 100 000UI,NYSTATINE,OVULE,100000UI,ANTI-FONGIQUE LOCAL,10,OVULES,CAMEG,BOITE,450,450,80,REMBOURSABLE
0000566,DERMOFIX CREME 2%,SERTACONAZOLE,CREME,2%,ANTI-FONGIQUE LOCAL,20,GRAMMES,SPECIALITE,TUBE,2630,2630,80,REMBOURSABLE
0000561,GYNO DERMOFIX OVULE 300MG,SERTACONAZOLE,OVULE,300MG,ANTI-FONGIQUE LOCAL,1,OVULE,SPECIALITE,BOITE,4120,4120,80,REMBOURSABLE
0004791,ZALAIN OVULE 300MG,SERTACONAZOLE,OVULE,300MG,ANTI-FONGIQUE LOCAL,1,OVULE,GENERIQUE,BOITE,3560,3560,80,REMBOURSABLE
0002034,LAMISIL CREME 1%,TERBINAFINE,CREME,1%,ANTI-FONGIQUE LOCAL,15,GRAMMES,SPECIALITE,TUBE,4200,4200,80,REMBOURSABLE
0002022,TEGUMA CREME 1%,TERBINAFINE,CREME,1%,ANTI-FONGIQUE LOCAL,15,GRAMMES,GENERIQUE,TUBE,2665,2665,80,REMBOURSABLE
0004660,TERFINA CREME 1%,TERBINAFINE,CREME,1%,ANTI-FONGIQUE LOCAL,15,GRAMMES,GENERIQUE,TUBE,1895,1895,80,REMBOURSABLE
0002233,SPORALIM LOTION 1%,TOLNAFTATE,LOTION,1%,ANTI-FONGIQUE LOCAL,30,MILLILITRES,GENERIQUE,FLACON,1045,1045,80,REMBOURSABLE
0002236,SPORILINE LOTION 1%,TOLNAFTATE,LOTION,1%,ANTI-FONGIQUE LOCAL,25,MILLILITRES,SPECIALITE,FLACON,1710,959,80,REMBOURSABLE
0003823,GYNOMAX OVULE B/12,HYDROCORTISONE+METRONIDAZOLE+NEOMYCINE+NYSTATINE,OVULE,5MG/250MG/100MG/100000UI,ANTI-FONGIQUE LOCAL ASSOCIATION,12,OVULES,GENERIQUE,BOITE,5165,5165,80,REMBOURSABLE
0000879,GYNOMAX OVULE B/6,HYDROCORTISONE+METRONIDAZOLE+NEOMYCINE+NYSTATINE,OVULE,5MG/250MG/100MG/100000UI,ANTI-FONGIQUE LOCAL ASSOCIATION,6,OVULES,GENERIQUE,BOITE,2800,2800,80,REMBOURSABLE
0000872,GYNANFORT OVULE,METRONIDAZOLE+NEOMYCINE+NYSTATINE,OVULE,500MG/65000UI/100000UI,ANTI-FONGIQUE LOCAL ASSOCIATION,10,OVULES,GENERIQUE,BOITE,2470,2470,80,REMBOURSABLE
0002055,TERGYNAN OVULE B/10,METRONIDAZOLE+NEOMYCINE+NYSTATINE,OVULE,500MG/65000UI/100000UI,ANTI-FONGIQUE LOCAL ASSOCIATION,10,OVULES,SPECIALITE,BOITE,2755,2755,80,REMBOURSABLE
0000037,TERGYNAN OVULE B/6,METRONIDAZOLE+NEOMYCINE+NYSTATINE,OVULE,500MG/65000UI/100000UI,ANTI-FONGIQUE LOCAL ASSOCIATION,6,OVULES,SPECIALITE,BOITE,1825,1819,80,REMBOURSABLE
0001131,POLYGYNAX OVULE B/12,NEOMYCINE+POLYMYXINE B+NYSYATINE,OVULE,35MIU/35MUI/100MUI,ANTI-FONGIQUE LOCAL ASSOCIATION,12,OVULES,SPECIALITE,BOITE,4270,4270,80,REMBOURSABLE
0001138,POLYGYNAX OVULE B/6,NEOMYCINE+POLYMYXINE B+NYSYATINE,OVULE,35MIU/35MUI/100MUI,ANTI-FONGIQUE LOCAL ASSOCIATION,6,OVULES,SPECIALITE,BOITE,2375,2349,80,REMBOURSABLE
0001124,POLYGYNAX VIRGO OVULE,NEOMYCINE+POLYMYXINE B+NYSYATINE,OVULE VIRGO,35MIU/35MUI/100MUI,ANTI-FONGIQUE LOCAL ASSOCIATION,6,OVULES,SPECIALITE,BOITE,2375,2375,80,REMBOURSABLE
0003782,"ALPHAGAN COLLYRE 0,2%",BRIMONIDINE,COLLYRE,"0,2%",ANTI-GLAUCOMATEUX ALPHA-BLOQUANT,5,MILLILITRES,SPECIALITE,FLACON,6240,6240,80,TPC
0004890,"BRIMO COLLYRE 0,2%",BRIMONIDINE,COLLYRE,"0,2%",ANTI-GLAUCOMATEUX ALPHA-BLOQUANT,5,MILLILITRES,GENERIQUE,FLACON,6015,6015,80,TPC
0004213,"CEXOLAN COLLYRE 0,005%",LATANOPROST,COLLYRE,"0,005%",ANTI-GLAUCOMATEUX ANALOGUE PGF2,3,MILLILITRES,GENERIQUE,FLACON,11090,7705,80,TPC
0003829,"IOPROST COLLYRE 0,005%",LATANOPROST,COLLYRE,"0,005%",ANTI-GLAUCOMATEUX ANALOGUE PGF2,3,MILLILITRES,GENERIQUE,FLACON,10505,10505,80,TPC
0004496,"LACOMA COLLYRE 0,005%",LATANOPROST,COLLYRE,"0,005%",ANTI-GLAUCOMATEUX ANALOGUE PGF2,3,MILLILITRES,GENERIQUE,FLACON,8610,8610,80,TPC
0004892,"LATANO COLLYRE 0,005%",LATANOPROST,COLLYRE,"0,005%",ANTI-GLAUCOMATEUX ANALOGUE PGF2,3,MILLILITRES,GENERIQUE,FLACON,8745,8745,80,TPC
0004891,"MONOPROST COLLYRE 0,005% FL/UNIDOSE",LATANOPROST,COLLYRE,"0,005%",ANTI-GLAUCOMATEUX ANALOGUE PGF2,30,FLACONS,GENERIQUE,BOITE,9850,9850,80,TPC
0001267,"XALATAN COLLYRE 0,005%",LATANOPROST,COLLYRE,"0,005%",ANTI-GLAUCOMATEUX ANALOGUE PGF2,3,MILLILITRES,SPECIALITE,FLACON,15920,9631,80,TPC
0000510,TRAVATAN COLLYRE 40µG,TRAVOPROST,COLLYRE,40µG,ANTI-GLAUCOMATEUX ANALOGUE PGF2,3,MILLILITRES,SPECIALITE,FLACON,15495,15495,80,TPC
0005125,"DORZOLAMIDE+TIMOLOL TLG COLLYRE 2%/0,5%",DORZOLAMIDE+TIMOLOL,COLLYRE,"2%/0,5%",ANTI-GLAUCOMATEUX ANALOGUE PGF2+BETA-BLOQUANT,5,MILLILITRES,GENERIQUE,FLACON,7300,7300,80,TPC
0004497,LACOMA-T COLLYRE 50µG/5MG,LATANOPROST+TIMOLOL,COLLYRE,50µG/5MG,ANTI-GLAUCOMATEUX ANALOGUE PGF2+BETA-BLOQUANT,3,MILLILITRES,GENERIQUE,FLACON,9760,9760,80,TPC
0004894,LATANOCOM COLLYRE 50µG/5MG,LATANOPROST+TIMOLOL,COLLYRE,50µG/5MG,ANTI-GLAUCOMATEUX ANALOGUE PGF2+BETA-BLOQUANT,3,MILLILITRES,GENERIQUE,FLACON,10505,10505,80,TPC
0001273,XALACOM COLLYRE 50µG/5MG,LATANOPROST+TIMOLOL,COLLYRE,50µG/5MG,ANTI-GLAUCOMATEUX ANALOGUE PGF2+BETA-BLOQUANT,3,MILLILITRES,SPECIALITE,FLACON,17220,17220,80,TPC
0004893,ISOPTOPILOCARPINE COLLYRE 2%,PILOCARPINE,COLLYRE,2%,ANTI-GLAUCOMATEUX ANTI-ACH,10,MILLILITRES,SPECIALITE,FLACON,1575,1575,80,TPC
0001325,"BETOPTIC COLLYRE 0,25%",BETAXOLOL,COLLYRE,"0,25%",ANTI-GLAUCOMATEUX BETA-BLOQUANT,5,MILLILITRES,SPECIALITE,FLACON,3685,3685,80,TPC
0001332,"BETOPTIC COLLYRE 0,5%",BETAXOLOL,COLLYRE,"0,5%",ANTI-GLAUCOMATEUX BETA-BLOQUANT,5,MILLILITRES,SPECIALITE,FLACON,3685,3685,80,TPC
0002224,CARTEOL COLLYRE LP 1%,CARTEOLOL,COLLYRE LP,1%,ANTI-GLAUCOMATEUX BETA-BLOQUANT,3,MILLILITRES,SPECIALITE,FLACON,6140,6140,80,TPC
0002245,CARTEOL COLLYRE LP 2%,CARTEOLOL,COLLYRE LP,2%,ANTI-GLAUCOMATEUX BETA-BLOQUANT,3,MILLILITRES,SPECIALITE,FLACON,6140,6140,80,TPC
0000283,"TIMOPTOL COLLYRE 0,25%",TIMOLOL,COLLYRE,"0,25%",ANTI-GLAUCOMATEUX BETA-BLOQUANT,3,MILLILITRES,SPECIALITE,FLACON,3285,3285,80,TPC
0004485,"GLOSOL COLLYRE 0,5%",TIMOLOL,COLLYRE,"0,5%",ANTI-GLAUCOMATEUX BETA-BLOQUANT,5,MILLILITRES,GENERIQUE,FLACON,1700,1700,80,TPC
0000296,"NORMOPTIC COLLYRE 0,5%",TIMOLOL,COLLYRE,"0,5%",ANTI-GLAUCOMATEUX BETA-BLOQUANT,5,MILLILITRES,GENERIQUE,FLACON,1665,1665,80,TPC
0000311,"TIMOLOL COLLYRE 0,5%",TIMOLOL,COLLYRE,"0,5%",ANTI-GLAUCOMATEUX BETA-BLOQUANT,5,MILLILITRES,GENERIQUE,FLACON,1205,1205,80,TPC
0002204,"TIMOPTOL COLLYRE 0,5%",TIMOLOL,COLLYRE,"0,5%",ANTI-GLAUCOMATEUX BETA-BLOQUANT,3,MILLILITRES,SPECIALITE,FLACON,3535,1099,80,TPC
0002207,"TIMOSOL COLLYRE 0,5%",TIMOLOL,COLLYRE,"0,5%",ANTI-GLAUCOMATEUX BETA-BLOQUANT,5,MILLILITRES,GENERIQUE,FLACON,885,885,80,TPC
0000517,DUOTRAV COLLYRE 40µG/5MG,TRAVOPROST+TIMOLOL,COLLYRE,40µG/5MG,ANTI-GLAUCOMATEUX BITHERAPIE ANALOGUE PGF2+BETA-BLOQUANT,3,MILLILITRES,SPECIALITE,FLACON,17045,17045,80,TPC
0005031,TRAVONORM PLUS COLLYRE 40µG/5MG,TRAVOPROST+TIMOLOL,COLLYRE,40µG/5MG,ANTI-GLAUCOMATEUX BITHERAPIE ANALOGUE PGF2+BETA-BLOQUANT,5,MILLILITRES,GENERIQUE,FLACON,9450,9450,80,TPC
0001403,AZARGA COLLYRE 10MG/5MG,BRINZOLAMIDE+TIMOLOL,COLLYRE,10MG/5MG,ANTI-GLAUCOMATEUX INHIBITEUR ANHYDRASE CARBONIQUE+BETA-BLOQUANT,5,MILLILITRES,SPECIALITE,FLACON,15175,15175,80,TPC
0003875,"TWINZOL COLLYRE 2%/0,5%",DORZOLAMIDE+TIMOLOL,COLLYRE,"2%/0,5%",ANTI-GLAUCOMATEUX INHIBITEUR ANHYDRASE CARBONIQUE+BETA-BLOQUANT,5,MILLILITRES,GENERIQUE,FLACON,7875,7875,80,TPC
0005074,"TWINZOL COLLYRE 2%/0,5% FL/UNIDOSE",DORZOLAMIDE+TIMOLOL,COLLYRE,"2%/0,5%",ANTI-GLAUCOMATEUX INHIBITEUR ANHYDRASE CARBONIQUE+BETA-BLOQUANT,30,FLACONS,GENERIQUE,BOITE,5305,5305,80,TPC
0000081,DIAMOX COMP 250MG,ACETAZOLAMIDE,COMPRIME,250MG,ANTI-GLAUCOMATEUX INHIBITEUR DE L'ANHYDRASE CARBONIQUE,24,COMPRIMES,SPECIALITE,BOITE,4685,4685,80,TPC
0001140,DIAMOX SOL INJ 500MG,ACETAZOLAMIDE,SOLUTION INJECTABLE,500MG,ANTI-GLAUCOMATEUX INHIBITEUR DE L'ANHYDRASE CARBONIQUE,1,FLACON,SPECIALITE,BOITE,2975,2975,80,REMBOURSABLE
0001394,AZOPT COLLYRE 10MG/ML,BRINZOLAMIDE,COLLYRE,10MG/ML,ANTI-GLAUCOMATEUX INHIBITEUR DE L'ANHYDRASE CARBONIQUE,5,MILLILITRES,SPECIALITE,FLACON,11055,11055,80,TPC
0004515,NEUDOR COLLYRE 2%,DORZOLAMIDE,COLLYRE,2%,ANTI-GLAUCOMATEUX INHIBITEUR DE L'ANHYDRASE CARBONIQUE,5,MILLILITRES,GENERIQUE,FLACON,4820,4820,80,TPC
0003847,OZOLAMIDE COLLYRE 2% ,DORZOLAMIDE,COLLYRE,2%,ANTI-GLAUCOMATEUX INHIBITEUR DE L'ANHYDRASE CARBONIQUE,5,MILLILITRES,GENERIQUE,FLACON,5775,5775,80,TPC
0004896,TRUSOPT COLLYRE 2%,DORZOLAMIDE,COLLYRE,2%,ANTI-GLAUCOMATEUX INHIBITEUR DE L'ANHYDRASE CARBONIQUE,5,MILLILITRES,SPECIALITE,FLACON,5340,5340,80,TPC
0004895,XOLA COLLYRE 2%,DORZOLAMIDE,COLLYRE,2%,ANTI-GLAUCOMATEUX INHIBITEUR DE L'ANHYDRASE CARBONIQUE,5,MILLILITRES,GENERIQUE,FLACON,5650,5650,80,TPC
0004897,ALLOPURINOL COMP 100MG,ALLOPURINOL,COMPRIME,100MG,ANTI-GOUTTEUX,28,COMPRIMES,GENERIQUE,BOITE,870,870,80,TPC
0004517,NOURIC COMP 100MG,ALLOPURINOL,COMPRIME,100MG,ANTI-GOUTTEUX,28,COMPRIMES,GENERIQUE,BOITE,1725,1452,80,TPC
0001536,ZYLORIC COMP 100MG,ALLOPURINOL,COMPRIME,100MG,ANTI-GOUTTEUX,28,COMPRIMES,SPECIALITE,BOITE,1320,1320,80,TPC
0004898,ALLOPURINOL COMP 200MG,ALLOPURINOL,COMPRIME,200MG,ANTI-GOUTTEUX,28,COMPRIMES,GENERIQUE,BOITE,1380,1380,80,TPC
0001545,ZYLORIC COMP 200MG,ALLOPURINOL,COMPRIME,200MG,ANTI-GOUTTEUX,28,COMPRIMES,SPECIALITE,BOITE,2080,2080,80,TPC
0004899,ALLOPURINOL COMP 300MG,ALLOPURINOL,COMPRIME,300MG,ANTI-GOUTTEUX,28,COMPRIMES,GENERIQUE,BOITE,1885,1885,80,TPC
0004900,ALLOPURINOL COMP 300MG,ALLOPURINOL,COMPRIME,300MG,ANTI-GOUTTEUX,28,COMPRIMES,GENERIQUE,BOITE,1755,1755,80,TPC
0004901,ALLOPURINOL COMP 300MG,ALLOPURINOL,COMPRIME,300MG,ANTI-GOUTTEUX,28,COMPRIMES,GENERIQUE,BOITE,1885,1885,80,TPC
0001557,ZYLORIC COMP 300MG,ALLOPURINOL,COMPRIME,300MG,ANTI-GOUTTEUX,28,COMPRIMES,SPECIALITE,BOITE,2675,2675,80,TPC
0001252,COLCHICINE OPOCALCIUM COMP 1MG,COLCHICINE,COMPRIME,1MG,ANTI-GOUTTEUX,20,COMPRIMES,SPECIALITE,BOITE,2110,2110,80,REMBOURSABLE
0002494,DIFRAREL COMP 100MG,ANTHOCYANOSIDE DE VACCINIUM MYRTILLUS+BETA-CAROTENE,COMPRIME,100MG/5MG,ANTI-HEMORROIDAIRE VEINOTONIQUE,20,COMPRIMES,SPECIALITE,BOITE,3155,3155,80,REMBOURSABLE
0002498,DIFRAREL E COMP 50MG/50MG,ANTHOCYANOSIDE DE VACCINIUM MYRTILLUS+TOCOPHEROL,COMPRIME,50MG/50MG,ANTI-HEMORROIDAIRE VEINOTONIQUE,24,COMPRIMES,SPECIALITE,BOITE,2295,2295,80,REMBOURSABLE
0001180,DIOVENOR COMP 600MG B/30,DIOSMINE,COMPRIME,600MG,ANTI-HEMORROIDAIRE VEINOTONIQUE,30,COMPRIMES,SPECIALITE,BOITE,9975,9975,80,REMBOURSABLE
0000416,DIOVENOR COMP 600MG BLISTER/15,DIOSMINE,COMPRIME,600MG,ANTI-HEMORROIDAIRE VEINOTONIQUE,15,COMPRIMES,SPECIALITE,BOITE,5730,5487,80,REMBOURSABLE
0002366,DAFLON COMP 500MG,FLAVONOIDE PURIFIEE,COMPRIME,500MG,ANTI-HEMORROIDAIRE VEINOTONIQUE,30,COMPRIMES,SPECIALITE,BOITE,4100,4100,80,REMBOURSABLE
0000382,VENOSMIL GELULE 200MG,HIDROSMINE,GELULE,200MG,ANTI-HEMORROIDAIRE VEINOTONIQUE,20,GELULES,SPECIALITE,BOITE,3420,3420,80,REMBOURSABLE
0000818,CYCLO 3 FORT GELULE,RUSCUS+HESPERIDINE METHYL CHALCONE+ACIDE ASCORBIQUE,GELULE,150MG/150MG/100MG,ANTI-HEMORROIDAIRE VEINOTONIQUE,30,GELULES,SPECIALITE,BOITE,3420,3420,80,REMBOURSABLE
0000394,VELITEN COMP ,RUTINE+ACIDE ASCORBIQUE+TOCOPHEROL,COMPRIME,200MG/200MG/50MG,ANTI-HEMORROIDAIRE VEINOTONIQUE,30,COMPRIMES,SPECIALITE,BOITE,3695,3695,80,REMBOURSABLE
0001501,SEDORRHOIDE CREME,BROMURE DE DODECLONIUM+ESCULOSIDE+ENOXOLONE+BENZOCAINE,CREME,"0,4G/0,46G/0,93G/2G",ANTI-HEMORROIDAIRE VEINOTONIQUE LOCAL,30,GRAMMES,SPECIALITE,TUBE,2135,2135,80,REMBOURSABLE
0001509,SEDORRHOIDE SUPPO,BROMURE DE DODECLONIUM+ESCULOSIDE+ENOXOLONE+BENZOCAINE,SUPPOSITOIRE,"1,3MG/6MG/23MG/50MG",ANTI-HEMORROIDAIRE VEINOTONIQUE LOCAL,8,SUPPOSITOIRES,SPECIALITE,BOITE,2135,2135,80,REMBOURSABLE
0002197,TITANOREINE SUPPO,CARRAGHENATES+DIOXYDE DE TITANE+OXYDE DE ZINC,SUPPOSITOIRE,"0,3G/0,2G/0,4G",ANTI-HEMORROIDAIRE VEINOTONIQUE LOCAL,12,SUPPOSITOIRES,SPECIALITE,BOITE,5475,2195,80,REMBOURSABLE
0002202,TITANOREINE CREME,CARRAGHENATES+DIOXYDE DE TITANE+OXYDE DE ZINC+LIDOCAINE,CREME,"2,5G/2G/2G/2G",ANTI-HEMORROIDAIRE VEINOTONIQUE LOCAL,20,GRAMMES,SPECIALITE,TUBE,4215,2019,80,REMBOURSABLE
0000379,VENOSMIL GEL 2%,HIDROSMINE,GEL,2%,ANTI-HEMORROIDAIRE VEINOTONIQUE LOCAL,60,GRAMMES,SPECIALITE,TUBE,2320,2320,80,REMBOURSABLE
0001751,ANOMEX SUPPO,HYDROCORTISONE+LIDOCAÏNE+OXYDE DE ZINC+ALLANTOÏNE,SUPPOSITOIRE,"0,25%/3%/5%/0,5%",ANTI-HEMORROIDAIRE VEINOTONIQUE LOCAL,10,SUPPOSITOIRES,SPECIALITE,BOITE,5165,5165,80,REMBOURSABLE
0000464,ANTIHEMORROIDAL CINFA POMMADE,HYDROCORTISONE+NEOMYCINE+BENZOCAINE+ACIDE TANNIQUE,POMMADE,"25MG/3,5MG/15MG/10MG",ANTI-HEMORROIDAIRE VEINOTONIQUE LOCAL,30,GRAMMES,SPECIALITE,TUBE,2895,2895,80,REMBOURSABLE
0001725,ATACAND COMP 16MG,CANDESARTAN,COMPRIME,16MG,ANTI-HYPERTENSEUR ARA II,28,COMPRIMES,SPECIALITE,BOITE,14670,14670,80,TPC
0004902,CANDESARTAN COMP 16MG,CANDESARTAN,COMPRIME,16MG,ANTI-HYPERTENSEUR ARA II,30,COMPRIMES,GENERIQUE,BOITE,4105,4105,80,TPC
0001730,ATACAND COMP 4MG,CANDESARTAN,COMPRIME,4MG,ANTI-HYPERTENSEUR ARA II,28,COMPRIMES,SPECIALITE,BOITE,13820,13820,80,TPC
0001735,ATACAND COMP 8MG,CANDESARTAN,COMPRIME,8MG,ANTI-HYPERTENSEUR ARA II,28,COMPRIMES,SPECIALITE,BOITE,13615,13615,80,TPC
0003491,APROVEL COMP 150MG,IRBESARTAN,COMPRIME,150MG,ANTI-HYPERTENSEUR ARA II,28,COMPRIMES,SPECIALITE,BOITE,15690,15690,80,TPC
0003713,APROVEL COMP 300MG,IRBESARTAN,COMPRIME,300MG,ANTI-HYPERTENSEUR ARA II,28,COMPRIMES,SPECIALITE,BOITE,16530,16530,80,TPC
0003112,LOSAR DENK COMP 100MG,LOSARTAN,COMPRIME,100MG,ANTI-HYPERTENSEUR ARA II,28,COMPRIMES,GENERIQUE,BOITE,8035,8035,80,TPC
0004224,ANGIZAAR COMP 50MG,LOSARTAN,COMPRIME,50MG,ANTI-HYPERTENSEUR ARA II,30,COMPRIMES,GENERIQUE,BOITE,5970,5412,80,TPC
0004225,COZAAR COMP 50MG,LOSARTAN,COMPRIME,50MG,ANTI-HYPERTENSEUR ARA II,28,COMPRIMES,SPECIALITE,BOITE,4590,4590,80,TPC
0003125,LOSAR DENK COMP 50MG,LOSARTAN,COMPRIME,50MG,ANTI-HYPERTENSEUR ARA II,28,COMPRIMES,GENERIQUE,BOITE,5510,5049,80,TPC
0003615,LOSAR MEDIS COMP 50MG,LOSARTAN,COMPRIME,50MG,ANTI-HYPERTENSEUR ARA II,30,COMPRIMES,GENERIQUE,BOITE,6600,5412,80,TPC
0003484,ZYLTAN COMP 50¨MG,LOSARTAN,COMPRIME,50MG,ANTI-HYPERTENSEUR ARA II,30,COMPRIMES,GENERIQUE,BOITE,4590,4590,80,TPC
0004903,MICARDIS COMP 40MG,TELMISARTAN,COMPRIME,40MG,ANTI-HYPERTENSEUR ARA II,30,COMPRIMES,GENERIQUE,BOITE,5995,5995,80,TPC
0003627,TELMIKAA COMP 40MG,TELMISARTAN,COMPRIME,40MG,ANTI-HYPERTENSEUR ARA II,30,COMPRIMES,GENERIQUE,BOITE,6885,6885,80,TPC
0001820,TAREG COMP 160MG,VALSARTAN,COMPRIME,160MG,ANTI-HYPERTENSEUR ARA II,28,COMPRIMES,SPECIALITE,BOITE,14650,14650,80,TPC
0002548,"HYTACAND COMP 16MG/12,5MG",CANDESARTAN+HYDROCHLOROTHIAZIDE,COMPRIME,"16MG/12,5MG",ANTI-HYPERTENSEUR ARA II+DIURETIQUE THIAZIDIQUE,30,COMPRIMES,SPECIALITE,BOITE,14670,14670,80,TPC
0002549,"HYTACAND COMP 8MG/12,5MG",CANDESARTAN+HYDROCHLOROTHIAZIDE,COMPRIME,"8MG/12,5MG",ANTI-HYPERTENSEUR ARA II+DIURETIQUE THIAZIDIQUE,30,COMPRIMES,SPECIALITE,BOITE,13615,13615,80,TPC
0003714,"COAPROVEL COMP 150MG/12,5MG",IRBESARTAN+HYDROCHLOROTHIAZIDE,COMPRIME,"150MG/12,5MG",ANTI-HYPERTENSEUR ARA II+DIURETIQUE THIAZIDIQUE,28,COMPRIMES,SPECIALITE,BOITE,15920,15920,80,TPC
0003716,"COAPROVEL COMP 300MG/12,5MG",IRBESARTAN+HYDROCHLOROTHIAZIDE,COMPRIME,"300MG/12,5MG",ANTI-HYPERTENSEUR ARA II+DIURETIQUE THIAZIDIQUE,28,COMPRIMES,SPECIALITE,BOITE,16530,16530,80,TPC
0004226,"ANGIZAAR-H COMP 50MG/12,5MG",LOSARTAN+HYDROCHLOROTHIAZIDE,COMPRIME,"50MG/12,5MG",ANTI-HYPERTENSEUR ARA II+DIURETIQUE THIAZIDIQUE,30,COMPRIMES,GENERIQUE,BOITE,5970,5935,80,TPC
0000255,"COLOSAR DENK COMP 50MG/12,5MG",LOSARTAN+HYDROCHLOROTHIAZIDE,COMPRIME,"50MG/12,5MG",ANTI-HYPERTENSEUR ARA II+DIURETIQUE THIAZIDIQUE,28,COMPRIMES,GENERIQUE,BOITE,6085,5539,80,TPC
0004227,"HYZAAR COMP 50MG/12,5MG",LOSARTAN+HYDROCHLOROTHIAZIDE,COMPRIME,"50MG/12,5MG",ANTI-HYPERTENSEUR ARA II+DIURETIQUE THIAZIDIQUE,28,COMPRIMES,SPECIALITE,BOITE,5395,5395,80,TPC
0004228,"RAASAR-H COMP 50MG/12,5MG",LOSARTAN+HYDROCHLOROTHIAZIDE,COMPRIME,"50MG/12,5MG",ANTI-HYPERTENSEUR ARA II+DIURETIQUE THIAZIDIQUE,30,COMPRIMES,GENERIQUE,BOITE,5165,5165,80,TPC
0003635,"ZYLTAN H COMP 50MG/12,5MG",LOSARTAN+HYDROCHLOROTHIAZIDE,COMPRIME,"50MG/12,5MG",ANTI-HYPERTENSEUR ARA II+DIURETIQUE THIAZIDIQUE,30,COMPRIMES,GENERIQUE,BOITE,5395,5395,80,TPC
0003457,"TELMIKAA-H COMP 40MG/12,5MG",TELMISARTAN+HYDROCHLOROTHIAZIDE,COMPRIME,"40MG/12,5MG",ANTI-HYPERTENSEUR ARA II+DIURETIQUE THIAZIDIQUE,30,COMPRIMES,GENERIQUE,BOITE,11480,11480,80,TPC
0004914,"TELMISARTAN HCT COMP 40MG/12,5MG",TELMISARTAN+HYDROCHLOROTHIAZIDE,COMPRIME,"40MG/12,5MG",ANTI-HYPERTENSEUR ARA II+DIURETIQUE THIAZIDIQUE,30,COMPRIMES,GENERIQUE,BOITE,3330,3330,80,TPC
0005127,AMVA DENK COMP 10MG/160MG,AMLODIPINE+VALSARTAN,COMPRIME,10MG/160MG,ANTI-HYPERTENSEUR ARA II+ICC,28,COMPRIMES,GENERIQUE,BOITE,10330,10330,80,TPC
0005129,SARTEX COMP 10MG/160MG,AMLODIPINE+VALSARTAN,COMPRIME,10MG/160MG,ANTI-HYPERTENSEUR ARA II+ICC,30,COMPRIMES,GENERIQUE,BOITE,12600,11465,80,TPC
0005126,AMSTAN COMP 5MG/160MG,AMLODIPINE+VALSARTAN,COMPRIME,5MG/160MG,ANTI-HYPERTENSEUR ARA II+ICC,30,COMPRIMES,GENERIQUE,BOITE,12905,10470,80,TPC
0005128,AMVA DENK 5MG/160MG,AMLODIPINE+VALSARTAN,COMPRIME,5MG/160MG,ANTI-HYPERTENSEUR ARA II+ICC,28,COMPRIMES,GENERIQUE,BOITE,8035,8035,80,TPC
0005130,SARTEX COMP 5MG/160MG,AMLODIPINE+VALSARTAN,COMPRIME,5MG/160MG,ANTI-HYPERTENSEUR ARA II+ICC,30,COMPRIMES,GENERIQUE,BOITE,11480,10470,80,TPC
0004032,RAASAR-AM COMP 50MG/5MG,LOSARTAN+AMLODIPINE,COMPRIME,50MG/5MG,ANTI-HYPERTENSEUR ARA II+ICC,30,COMPRIMES,GENERIQUE,BOITE,7460,7460,80,TPC
0005131,"SARTEX HCT COMP 10MG/160MG/12,5MG",AMLODIPINE+VALSARTAN+HYDROCHLOROTHIAZIDE,COMPRIME,"10MG/160MG/12,5MG",ANTI-HYPERTENSEUR ARA II+ICC+DIURETIQUE THIAZIDIQUE,30,COMPRIMES,GENERIQUE,BOITE,13400,12515,80,TPC
0005132,SARTEX HCT COMP 10MG/160MG/25MG,AMLODIPINE+VALSARTAN+HYDROCHLOROTHIAZIDE,COMPRIME,10MG/160MG/25MG,ANTI-HYPERTENSEUR ARA II+ICC+DIURETIQUE THIAZIDIQUE,30,COMPRIMES,GENERIQUE,BOITE,13400,13400,80,TPC
0005133,"SARTEX HCT COMP 5MG/160MG/12,5MG",AMLODIPINE+VALSARTAN+HYDROCHLOROTHIAZIDE,COMPRIME,"5MG/160MG/12,5MG",ANTI-HYPERTENSEUR ARA II+ICC+DIURETIQUE THIAZIDIQUE,30,COMPRIMES,GENERIQUE,BOITE,15400,11520,80,TPC
0005134,SARTEX HCT COMP 5MG/160MG/25MG,AMLODIPINE+VALSARTAN+HYDROCHLOROTHIAZIDE,COMPRIME,5MG/160MG/25MG,ANTI-HYPERTENSEUR ARA II+ICC+DIURETIQUE THIAZIDIQUE,30,COMPRIMES,GENERIQUE,BOITE,16000,12570,80,TPC
0000005,SECTRAL COMP 200MG,ACEBUTOLOL,COMPRIME,200MG,ANTI-HYPERTENSEUR BETA-BLOQUANT,30,COMPRIMES,SPECIALITE,BOITE,5110,5110,80,TPC
0000948,BLOKIUM COMP 100MG B/15,ATENOLOL,COMPRIME,100MG,ANTI-HYPERTENSEUR BETA-BLOQUANT,15,COMPRIMES,GENERIQUE,BOITE,3225,3177,80,TPC
0000229,BLOKIUM COMP 100MG B/30,ATENOLOL,COMPRIME,100MG,ANTI-HYPERTENSEUR BETA-BLOQUANT,30,COMPRIMES,GENERIQUE,BOITE,5775,5775,80,TPC
0004436,CAPTENOL COMP 100MG,ATENOLOL,COMPRIME,100MG,ANTI-HYPERTENSEUR BETA-BLOQUANT,30,COMPRIMES,GENERIQUE,BOITE,2185,2185,80,TPC
0000244,NOVATEN COMP 100MG,ATENOLOL,COMPRIME,100MG,ANTI-HYPERTENSEUR BETA-BLOQUANT,28,COMPRIMES,GENERIQUE,BOITE,6715,5929,80,TPC
0000251,TENORMINE COMP 100MG,ATENOLOL,COMPRIME,100MG,ANTI-HYPERTENSEUR BETA-BLOQUANT,30,COMPRIMES,SPECIALITE,BOITE,6810,6353,80,TPC
0000239,ATENOLOL DENK COMP 50MG BLISTER/10,ATENOLOL,COMPRIME,50MG,ANTI-HYPERTENSEUR BETA-BLOQUANT,10,COMPRIMES,GENERIQUE,BLISTER,790,790,80,TPC
0000955,BLOKIUM COMP 50MG B/15,ATENOLOL,COMPRIME,50MG,ANTI-HYPERTENSEUR BETA-BLOQUANT,15,COMPRIMES,GENERIQUE,BOITE,2330,1555,80,TPC
0000975,BLOKIUM COMP 50MG B/30,ATENOLOL,COMPRIME,50MG,ANTI-HYPERTENSEUR BETA-BLOQUANT,30,COMPRIMES,GENERIQUE,BOITE,4215,3108,80,TPC
0000987,NOVATEN COMP 50MG,ATENOLOL,COMPRIME,50MG,ANTI-HYPERTENSEUR BETA-BLOQUANT,28,COMPRIMES,GENERIQUE,BOITE,3675,2896,80,TPC
0000996,TENORMINE COMP 50MG,ATENOLOL,COMPRIME,50MG,ANTI-HYPERTENSEUR BETA-BLOQUANT,30,COMPRIMES,SPECIALITE,BOITE,3215,3108,80,TPC
0000981,TENSICARD COMP 50MG,ATENOLOL,COMPRIME,50MG,ANTI-HYPERTENSEUR BETA-BLOQUANT,30,COMPRIMES,GENERIQUE,BOITE,2825,2825,80,TPC
0004083,BIBLOC COMP 10MG,BISOPROLOL,COMPRIME,10MG,ANTI-HYPERTENSEUR BETA-BLOQUANT,30,COMPRIMES,GENERIQUE,BOITE,4020,4020,80,TPC
0004907,BISOPROLOL COMP 10MG,BISOPROLOL,COMPRIME,10MG,ANTI-HYPERTENSEUR BETA-BLOQUANT,30,COMPRIMES,GENERIQUE,BOITE,3960,3960,80,TPC
0004908,CARDENSIEL COMP 10MG,BISOPROLOL,COMPRIME,10MG,ANTI-HYPERTENSEUR BETA-BLOQUANT,30,COMPRIMES,SPECIALITE,BOITE,5255,4580,80,TPC
0003608,DETENSIEL COMP 10MG,BISOPROLOL,COMPRIME,10MG,ANTI-HYPERTENSEUR BETA-BLOQUANT,30,COMPRIMES,GENERIQUE,BOITE,4580,4580,80,TPC
0004082,BIBLOC COMP 5MG,BISOPROLOL,COMPRIME,5MG,ANTI-HYPERTENSEUR BETA-BLOQUANT,30,COMPRIMES,GENERIQUE,BOITE,2295,2295,80,TPC
0004904,BISOPROLOL COMP 5MG,BISOPROLOL,COMPRIME,5MG,ANTI-HYPERTENSEUR BETA-BLOQUANT,30,COMPRIMES,GENERIQUE,BOITE,2420,2295,80,TPC
0004905,BISOPROLOL COMP 5MG,BISOPROLOL,COMPRIME,5MG,ANTI-HYPERTENSEUR BETA-BLOQUANT,30,COMPRIMES,GENERIQUE,BOITE,1825,1825,80,TPC
0004906,CARDENSIEL COMP 5MG,BISOPROLOL,COMPRIME,5MG,ANTI-HYPERTENSEUR BETA-BLOQUANT,30,COMPRIMES,SPECIALITE,BOITE,3270,2295,80,TPC
0004088,CARVEDI DENK COMP 25MG,CARVEDILOL,COMPRIME,25MG,ANTI-HYPERTENSEUR BETA-BLOQUANT,30,COMPRIMES,GENERIQUE,BOITE,5740,5740,80,TPC
0004087,"CARVEDI DENK COMP 6,25MG",CARVEDILOL,COMPRIME,"6,25MG",ANTI-HYPERTENSEUR BETA-BLOQUANT,30,COMPRIMES,GENERIQUE,BOITE,4020,4020,80,TPC
0004913,LOPRESSOR COMP 100MG,METOPROLOL,COMPRIME,100MG,ANTI-HYPERTENSEUR BETA-BLOQUANT,30,COMPRIMES,SPECIALITE,BOITE,2135,2135,80,TPC
0004242,MET-XL COMP 100MG,METOPROLOL,COMPRIME,100MG,ANTI-HYPERTENSEUR BETA-BLOQUANT,30,COMPRIMES,GENERIQUE,BOITE,5165,5165,80,TPC
0004241,MET-XL COMP 50MG,METOPROLOL,COMPRIME,50MG,ANTI-HYPERTENSEUR BETA-BLOQUANT,30,COMPRIMES,GENERIQUE,BOITE,3445,3445,80,TPC
0004909,NEBIVOLOL COMP 5MG,NEBIVOLOL,COMPRIME,5MG,ANTI-HYPERTENSEUR BETA-BLOQUANT,30,COMPRIMES,GENERIQUE,BOITE,3265,3265,80,TPC
0004245,TEMERIT COMP 5MG,NEBIVOLOL,COMPRIME,5MG,ANTI-HYPERTENSEUR BETA-BLOQUANT,30,COMPRIMES,SPECIALITE,BOITE,8610,8610,80,TPC
0004912,PROPRANOLOL COMP LP 160MG,PROPRANOLOL,COMPRIME LP,160MG,ANTI-HYPERTENSEUR BETA-BLOQUANT,30,COMPRIMES,GENERIQUE,BOITE,5660,5660,80,TPC
0004910,PROPRANOLOL COMP LP 40MG,PROPRANOLOL,COMPRIME LP,40MG,ANTI-HYPERTENSEUR BETA-BLOQUANT,50,COMPRIMES,GENERIQUE,BOITE,1370,1370,80,TPC
0004911,PROPRANOLOL COMP LP 40MG,PROPRANOLOL,COMPRIME LP,40MG,ANTI-HYPERTENSEUR BETA-BLOQUANT,50,COMPRIMES,GENERIQUE,BOITE,1480,1480,80,TPC
0004300,SOTALEX COMP 80MG,SOTALOL,COMPRIME,80MG,ANTI-HYPERTENSEUR BETA-BLOQUANT,30,COMPRIMES,SPECIALITE,BOITE,2850,2850,80,TPC
0001723,"MODUCREN COMP 2,5MG/10MG/25MG",AMILORIDE+TIMOLOL+HYDROCHLOROTHIAZIDE,COMPRIME,"2,5MG/10MG/25MG",ANTI-HYPERTENSEUR BETA-BLOQUANT+DIURETIQUE THIAZIDIQUE,30,COMPRIMES,SPECIALITE,BOITE,4350,4350,80,TPC
0000272,BLOKIUM DIU COMP 100MG/25MG,ATENOLOL+CHLORTALIDONE,COMPRIME,100MG/25MG,ANTI-HYPERTENSEUR BETA-BLOQUANT+DIURETIQUE THIAZIDIQUE,20,COMPRIMES,SPECIALITE,BOITE,3580,3580,80,TPC
0000302,"TENORETIC COMP 50MG/12,5MG",ATENOLOL+CHLORTALIDONE,COMPRIME,"50MG/12,5MG",ANTI-HYPERTENSEUR BETA-BLOQUANT+DIURETIQUE THIAZIDIQUE,30,COMPRIMES,SPECIALITE,BOITE,4855,4855,80,TPC
0001365,"LODOZ COMP 10MG/6,25MG",BISOPROLOL+HYDROCHLOROTHIAZIDE,COMPRIME,"10MG/6,25MG",ANTI-HYPERTENSEUR BETA-BLOQUANT+DIURETIQUE THIAZIDIQUE,30,COMPRIMES,SPECIALITE,BOITE,4890,4890,80,TPC
0001373,"LODOZ COMP 2,5MG/6,25MG",BISOPROLOL+HYDROCHLOROTHIAZIDE,COMPRIME,"2,5MG/6,25MG",ANTI-HYPERTENSEUR BETA-BLOQUANT+DIURETIQUE THIAZIDIQUE,30,COMPRIMES,SPECIALITE,BOITE,4890,4890,80,TPC
0001380,"LODOZ COMP 5MG/6,25MG",BISOPROLOL+HYDROCHLOROTHIAZIDE,COMPRIME,"5MG/6,25MG",ANTI-HYPERTENSEUR BETA-BLOQUANT+DIURETIQUE THIAZIDIQUE,30,COMPRIMES,SPECIALITE,BOITE,4890,4890,80,TPC
0004637,"TEMERIT DUO COMP 5MG/12,5MG",NEBIVOLOL+HYDROCHLOROTHIAZIDE,COMPRIME,"5MG/12,5MG",ANTI-HYPERTENSEUR BETA-BLOQUANT+DIURETIQUE THIAZIDIQUE,30,COMPRIMES,SPECIALITE,BOITE,8725,8725,80,TPC
0004638,TEMERIT DUO COMP 5MG/25MG,NEBIVOLOL+HYDROCHLOROTHIAZIDE,COMPRIME,5MG/25MG,ANTI-HYPERTENSEUR BETA-BLOQUANT+DIURETIQUE THIAZIDIQUE,30,COMPRIMES,SPECIALITE,BOITE,8960,8960,80,TPC
0004029,AMLOSTAR PLUS COMP 50MG/5MG,ATENOLOL+AMLODIPINE,COMPRIME,50MG/5MG,ANTI-HYPERTENSEUR BETA-BLOQUANT+ICC,30,COMPRIMES,GENERIQUE,BOITE,5740,5740,80,TPC
0004346,FIXOCARD COMP 50MG/5MG BLISTER/10,ATENOLOL+AMLODIPINE,COMPRIME,50MG/5MG,ANTI-HYPERTENSEUR BETA-BLOQUANT+ICC,10,COMPRIMES,GENERIQUE,BLISTER,662,662,80,TPC
0003786,NOVATEN AM COMP 50MG/5MG,ATENOLOL+AMLODIPINE,COMPRIME,50MG/5MG,ANTI-HYPERTENSEUR BETA-BLOQUANT+ICC,28,COMPRIMES,GENERIQUE,BOITE,6890,6890,80,TPC
0000294,TENSICARD AM COMP 50MG/5MG,ATENOLOL+AMLODIPINE,COMPRIME,50MG/5MG,ANTI-HYPERTENSEUR BETA-BLOQUANT+ICC,30,COMPRIMES,GENERIQUE,BOITE,9760,9760,80,TPC
0000307,TENORDATE GELULE 50MG/20MG,ATENOLOL+NIFEDIPINE,GELULE,50MG/20MG,ANTI-HYPERTENSEUR BETA-BLOQUANT+ICC,30,GELULES,SPECIALITE,BOITE,11985,11985,80,TPC
0004925,COSYREL COMP 10MG/5MG,BISOPROLOL+PERINDOPRIL ARGININE,COMPRIME,10MG/5MG,ANTI-HYPERTENSEUR BETA-BLOQUANT+IEC,30,COMPRIMES,SPECIALITE,BOITE,12340,12340,80,TPC
0004924,COSYREL COMP 5MG/10MG,BISOPROLOL+PERINDOPRIL ARGININE,COMPRIME,5MG/10MG,ANTI-HYPERTENSEUR BETA-BLOQUANT+IEC,30,COMPRIMES,SPECIALITE,BOITE,17505,17505,80,TPC
0004923,COSYREL COMP 5MG/5MG,BISOPROLOL+PERINDOPRIL ARGININE,COMPRIME,5MG/5MG,ANTI-HYPERTENSEUR BETA-BLOQUANT+IEC,30,COMPRIMES,SPECIALITE,BOITE,12055,12055,80,TPC
0003611,"COLOSAR MEDIS COMP 50MG/12,5MG ",LOSARTAN+HYDROCHLOROTHIAZIDE,COMPRIME,"50MG/12,5MG",ANTI-HYPERTENSEUR BITHERAPIE ARA II+DIURETIQUE THIAZIDIQUE,30,COMPRIMES,GENERIQUE,BOITE,6770,5935,80,TPC
0004926,COSYREL COMP 10MG/10MG,BISOPROLOL+PERINDOPRIL ARGININE,COMPRIME,10MG/10MG,ANTI-HYPERTENSEUR BITHERAPIE BETA-BLOQUANT+IEC,30,COMPRIMES,SPECIALITE,BOITE,17795,17795,80,TPC
0003781,ALDACTAZINE COMP 25MG/15MG B/30,SPIRONOLACTONE+ALTIZIDE,COMPRIME,25MG/15MG,ANTI-HYPERTENSEUR BITHERAPIE DIURETIQUE EPARGNEUR POTASSIQUE+DIURETIQUE THIAZIDIQUE,30,COMPRIMES,SPECIALITE,BOITE,5200,5200,80,TPC
0001560,"CATAPRESSAN COMP 0,15MG",CLONIDINE,COMPRIME,"0,15MG",ANTI-HYPERTENSEUR CENTRAL,30,COMPRIMES,SPECIALITE,BOITE,3225,3225,80,TPC
0001563,"CATAPRESSAN SOL INJ 0,15MG",CLONIDINE,SOLUTION INJECTABLE,"0,15MG",ANTI-HYPERTENSEUR CENTRAL,1,AMPOULE,SPECIALITE,BOITE,505,505,80,REMBOURSABLE
C000224,"CLONIDINE SOL INJ 0,15MG",CLONIDINE,SOLUTION INJECTABLE,"0,15MG",ANTI-HYPERTENSEUR CENTRAL,1,AMPOULE,CAMEG,BOITE,665,665,80,REMBOURSABLE
0000673,ALDOMET COMP 250MG,METHYLDOPA,COMPRIME,250MG,ANTI-HYPERTENSEUR CENTRAL,30,COMPRIMES,SPECIALITE,BOITE,2135,2135,80,TPC
C000266,METHYLDOPA COMP 250MG,METHYLDOPA,COMPRIME,250MG,ANTI-HYPERTENSEUR CENTRAL,30,COMPRIMES,CAMEG,BLISTER,1500,1500,80,TPC
0000679,METHYLDOPA CREAT COMP 250MG BLISTER/10,METHYLDOPA,COMPRIME,250MG,ANTI-HYPERTENSEUR CENTRAL,10,COMPRIMES,GENERIQUE,BLISTER,490,490,80,TPC
0000685,ALDOMET COMP 500MG,METHYLDOPA,COMPRIME,500MG,ANTI-HYPERTENSEUR CENTRAL,30,COMPRIMES,SPECIALITE,BOITE,3810,3810,80,TPC
0000352,HYPERIUM COMP 1MG,RILMENIDINE,COMPRIME,1MG,ANTI-HYPERTENSEUR CENTRAL,30,COMPRIMES,SPECIALITE,BOITE,9230,9230,80,TPC
0001438,LASILIX COMP 20MG,FUROSEMIDE,COMPRIME,20MG,ANTI-HYPERTENSEUR DIURETIQUE DE L'ANSE,30,COMPRIMES,SPECIALITE,BOITE,1420,1420,80,TPC
0002593,FURO DENK COMP 40MG BLISTER/10,FUROSEMIDE,COMPRIME,40MG,ANTI-HYPERTENSEUR DIURETIQUE DE L'ANSE,10,COMPRIMES,GENERIQUE,BLISTER,670,670,80,TPC
C000117,FUROSEMIDE COMP 40MG BLISTER/10,FUROSEMIDE,COMPRIME,40MG,ANTI-HYPERTENSEUR DIURETIQUE DE L'ANSE,10,COMPRIMES,CAMEG,BLISTER,240,240,80,TPC
0000016,FUROSEMIDE CREAT COMP 10MG BLISTER/10,FUROSEMIDE,COMPRIME,40MG,ANTI-HYPERTENSEUR DIURETIQUE DE L'ANSE,10,COMPRIMES,GENERIQUE,BLISTER,370,370,80,TPC
0001444,LASILIX COMP 40MG,FUROSEMIDE,COMPRIME,40MG,ANTI-HYPERTENSEUR DIURETIQUE DE L'ANSE,30,COMPRIMES,SPECIALITE,BOITE,2285,2285,80,TPC
0003261,LASILIX SPECIAL COMP 500MG,FUROSEMIDE,COMPRIME,500MG,ANTI-HYPERTENSEUR DIURETIQUE DE L'ANSE,30,COMPRIMES,SPECIALITE,BOITE,18290,18290,80,TPC
0002156,LASILIX GELULE LP 60MG,FUROSEMIDE,GELULE LP,60MG,ANTI-HYPERTENSEUR DIURETIQUE DE L'ANSE,30,GELULES,SPECIALITE,BOITE,2925,2925,80,TPC
0004927,FUROSEMIDE SOL INJ 20MG/ML,FUROSEMIDE,SOLUTION INJECTABLE,20MG/ML,ANTI-HYPERTENSEUR DIURETIQUE DE L'ANSE,1,AMPOULE,GENERIQUE,BOITE,325,325,80,REMBOURSABLE
C000115,FUROSEMIDE SOL INJ 20MG/ML,FUROSEMIDE,SOLUTION INJECTABLE,20MG/ML,ANTI-HYPERTENSEUR DIURETIQUE DE L'ANSE,1,AMPOULE,CAMEG,BOITE,145,145,80,REMBOURSABLE
0002279,LASILIX SOL INJ 20MG/ML,FUROSEMIDE,SOLUTION INJECTABLE,20MG/ML,ANTI-HYPERTENSEUR DIURETIQUE DE L'ANSE,1,AMPOULE,SPECIALITE,BOITE,920,920,80,REMBOURSABLE
0004655,RENNIXA SOL INJ 20MG/ML,FUROSEMIDE,SOLUTION INJECTABLE,20MG/ML,ANTI-HYPERTENSEUR DIURETIQUE DE L'ANSE,5,AMPOULES,GENERIQUE,BOITE,1425,1425,80,REMBOURSABLE
0003662,SUTRILNEO COMP 10MG,TORASEMIDE,COMPRIME,10MG,ANTI-HYPERTENSEUR DIURETIQUE DE L'ANSE,30,COMPRIMES,GENERIQUE,BOITE,3695,3695,80,TPC
0003505,TORAS DENK COMP 10MG,TORASEMIDE,COMPRIME,10MG,ANTI-HYPERTENSEUR DIURETIQUE DE L'ANSE,30,COMPRIMES,GENERIQUE,BOITE,7000,7000,80,TPC
0003368,SUTRILNEO COMP 5MG,TORASEMIDE,COMPRIME,5MG,ANTI-HYPERTENSEUR DIURETIQUE DE L'ANSE,30,COMPRIMES,GENERIQUE,BOITE,2240,2240,80,TPC
0000411,TORAS DENK COMP 5MG,TORASEMIDE,COMPRIME,5MG,ANTI-HYPERTENSEUR DIURETIQUE DE L'ANSE,30,COMPRIMES,GENERIQUE,BOITE,4075,4075,80,TPC
0001117,ALDACTONE COMP 50MG,SPIRONOLACTONE,COMPRIME,50MG,ANTI-HYPERTENSEUR DIURETIQUE EPARGNEUR POTASSIQUE,20,COMPRIMES,SPECIALITE,BOITE,4410,4410,80,TPC
0004928,SPIRONOLACTONE COMP 50MG,SPIRONOLACTONE,COMPRIME,50MG,ANTI-HYPERTENSEUR DIURETIQUE EPARGNEUR POTASSIQUE,30,COMPRIMES,GENERIQUE,BOITE,4200,4200,80,TPC
0001123,ALDACTONE COMP 75MG,SPIRONOLACTONE,COMPRIME,75MG,ANTI-HYPERTENSEUR DIURETIQUE EPARGNEUR POTASSIQUE,20,COMPRIMES,SPECIALITE,BOITE,6625,6625,80,TPC
0002571,MODURETIC COMP 5MG/50MG,AMILORIDE+HYDROCHLOROTHIAZIDE,COMPRIME,5MG/50MG,ANTI-HYPERTENSEUR DIURETIQUE EPARGNEUR POTASSIQUE+DIURETIQUE THIAZIDIQUE,30,COMPRIMES,SPECIALITE,BOITE,2790,2790,80,TPC
0001130,ALDACTAZINE COMP 25MG/15MG B/20,SPIRONOLACTONE+ALTIZIDE,COMPRIME,25MG/15MG,ANTI-HYPERTENSEUR DIURETIQUE EPARGNEUR POTASSIQUE+DIURETIQUE THIAZIDIQUE,20,COMPRIMES,SPECIALITE,BOITE,3810,3810,80,TPC
0001692,ESIDREX COMP 25MG,HYDROCHLOROTHIAZIDE,COMPRIME,25MG,ANTI-HYPERTENSEUR DIURETIQUE THIAZIDIQUE,20,COMPRIMES,GENERIQUE,BOITE,1930,1930,80,TPC
0000780,"FLUDEX COMP 1,5MG",INDAPAMIDE,COMPRIME LP,"1,5MG",ANTI-HYPERTENSEUR DIURETIQUE THIAZIDIQUE APPARENTE,30,COMPRIMES,SPECIALITE,BOITE,5510,5510,80,TPC
0004629,"NATRIXAM COMP LM 1,5MG/10MG",INDAPAMIDE+AMLODIPINE,COMPRIME LM,"1,5MG/10MG",ANTI-HYPERTENSEUR DIURETIQUE THIAZIDIQUE APPARENTE+ICC,30,COMPRIMES,SPECIALITE,BOITE,7460,7460,80,TPC
0004628,"NATRIXAM COMP LM 1,5MG/5MG",INDAPAMIDE+AMLODIPINE,COMPRIME LM,"1,5MG/5MG",ANTI-HYPERTENSEUR DIURETIQUE THIAZIDIQUE APPARENTE+ICC,30,COMPRIMES,SPECIALITE,BOITE,6600,6600,80,TPC
0000601,"TENSIONORME COMP 2,5MG/0,2MG",BENDROFLUMETHIAZIDE+RESERPINE,COMPRIME,"2,5MG/0,1MG",ANTI-HYPERTENSEUR DIURETIQUE THIAZIDIQUE+ALCALOIDE,24,COMPRIMES,SPECIALITE,BOITE,1490,1490,80,TPC
0004643,TRIVERAM COMP 10MG/5MG/5MG,ATORVASTATINE+PERINDOPRIL ARGININE+AMLODIPINE,COMPRIME,10MG/5MG/5MG,ANTI-HYPERTENSEUR HYPOLIPEMIANT STATINE+IEC+ICC,30,COMPRIMES,SPECIALITE,BOITE,12510,12510,80,TPC
0004645,TRIVERAM COMP 20MG/10MG/10MG,ATORVASTATINE+PERINDOPRIL ARGININE+AMLODIPINE,COMPRIME,20MG/10MG/10MG,ANTI-HYPERTENSEUR HYPOLIPEMIANT STATINE+IEC+ICC,30,COMPRIMES,SPECIALITE,BOITE,18425,18425,80,TPC
0004644,TRIVERAM COMP 20MG/5MG/5MG,ATORVASTATINE+PERINDOPRIL ARGININE+AMLODIPINE,COMPRIME,20MG/5MG/5MG,ANTI-HYPERTENSEUR HYPOLIPEMIANT STATINE+IEC+ICC,30,COMPRIMES,SPECIALITE,BOITE,13315,13315,80,TPC
0004646,TRIVERAM COMP 40MG/10MG/10MG,ATORVASTATINE+PERINDOPRIL ARGININE+AMLODIPINE,COMPRIME,40MG/10MG/10MG,ANTI-HYPERTENSEUR HYPOLIPEMIANT STATINE+IEC+ICC,30,COMPRIMES,SPECIALITE,BOITE,19060,19060,80,TPC
0001836,AMADAY COMP 10MG,AMLODIPINE,COMPRIME,10MG,ANTI-HYPERTENSEUR ICC,30,COMPRIMES,GENERIQUE,BOITE,4020,1914,80,TPC
0001784,AMAPINE COMP 10MG,AMLODIPINE,COMPRIME,10MG,ANTI-HYPERTENSEUR ICC,10,COMPRIMES,GENERIQUE,BOITE,700,638,80,TPC
0001791,AMLIBON COMP 10MG,AMLODIPINE,COMPRIME,10MG,ANTI-HYPERTENSEUR ICC,30,COMPRIMES,GENERIQUE,BOITE,5165,1914,80,TPC
0003382,AMLOCLASS COMP 10MG,AMLODIPINE,COMPRIME,10MG,ANTI-HYPERTENSEUR ICC,30,COMPRIMES,GENERIQUE,BOITE,2050,1914,80,TPC
0004345,AMLO-DENK COMP 10MG BLISTER/10,AMLODIPINE,COMPRIME,10MG,ANTI-HYPERTENSEUR ICC,10,COMPRIMES,GENERIQUE,BLISTER,1840,638,80,TPC
0004931,AMLODIPINE ACCESS COMP 10MG BLISTER/10,AMLODIPINE,COMPRIME,10MG,ANTI-HYPERTENSEUR ICC,10,COMPRIMES,GENERIQUE,BLISTER,260,260,80,TPC
0004932,AMLODIPINE ACCESS COMP 10MG BLISTER/10,AMLODIPINE,COMPRIME,10MG,ANTI-HYPERTENSEUR ICC,10,COMPRIMES,GENERIQUE,BLISTER,260,260,80,TPC
C000423,AMLODIPINE COMP 10MG BLISTER/10,AMLODIPINE,COMPRIME,10MG,ANTI-HYPERTENSEUR ICC,10,COMPRIMES,CAMEG,BOITE,200,200,80,TPC
0004026,AMLONG COMP 10MG,AMLODIPINE,COMPRIME,10MG,ANTI-HYPERTENSEUR ICC,30,COMPRIMES,GENERIQUE,BOITE,3850,1914,80,TPC
0004027,AMLONOVA COMP 10MG,AMLODIPINE,COMPRIME,10MG,ANTI-HYPERTENSEUR ICC,30,COMPRIMES,GENERIQUE,BOITE,2260,1914,80,TPC
0003089,AMLOPRESS COMP 10MG BLISTER/10,AMLODIPINE,COMPRIME,10MG,ANTI-HYPERTENSEUR ICC,10,COMPRIMES,GENERIQUE,BLISTER,575,575,80,TPC
0003561,AMLOSTAR COMP 10MG,AMLODIPINE,COMPRIME,10MG,ANTI-HYPERTENSEUR ICC,30,COMPRIMES,GENERIQUE,BOITE,5740,1914,80,TPC
0004930,AMLOVAS COMP 10MG,AMLODIPINE,COMPRIME,10MG,ANTI-HYPERTENSEUR ICC,30,COMPRIMES,GENERIQUE,BOITE,4820,1920,80,TPC
0003805,CALCHEK COMP 10MG,AMLODIPINE,COMPRIME,10MG,ANTI-HYPERTENSEUR ICC,30,COMPRIMES,GENERIQUE,BOITE,6890,1914,80,TPC
0002559,AMADAY COMP 5MG,AMLODIPINE,COMPRIME,5MG,ANTI-HYPERTENSEUR ICC,30,COMPRIMES,GENERIQUE,BOITE,2870,875,80,TPC
0001853,AMAPINE COMP 5MG,AMLODIPINE,COMPRIME,5MG,ANTI-HYPERTENSEUR ICC,10,COMPRIMES,GENERIQUE,BOITE,425,292,80,TPC
0001894,AMCARD COMP 5MG,AMLODIPINE,COMPRIME,5MG,ANTI-HYPERTENSEUR ICC,28,COMPRIMES,GENERIQUE,BOITE,5160,832,80,TPC
0001902,AMLIBON COMP 5MG,AMLODIPINE,COMPRIME,5MG,ANTI-HYPERTENSEUR ICC,30,COMPRIMES,GENERIQUE,BOITE,3100,875,80,TPC
0003452,AMLOCLASS COMP 5MG,AMLODIPINE,COMPRIME,5MG,ANTI-HYPERTENSEUR ICC,30,COMPRIMES,GENERIQUE,BOITE,1345,875,80,TPC
0004344,AMLO-DENK COMP 5MG BLISTER/10,AMLODIPINE,COMPRIME,5MG,ANTI-HYPERTENSEUR ICC,10,COMPRIMES,GENERIQUE,BLISTER,1515,292,80,TPC
0004025,AMLONG COMP 5MG,AMLODIPINE,COMPRIME,5MG,ANTI-HYPERTENSEUR ICC,30,COMPRIMES,GENERIQUE,BOITE,2625,875,80,TPC
0004028,AMLONOVA COMP 5MG,AMLODIPINE,COMPRIME,5MG,ANTI-HYPERTENSEUR ICC,30,COMPRIMES,GENERIQUE,BOITE,1010,875,80,TPC
0003088,AMLOPRESS COMP 5MG BLISTER/10,AMLODIPINE,COMPRIME,5MG,ANTI-HYPERTENSEUR ICC,10,COMPRIMES,GENERIQUE,BLISTER,265,265,80,TPC
0003408,AMLOSTAR COMP 5MG,AMLODIPINE,COMPRIME,5MG,ANTI-HYPERTENSEUR ICC,30,COMPRIMES,GENERIQUE,BOITE,4590,875,80,TPC
0002064,AMLOTENSINE COMP 5MG,AMLODIPINE,COMPRIME,5MG,ANTI-HYPERTENSEUR ICC,30,COMPRIMES,GENERIQUE,BOITE,1780,875,80,TPC
0004419,AMLOTOME COMP 10MG BLISTER/10,AMLODIPINE,COMPRIME,5MG,ANTI-HYPERTENSEUR ICC,10,COMPRIMES,GENERIQUE,BLISTER,225,225,80,TPC
0004929,AMLOVAS COMP 5MG,AMLODIPINE,COMPRIME,5MG,ANTI-HYPERTENSEUR ICC,30,COMPRIMES,GENERIQUE,BOITE,3845,870,80,TPC
0004343,ASOMEX COMP 5MG BLISTER/10,AMLODIPINE,COMPRIME,5MG,ANTI-HYPERTENSEUR ICC,10,COMPRIMES,GENERIQUE,BLISTER,2755,292,80,TPC
0003804,CALCHEK COMP 5MG,AMLODIPINE,COMPRIME,5MG,ANTI-HYPERTENSEUR ICC,30,COMPRIMES,GENERIQUE,BOITE,4385,875,80,TPC
0004466,FAIRDIPIN COMP 5MG BLISTER/10,AMLODIPINE,COMPRIME,5MG,ANTI-HYPERTENSEUR ICC,10,COMPRIMES,GENERIQUE,BLISTER,345,292,80,TPC
0001940,LOPINE COMP 5MG,AMLODIPINE,COMPRIME,5MG,ANTI-HYPERTENSEUR ICC,30,COMPRIMES,GENERIQUE,BOITE,5165,875,80,TPC
0001800,AMLOR GELULE 10MG,AMLODIPINE,GELULE,10MG,ANTI-HYPERTENSEUR ICC,30,GELULES,SPECIALITE,BOITE,13260,1914,80,TPC
0001916,AMLOR GELULE 5MG,AMLODIPINE,GELULE,5MG,ANTI-HYPERTENSEUR ICC,30,GELULES,SPECIALITE,BOITE,10595,875,80,TPC
0005100,LODEPINE GELULE 5MG,AMLODIPINE,GELULE,5MG,ANTI-HYPERTENSEUR ICC,30,GELULES,GENERIQUE,BOITE,2135,870,80,TPC
0000347,TILDIEM COMP 60MG,DILTIAZEM,COMPRIME,60MG,ANTI-HYPERTENSEUR ICC,30,COMPRIMES,SPECIALITE,BOITE,2065,2065,80,TPC
0000353,MONO TILDIEM COMP LP 200MG,DILTIAZEM,COMPRIME LP,200MG,ANTI-HYPERTENSEUR ICC,28,COMPRIMES,SPECIALITE,BOITE,5580,5580,80,TPC
0001096,MONO TILDIEM COMP LP 300MG,DILTIAZEM,COMPRIME LP,300MG,ANTI-HYPERTENSEUR ICC,28,COMPRIMES,SPECIALITE,BOITE,4910,4910,80,TPC
0002339,ZANIDIP COMP 10MG,LERCANIDIPINE,COMPRIME,10MG,ANTI-HYPERTENSEUR ICC,28,COMPRIMES,GENERIQUE,BOITE,10755,10755,80,TPC
0001533,LOXEN COMP 20MG,NICARDIPINE,COMPRIME,20MG,ANTI-HYPERTENSEUR ICC,30,COMPRIMES,SPECIALITE,BOITE,4430,4430,80,TPC
0001539,LOXEN COMP LP 50MG,NICARDIPINE,COMPRIME LP,50MG,ANTI-HYPERTENSEUR ICC,60,COMPRIMES,SPECIALITE,BOITE,13935,13935,80,TPC
0004378,LOXEN COMP LP 50MG BLISTER/10,NICARDIPINE,COMPRIME LP,50MG,ANTI-HYPERTENSEUR ICC,10,COMPRIMES,SPECIALITE,BLISTER,2325,2325,80,TPC
0003891,LOXEN SOL INJ 10MG,NICARDIPINE,SOLUTION INJECTABLE,10MG,ANTI-HYPERTENSEUR ICC,1,AMPOULE,SPECIALITE,BOITE,1575,1575,80,REMBOURSABLE
0004933,NICARDIPINE AGT SOL INJ 10MG,NICARDIPINE,SOLUTION INJECTABLE,10MG,ANTI-HYPERTENSEUR ICC,1,AMPOULE,GENERIQUE,BOITE,1370,1370,80,REMBOURSABLE
C000008,NICARDIPINE SOL INJ 10MG,NICARDIPINE,SOLUTION INJECTABLE,10MG,ANTI-HYPERTENSEUR ICC,1,AMPOULE,CAMEG,BOITE,1300,1300,80,REMBOURSABLE
0001575,ADALATE CAPS 10MG,NIFEDIPINE,CAPSULE MOLLE,10MG,ANTI-HYPERTENSEUR ICC,30,CAPSULES,SPECIALITE,BOITE,3400,1766,80,TPC
0004380,NIFEDIPINE TM COMP LP 20MG BLISTER/20,NIFEDIPINE,COMPRIME,20MG,ANTI-HYPERTENSEUR ICC,20,COMPRIMES,GENERIQUE,BLISTER,735,735,80,TPC
0001653,NIFEDI DENK RETARD COMP LP 10MG BLISTER/10,NIFEDIPINE,COMPRIME LP,10MG,ANTI-HYPERTENSEUR ICC,10,COMPRIMES,GENERIQUE,BLISTER,475,475,80,TPC
0001581,ADALATE COMP LP 20MG,NIFEDIPINE,COMPRIME LP,20MG,ANTI-HYPERTENSEUR ICC,30,COMPRIMES,SPECIALITE,BOITE,6775,2464,80,TPC
0001589,NIFEDI DENK RETARD COMP LP 20MG BLISTER/10,NIFEDIPINE,COMPRIME LP,20MG,ANTI-HYPERTENSEUR ICC,10,COMPRIMES,GENERIQUE,BLISTER,690,690,80,TPC
0003522,NIFEDIPINE TM COMP LP 20MG,NIFEDIPINE,COMPRIME LP,20MG,ANTI-HYPERTENSEUR ICC,100,COMPRIMES,GENERIQUE,BOITE,3675,3675,80,TPC
0004379,NIFETAB-RETARD COMP LP 20MG,NIFEDIPINE,COMPRIME LP,20MG,ANTI-HYPERTENSEUR ICC,30,COMPRIMES,GENERIQUE,BLISTER,205,176,80,TPC
0003796,ADALATE LA COMP LP 30MG,NIFEDIPINE,COMPRIME LP,30MG,ANTI-HYPERTENSEUR ICC,30,COMPRIMES,GENERIQUE,BOITE,10405,10405,80,TPC
0001596,CHRONO-ADALATE COMP LP 30MG,NIFEDIPINE,COMPRIME LP,30MG,ANTI-HYPERTENSEUR ICC,30,COMPRIMES,SPECIALITE,BOITE,15490,15490,80,TPC
C000019,NIFEDIPINE GELULE 20MG BLISTER,NIFEDIPINE,GELULE LP,20MG,ANTI-HYPERTENSEUR ICC,30,GELULES,CAMEG,BOITE,450,450,80,TPC
0001835,ISOPTINE COMP LP 240MG,VERAPAMIL,COMPRIME LP,240MG,ANTI-HYPERTENSEUR ICC,30,COMPRIMES,GENERIQUE,BOITE,5565,5565,80,TPC
0005135,"AMAPINE H COMP 5MG/12,5MG",AMLODIPINE+HYDROCHLOROTHIAZIDE,COMPRIME,"5MG/12,5MG",ANTI-HYPERTENSEUR ICC+DIURETIQUE THIAZIDIQUE,30,COMPRIMES,GENERIQUE,BOITE,1895,1895,80,TPC
0004351,CAPTOPRIL DENK COMP 25MG BLISTER/10,CAPTOPRIL,COMPRIME,25MG,ANTI-HYPERTENSEUR IEC,10,COMPRIMES,GENERIQUE,BLISTER,715,715,80,TPC
0004350,CAPTOPRIL TM COMP 25MG BLISTER/10,CAPTOPRIL,COMPRIME,25MG,ANTI-HYPERTENSEUR IEC,10,COMPRIMES,GENERIQUE,BLISTER,440,440,80,TPC
0000580,ENA DENK COMP 10MG,ENALAPRIL,COMPRIME,10MG,ANTI-HYPERTENSEUR IEC,30,COMPRIMES,GENERIQUE,BOITE,4475,4475,80,TPC
0001528,ENA DENK COMP 20MG,ENALAPRIL,COMPRIME,20MG,ANTI-HYPERTENSEUR IEC,30,COMPRIMES,GENERIQUE,BOITE,7635,7635,80,TPC
0004934,ENALAPRIL COMP 20MG,ENALAPRIL,COMPRIME,20MG,ANTI-HYPERTENSEUR IEC,28,COMPRIMES,GENERIQUE,BOITE,3420,3420,80,TPC
C000408,ENALAPRIL COMP 20MG,ENALAPRIL,COMPRIME,20MG,ANTI-HYPERTENSEUR IEC,30,COMPRIMES,CAMEG,BLISTER,1950,1950,80,REMBOURSABLE
0000587,RENITEC COMP 20MG,ENALAPRIL,COMPRIME,20MG,ANTI-HYPERTENSEUR IEC,28,COMPRIMES,SPECIALITE,BOITE,20630,7854,80,TPC
0004473,FAIRPRIL COMP 5MG BLISTER/10,ENALAPRIL,COMPRIME,5MG,ANTI-HYPERTENSEUR IEC,10,COMPRIMES,GENERIQUE,BLISTER,605,605,80,TPC
0001535,RENITEC COMP 5MG,ENALAPRIL,COMPRIME,5MG,ANTI-HYPERTENSEUR IEC,28,COMPRIMES,SPECIALITE,BOITE,6970,6970,80,TPC
0004216,LISINOVA COMP 10MG,LISINOPRIL,COMPRIME,10MG,ANTI-HYPERTENSEUR IEC,30,COMPRIMES,GENERIQUE,BOITE,2275,2275,80,TPC
0004217,LISINOVA COMP 20MG,LISINOPRIL,COMPRIME,20MG,ANTI-HYPERTENSEUR IEC,30,COMPRIMES,GENERIQUE,BOITE,3775,3775,80,TPC
0004218,LISINOVA COMP 5MG,LISINOPRIL,COMPRIME,5MG,ANTI-HYPERTENSEUR IEC,30,COMPRIMES,GENERIQUE,BOITE,1965,1965,80,TPC
0002141,COVERSYL COMP 10MG,PERINDOPRIL ARGININE,COMPRIME,10MG,ANTI-HYPERTENSEUR IEC,30,COMPRIMES,SPECIALITE,BOITE,10850,10850,80,TPC
0002164,COVERSYL COMP 5MG,PERINDOPRIL ARGININE,COMPRIME,5MG,ANTI-HYPERTENSEUR IEC,30,COMPRIMES,SPECIALITE,BOITE,7405,7405,80,TPC
0004935,PANOPRIST COMP 4MG,PERINDOPRIL ERBUMINE,COMPRIME,4MG,ANTI-HYPERTENSEUR IEC,30,COMPRIMES,GENERIQUE,BOITE,6140,6140,80,TPC
0004936,PERINDOPRIL COMP 4MG,PERINDOPRIL ERBUMINE,COMPRIME,4MG,ANTI-HYPERTENSEUR IEC,30,COMPRIMES,GENERIQUE,BOITE,3685,3685,80,TPC
0004937,PERINDOPRIL COMP 4MG,PERINDOPRIL ERBUMINE,COMPRIME,4MG,ANTI-HYPERTENSEUR IEC,30,COMPRIMES,GENERIQUE,BOITE,3875,3875,80,TPC
0004938,PANOPRIST COMP 8MG,PERINDOPRIL ERBUMINE,COMPRIME,8MG,ANTI-HYPERTENSEUR IEC,30,COMPRIMES,GENERIQUE,BOITE,9505,9505,80,TPC
0004939,PERINDOPRIL COMP 8MG,PERINDOPRIL ERBUMINE,COMPRIME,8MG,ANTI-HYPERTENSEUR IEC,30,COMPRIMES,GENERIQUE,BOITE,3685,3685,80,TPC
0000979,"TRIATEC COMP 1,25MG",RAMIPRIL,COMPRIME,"1,25MG",ANTI-HYPERTENSEUR IEC,30,COMPRIMES,SPECIALITE,BOITE,8035,8035,80,TPC
0004631,RAMIZID COMP 10MG,RAMIPRIL,COMPRIME,10MG,ANTI-HYPERTENSEUR IEC,30,COMPRIMES,GENERIQUE,BOITE,9355,9355,80,TPC
0000264,TRIATEC COMP 10MG,RAMIPRIL,COMPRIME,10MG,ANTI-HYPERTENSEUR IEC,30,COMPRIMES,SPECIALITE,BOITE,16070,16070,80,TPC
0000982,"TRIATEC COMP 2,5MG",RAMIPRIL,COMPRIME,"2,5MG",ANTI-HYPERTENSEUR IEC,30,COMPRIMES,SPECIALITE,BOITE,9755,9755,80,TPC
0004632,RAMIZID COMP 5MG,RAMIPRIL,COMPRIME,5MG,ANTI-HYPERTENSEUR IEC,30,COMPRIMES,GENERIQUE,BOITE,6200,5682,80,TPC
0000988,TRIATEC COMP 5MG,RAMIPRIL,COMPRIME,5MG,ANTI-HYPERTENSEUR IEC,30,COMPRIMES,SPECIALITE,BOITE,14060,5682,80,TPC
0004285,"RASGIL GELULE 1,25MG",RAMIPRIL,GELULE,"1,25MG",ANTI-HYPERTENSEUR IEC,30,GELULES,GENERIQUE,BOITE,3730,3730,80,TPC
0004286,RASGIL GELULE 10MG,RAMIPRIL,GELULE,10MG,ANTI-HYPERTENSEUR IEC,30,GELULES,GENERIQUE,BOITE,6200,6200,80,TPC
0004287,"RASGIL GELULE 2,5MG",RAMIPRIL,GELULE,"2,5MG",ANTI-HYPERTENSEUR IEC,30,GELULES,GENERIQUE,BOITE,4300,4300,80,TPC
0004288,RASGIL GELULE 5MG,RAMIPRIL,GELULE,5MG,ANTI-HYPERTENSEUR IEC,30,GELULES,GENERIQUE,BOITE,5165,5165,80,TPC
0001878,CAPTOPRIL HCT DENK COMP 50MG/25MG,CAPTOPRIL+HYDROCHLOROTHIAZIDE,COMPRIME,50MG/25MG,ANTI-HYPERTENSEUR IEC+DIURETIQUE THIAZIDIQUE,30,COMPRIMES,GENERIQUE,BOITE,4475,3597,80,TPC
0001901,CARDIURINE COMP 50MG/25MG,CAPTOPRIL+HYDROCHLOROTHIAZIDE,COMPRIME,50MG/25MG,ANTI-HYPERTENSEUR IEC+DIURETIQUE THIAZIDIQUE,30,COMPRIMES,GENERIQUE,BOITE,3270,3270,80,TPC
0001884,ECAZIDE COMP 50MG/25MG,CAPTOPRIL+HYDROCHLOROTHIAZIDE,COMPRIME,50MG/25MG,ANTI-HYPERTENSEUR IEC+DIURETIQUE THIAZIDIQUE,28,COMPRIMES,SPECIALITE,BOITE,9165,3358,80,TPC
0000596,"CO-RENITEC COMP 20MG/12,5MG",ENALAPRIL+HYDROCHLOROTHIAZIDE,COMPRIME,"20MG/12,5MG",ANTI-HYPERTENSEUR IEC+DIURETIQUE THIAZIDIQUE,28,COMPRIMES,SPECIALITE,BOITE,3900,3900,80,TPC
0000592,"ENA HCT DENK COMP 20MG/12,5MG",ENALAPRIL+HYDROCHLOROTHIAZIDE,COMPRIME,"20MG/12,5MG",ANTI-HYPERTENSEUR IEC+DIURETIQUE THIAZIDIQUE,30,COMPRIMES,GENERIQUE,BOITE,8610,8610,80,TPC
0000150,"ACUILIX COMP 20MG/12,5MG",QUINAPRIL+HYDROCHLOROTHIAZIDE,COMPRIME,"20MG/12,5MG",ANTI-HYPERTENSEUR IEC+DIURETIQUE THIAZIDIQUE,28,COMPRIMES,SPECIALITE,BOITE,6890,6890,80,TPC
0005136,"RAMITHIAZIDE COMP 10MG/12,5MG B/30",RAMIPRIL+ HYDROCHLOROTHIAZIDE,COMPRIME,"10MG/12,5MG",ANTI-HYPERTENSEUR IEC+DIURETIQUE THIAZIDIQUE,30,COMPRIMES,GENERIQUE,BOITE,4590,4590,80,TPC
0005137,"RAMITHIAZIDE COMP 10MG/12,5MG BLISTER/10",RAMIPRIL+ HYDROCHLOROTHIAZIDE,COMPRIME,"10MG/12,5MG",ANTI-HYPERTENSEUR IEC+DIURETIQUE THIAZIDIQUE,10,COMPRIMES,GENERIQUE,BOITE,495,495,80,TPC
0004291,"RASGIL HTZ COMP 10MG/12,5MG",RAMIPRIL+HYDROCHLOROTHIAZIDE,COMPRIME,"10MG/12,5MG",ANTI-HYPERTENSEUR IEC+DIURETIQUE THIAZIDIQUE,30,COMPRIMES,GENERIQUE,BOITE,4935,4935,80,TPC
0001011,"TRITAZIDE COMP 10MG/12,5MG",RAMIPRIL+HYDROCHLOROTHIAZIDE,COMPRIME,"10MG/12,5MG",ANTI-HYPERTENSEUR IEC+DIURETIQUE THIAZIDIQUE,28,COMPRIMES,SPECIALITE,BOITE,7460,7460,80,TPC
0004735,RAMITHIAZIDE COMP 10MG/25MG,RAMIPRIL+HYDROCHLOROTHIAZIDE,COMPRIME,10MG/25MG,ANTI-HYPERTENSEUR IEC+DIURETIQUE THIAZIDIQUE,30,COMPRIMES,GENERIQUE,BOITE,5740,5740,80,TPC
0004292,RASGIL HTZ COMP 10MG/25MG,RAMIPRIL+HYDROCHLOROTHIAZIDE,COMPRIME,10MG/25MG,ANTI-HYPERTENSEUR IEC+DIURETIQUE THIAZIDIQUE,30,COMPRIMES,GENERIQUE,BOITE,5280,5280,80,TPC
0001007,TRITAZIDE COMP 10MG/25MG,RAMIPRIL+HYDROCHLOROTHIAZIDE,COMPRIME,10MG/25MG,ANTI-HYPERTENSEUR IEC+DIURETIQUE THIAZIDIQUE,28,COMPRIMES,SPECIALITE,BOITE,8035,8035,80,TPC
0003441,"RAMIZID HCT COMP 2,5/12,5",RAMIPRIL+HYDROCHLOROTHIAZIDE,COMPRIME,"2,5MG/12,5MG",ANTI-HYPERTENSEUR IEC+DIURETIQUE THIAZIDIQUE,30,COMPRIMES,GENERIQUE,BOITE,3330,3330,80,TPC
0004734,"RAMITHIAZIDE COMP 5MG/12,5MG",RAMIPRIL+HYDROCHLOROTHIAZIDE,COMPRIME,"5MG/12,5MG",ANTI-HYPERTENSEUR IEC+DIURETIQUE THIAZIDIQUE,30,COMPRIMES,GENERIQUE,BOITE,2985,2985,80,TPC
0004289,"RASGIL HTZ COMP 5MG/12,5MG",RAMIPRIL+HYDROCHLOROTHIAZIDE,COMPRIME,"5MG/12,5MG",ANTI-HYPERTENSEUR IEC+DIURETIQUE THIAZIDIQUE,30,COMPRIMES,GENERIQUE,BOITE,3445,3445,80,TPC
0003690,RAMIZID HCT COMP 5MG/25MG,RAMIPRIL+HYDROCHLOROTHIAZIDE,COMPRIME,5MG/25MG,ANTI-HYPERTENSEUR IEC+DIURETIQUE THIAZIDIQUE,30,COMPRIMES,GENERIQUE,BOITE,5740,5740,80,TPC
0004290,RASGIL HTZ COMP 5MG/25MG,RAMIPRIL+HYDROCHLOROTHIAZIDE,COMPRIME,5MG/25MG,ANTI-HYPERTENSEUR IEC+DIURETIQUE THIAZIDIQUE,30,COMPRIMES,GENERIQUE,BOITE,4935,4935,80,TPC
0000277,TRITAZIDE COMP 5MG/25MG,RAMIPRIL+HYDROCHLOROTHIAZIDE,COMPRIME,5MG/25MG,ANTI-HYPERTENSEUR IEC+DIURETIQUE THIAZIDIQUE,28,COMPRIMES,SPECIALITE,BOITE,6890,5893,80,TPC
0002195,"BIPRETERAX COMP 10MG/2,5MG",PERINDOPRIL ARGININE+INDAPAMIDE,COMPRIME,"10MG/2,5MG",ANTI-HYPERTENSEUR IEC+DIURETIQUE THIAZIDIQUE APPARENTE,30,COMPRIMES,SPECIALITE,BOITE,17505,17505,80,TPC
0002210,"PRETERAX COMP 2,5MG/0,625MG",PERINDOPRIL ARGININE+INDAPAMIDE,COMPRIME,"2,5MG/0,625MG",ANTI-HYPERTENSEUR IEC+DIURETIQUE THIAZIDIQUE APPARENTE,30,COMPRIMES,SPECIALITE,BOITE,10330,10330,80,TPC
0002223,"BIPRETERAX COMP 5MG/1,25MG",PERINDOPRIL ARGININE+INDAPAMIDE,COMPRIME,"5MG/1,25MG",ANTI-HYPERTENSEUR IEC+DIURETIQUE THIAZIDIQUE APPARENTE,30,COMPRIMES,SPECIALITE,BOITE,12625,12625,80,TPC
0004915,"PANOPRIST PLUS COMP 2MG/0,625MG",PERINDOPRIL ERBUMINE+INDAPAMIDE,COMPRIME,"2MG/0,625MG",ANTI-HYPERTENSEUR IEC+DIURETIQUE THIAZIDIQUE APPARENTE,30,COMPRIMES,GENERIQUE,BOITE,5075,5075,80,TPC
0004916,"PERINDOPRIL+INDAPAMIDE COMP 2MG/0,625MG",PERINDOPRIL ERBUMINE+INDAPAMIDE,COMPRIME,"2MG/0,625MG",ANTI-HYPERTENSEUR IEC+DIURETIQUE THIAZIDIQUE APPARENTE,30,COMPRIMES,GENERIQUE,BOITE,4165,4165,80,TPC
0004917,"PERINDOPRIL+INDAPAMIDE COMP 2MG/0,625MG",PERINDOPRIL ERBUMINE+INDAPAMIDE,COMPRIME,"2MG/0,625MG",ANTI-HYPERTENSEUR IEC+DIURETIQUE THIAZIDIQUE APPARENTE,30,COMPRIMES,GENERIQUE,BOITE,4400,4400,80,TPC
0004918,"PANOPRIST PLUS COMP 4MG/1,25MG",PERINDOPRIL ERBUMINE+INDAPAMIDE,COMPRIME,"4MG/1,25MG",ANTI-HYPERTENSEUR IEC+DIURETIQUE THIAZIDIQUE APPARENTE,30,COMPRIMES,GENERIQUE,BOITE,7440,7440,80,TPC
0004919,"PERINDOPRIL+INDAPAMIDE COMP 4MG/1,25MG",PERINDOPRIL ERBUMINE+INDAPAMIDE,COMPRIME,"4MG/1,25MG",ANTI-HYPERTENSEUR IEC+DIURETIQUE THIAZIDIQUE APPARENTE,30,COMPRIMES,GENERIQUE,BOITE,5300,5300,80,TPC
0004642,"TRIPLIXAM COMP 10MG/2,5MG/10MG",PERINDOPRIL ARGININE+INDAPAMIDE+AMLODIPINE,COMPRIME,"10MG/2,5MG/10MG",ANTI-HYPERTENSEUR IEC+DIURETIQUE THIAZIDIQUE APPARENTE+ICC,30,COMPRIMES,SPECIALITE,BOITE,19515,19515,80,TPC
0004641,"TRIPLIXAM COMP 10MG/2,5MG/5MG",PERINDOPRIL ARGININE+INDAPAMIDE+AMLODIPINE,COMPRIME,"10MG/2,5MG/5MG",ANTI-HYPERTENSEUR IEC+DIURETIQUE THIAZIDIQUE APPARENTE+ICC,30,COMPRIMES,SPECIALITE,BOITE,18940,18940,80,TPC
0004640,"TRIPLIXAM COMP 5MG/1,25MG/10MG",PERINDOPRIL ARGININE+INDAPAMIDE+AMLODIPINE,COMPRIME,"5MG/1,25MG/10MG",ANTI-HYPERTENSEUR IEC+DIURETIQUE THIAZIDIQUE APPARENTE+ICC,30,COMPRIMES,SPECIALITE,BOITE,13500,13500,80,TPC
0004639,"TRIPLIXAM COMP 5MG/1,25MG/5MG",PERINDOPRIL ARGININE+INDAPAMIDE+AMLODIPINE,COMPRIME,"5MG/1,25MG/5MG",ANTI-HYPERTENSEUR IEC+DIURETIQUE THIAZIDIQUE APPARENTE+ICC,30,COMPRIMES,SPECIALITE,BOITE,13200,13200,80,TPC
0005030,AMLOPERIN COMP 10MG/10MG,AMLODIPINE+PERINDOPRIL ERBUMINE,COMPRIME,10MG/10MG,ANTI-HYPERTENSEUR IEC+ICC,30,COMPRIMES,GENERIQUE,BOITE,7465,7465,80,TPC
0004711,AMADAY PL COMP 10MG/4MG,AMLODIPINE+PERINDOPRIL ERBUMINE,COMPRIME,10MG/4MG,ANTI-HYPERTENSEUR IEC+ICC,30,COMPRIMES,GENERIQUE,BOITE,8035,8035,80,TPC
0005029,AMLOPERIN COMP 10MG/5MG,AMLODIPINE+PERINDOPRIL ERBUMINE,COMPRIME,10MG/5MG,ANTI-HYPERTENSEUR IEC+ICC,30,COMPRIMES,GENERIQUE,BOITE,7465,7465,80,TPC
0004712,AMADAY PL COMP 10MG/8MG,AMLODIPINE+PERINDOPRIL ERBUMINE,COMPRIME,10MG/8MG,ANTI-HYPERTENSEUR IEC+ICC,30,COMPRIMES,GENERIQUE,BOITE,8320,8320,80,TPC
0005028,AMLOPERIN COMP 5MG/10MG,AMLODIPINE+PERINDOPRIL ERBUMINE,COMPRIME,5MG/10MG,ANTI-HYPERTENSEUR IEC+ICC,30,COMPRIMES,GENERIQUE,BOITE,7465,7465,80,TPC
0004709,AMADAY PL COMP 5MG/4MG,AMLODIPINE+PERINDOPRIL ERBUMINE,COMPRIME,5MG/4MG,ANTI-HYPERTENSEUR IEC+ICC,30,COMPRIMES,GENERIQUE,BOITE,7175,7175,80,TPC
0005027,AMLOPERIN COMP 5MG/5MG,AMLODIPINE+PERINDOPRIL ERBUMINE,COMPRIME,5MG/5MG,ANTI-HYPERTENSEUR IEC+ICC,30,COMPRIMES,GENERIQUE,BOITE,7465,7465,80,TPC
0004710,AMADAY PL COMP 5MG/8MG,AMLODIPINE+PERINDOPRIL ERBUMINE,COMPRIME,5MG/8MG,ANTI-HYPERTENSEUR IEC+ICC,30,COMPRIMES,GENERIQUE,BOITE,7750,7750,80,TPC
0004742,ZANEXTRA COMP 20MG/10MG,ENALAPRIL+LERCANIDIPINE,COMPRIME,20MG/10MG,ANTI-HYPERTENSEUR IEC+ICC,30,COMPRIMES,SPECIALITE,BOITE,11665,11665,80,TPC
0004743,ZANEXTRA COMP 20MG/20MG,ENALAPRIL+LERCANIDIPINE,COMPRIME,20MG/20MG,ANTI-HYPERTENSEUR IEC+ICC,30,COMPRIMES,SPECIALITE,BOITE,11665,11665,80,TPC
0001550,ENEAS COMP 10MG/20MG,ENALAPRIL+NITRENDIPINE,COMPRIME,10MG/20MG,ANTI-HYPERTENSEUR IEC+ICC,30,COMPRIMES,SPECIALITE,BOITE,6315,6315,80,TPC
0002247,COVERAM COMP 10MG/10MG,PERINDOPRIL ARGININE+AMLODIPINE,COMPRIME,10MG/10MG,ANTI-HYPERTENSEUR IEC+ICC,30,COMPRIMES,SPECIALITE,BOITE,17795,17795,80,TPC
0002252,COVERAM COMP 10MG/5MG,PERINDOPRIL ARGININE+AMLODIPINE,COMPRIME,10MG/5MG,ANTI-HYPERTENSEUR IEC+ICC,30,COMPRIMES,SPECIALITE,BOITE,17505,17505,80,TPC
0002260,COVERAM COMP 5MG/10MG,PERINDOPRIL ARGININE+AMLODIPINE,COMPRIME,5MG/10MG,ANTI-HYPERTENSEUR IEC+ICC,30,COMPRIMES,SPECIALITE,BOITE,12340,12340,80,TPC
0002267,COVERAM COMP 5MG/5MG,PERINDOPRIL ARGININE+AMLODIPINE,COMPRIME,5MG/5MG,ANTI-HYPERTENSEUR IEC+ICC,30,COMPRIMES,SPECIALITE,BOITE,12055,12055,80,TPC
0004920,PERINAM COMP 4MG/5MG,PERINDOPRIL ERBUMINE+AMLODIPINE,COMPRIME,4MG/5MG,ANTI-HYPERTENSEUR IEC+ICC,30,COMPRIMES,GENERIQUE,BOITE,7460,7460,80,TPC
0004922,PERINAM COMP 8MG/10MG,PERINDOPRIL ERBUMINE+AMLODIPINE,COMPRIME,8MG/10MG,ANTI-HYPERTENSEUR IEC+ICC,30,COMPRIMES,GENERIQUE,BOITE,9755,9755,80,TPC
0004921,PERINAM COMP 8MG/5MG,PERINDOPRIL ERBUMINE+AMLODIPINE,COMPRIME,8MG/5MG,ANTI-HYPERTENSEUR IEC+ICC,30,COMPRIMES,GENERIQUE,BOITE,8610,8610,80,TPC
0003723,ACEFLAMEX COMP 100MG,ACECLOFENAC,COMPRIME,100MG,ANTI-INFLAMMATOIRE AINS,20,COMPRIMES,GENERIQUE,BOITE,2295,2024,80,REMBOURSABLE
0003348,ACENLAND COMP 100MG B/10,ACECLOFENAC,COMPRIME,100MG,ANTI-INFLAMMATOIRE AINS,10,COMPRIMES,GENERIQUE,BOITE,1310,1012,80,REMBOURSABLE
0003453,ACOFAN COMP 100MG,ACECLOFENAC,COMPRIME,100MG,ANTI-INFLAMMATOIRE AINS,30,COMPRIMES,GENERIQUE,BOITE,2755,2755,80,REMBOURSABLE
0003789,ACTINAC COMP 100MG B/10,ACECLOFENAC,COMPRIME,100MG,ANTI-INFLAMMATOIRE AINS,10,COMPRIMES,GENERIQUE,BOITE,2125,1012,80,REMBOURSABLE
0000012,ACTINAC COMP 100MG B/30,ACECLOFENAC,COMPRIME,100MG,ANTI-INFLAMMATOIRE AINS,30,COMPRIMES,GENERIQUE,BOITE,5165,3036,80,REMBOURSABLE
0001103,AIRTAL COMP 100MG B/10,ACECLOFENAC,COMPRIME,100MG,ANTI-INFLAMMATOIRE AINS,10,COMPRIMES,GENERIQUE,BOITE,2995,1012,80,REMBOURSABLE
0000019,AIRTAL COMP 100MG B/40,ACECLOFENAC,COMPRIME,100MG,ANTI-INFLAMMATOIRE AINS,40,COMPRIMES,GENERIQUE,BOITE,10560,4048,80,REMBOURSABLE
0003970,ALTRAFLAM COMP 100MG,ACECLOFENAC,COMPRIME,100MG,ANTI-INFLAMMATOIRE AINS,10,COMPRIMES,GENERIQUE,BOITE,2100,1012,80,REMBOURSABLE
0003972,VOVNAC COMP 100MG,ACECLOFENAC,COMPRIME,100MG,ANTI-INFLAMMATOIRE AINS,30,COMPRIMES,GENERIQUE,BOITE,3445,3036,80,REMBOURSABLE
0000023,ZERODOL COMP 100MG B/10,ACECLOFENAC,COMPRIME,100MG,ANTI-INFLAMMATOIRE AINS,10,COMPRIMES,GENERIQUE,BOITE,2630,1012,80,REMBOURSABLE
0002557,ZERODOL COMP 100MG B/30,ACECLOFENAC,COMPRIME,100MG,ANTI-INFLAMMATOIRE AINS,30,COMPRIMES,GENERIQUE,BOITE,7345,3036,80,REMBOURSABLE
0004941,ACTINAC COMP LP 200MG,ACECLOFENAC,COMPRIME LP,200MG,ANTI-INFLAMMATOIRE AINS,10,COMPRIMES,GENERIQUE,BOITE,3100,3100,80,REMBOURSABLE
0003881,ZERODOL CR COMP LP 200MG,ACECLOFENAC,COMPRIME LP,200MG,ANTI-INFLAMMATOIRE AINS,10,COMPRIMES,GENERIQUE,BOITE,3560,3560,80,REMBOURSABLE
0004107,CELEBID GELULE 100MG,CELECOXIB,GELULE,100MG,ANTI-INFLAMMATOIRE AINS,20,GELULES,GENERIQUE,BOITE,4545,4545,80,ENTENTE PREALABLE
0002239,CELEBREX GELULE 100MG,CELECOXIB,GELULE,100MG ,ANTI-INFLAMMATOIRE AINS,20,GELULES,SPECIALITE,BOITE,7600,5700,80,ENTENTE PREALABLE
0002242,CELEBREX GELULE 200MG,CELECOXIB,GELULE,200MG,ANTI-INFLAMMATOIRE AINS,10,GELULES,GENERIQUE,BOITE,7600,7600,80,ENTENTE PREALABLE
0005094,COLCIBRA GELULE 200MG,CELECOXIB,GELULE,200MG,ANTI-INFLAMMATOIRE AINS,30,GELULES,GENERIQUE,BOITE,9215,9215,80,ENTENTE PREALABLE
0001010,CATAFLAM COMP 50MG,DICLOFENAC,COMPRIME,50MG,ANTI-INFLAMMATOIRE AINS,20,COMPRIMES,GENERIQUE,BOITE,3260,440,80,REMBOURSABLE
0000058,DICLAC COMP 50MG,DICLOFENAC,COMPRIME,50MG,ANTI-INFLAMMATOIRE AINS,20,COMPRIMES,GENERIQUE,BOITE,2525,440,80,REMBOURSABLE
0000709,DICLO DENK COMP 50MG BLISTER/10,DICLOFENAC,COMPRIME,50MG,ANTI-INFLAMMATOIRE AINS,10,COMPRIMES,GENERIQUE,BLISTER,445,440,80,REMBOURSABLE
0004132,DICLO PHARMA 5 COMP 50MG,DICLOFENAC,COMPRIME,50MG,ANTI-INFLAMMATOIRE AINS,20,COMPRIMES,GENERIQUE,BOITE,2125,440,80,REMBOURSABLE
0000063,DICLOFEN COMP 50MG,DICLOFENAC,COMPRIME,50MG,ANTI-INFLAMMATOIRE AINS,30,COMPRIMES,GENERIQUE,BOITE,990,660,80,REMBOURSABLE
C000051,DICLOFENAC COMP 50MG,DICLOFENAC,COMPRIME,50MG,ANTI-INFLAMMATOIRE AINS,10,COMPRIMES,CAMEG,BLISTER,150,150,80,REMBOURSABLE
0000084,DICLOFENAC TM COMP 50MG,DICLOFENAC,COMPRIME,50MG,ANTI-INFLAMMATOIRE AINS,40,COMPRIMES,GENERIQUE,BOITE,810,810,80,REMBOURSABLE
0003287,DICLOFENAC UBI COMP 50MG BLISTER/10,DICLOFENAC,COMPRIME,50MG,ANTI-INFLAMMATOIRE AINS,10,COMPRIMES,GENERIQUE,BOITE,310,220,80,REMBOURSABLE
0000716,DICLOWAL COMP 50MG,DICLOFENAC,COMPRIME,50MG,ANTI-INFLAMMATOIRE AINS,20,COMPRIMES,GENERIQUE,BOITE,2010,440,80,REMBOURSABLE
0000069,DIFLAMEX COMP 50MG,DICLOFENAC,COMPRIME,50MG,ANTI-INFLAMMATOIRE AINS,40,COMPRIMES,GENERIQUE,BOITE,4015,880,80,REMBOURSABLE
0000080,DOLEX COMP 50MG,DICLOFENAC,COMPRIME,50MG,ANTI-INFLAMMATOIRE AINS,30,COMPRIMES,GENERIQUE,BOITE,1435,660,80,REMBOURSABLE
0000074,DOLOTREN COMP 50MG,DICLOFENAC,COMPRIME,50MG,ANTI-INFLAMMATOIRE AINS,20,COMPRIMES,GENERIQUE,BOITE,1885,440,80,REMBOURSABLE
0003107,DYNAPAR EC COMP 50MG BLISTER/10,DICLOFENAC,COMPRIME,50MG,ANTI-INFLAMMATOIRE AINS,10,COMPRIMES,GENERIQUE,BLISTER,530,220,80,REMBOURSABLE
0001016,OLFEN COMP 50MG,DICLOFENAC,COMPRIME,50MG,ANTI-INFLAMMATOIRE AINS,20,COMPRIMES,GENERIQUE,BOITE,2640,440,80,REMBOURSABLE
0002629,VOLTARENE COMP 50MG,DICLOFENAC,COMPRIME,50MG,ANTI-INFLAMMATOIRE AINS,30,COMPRIMES,SPECIALITE,BOITE,4545,660,80,REMBOURSABLE
0000021,VOLTFAST SACHET 50MG,DICLOFENAC,POUDRE EN SACHET,50MG,ANTI-INFLAMMATOIRE AINS,9,SACHETS,GENERIQUE,BOITE,2895,198,80,REMBOURSABLE
0002604,DICLAC SOL INJ 75MG,DICLOFENAC,SOLUTION INJECTABLE,75MG,ANTI-INFLAMMATOIRE AINS,1,AMPOULE,GENERIQUE,BOITE,745,193,80,REMBOURSABLE
0000800,DICLO DENK SOL INJ 75MG,DICLOFENAC,SOLUTION INJECTABLE,75MG,ANTI-INFLAMMATOIRE AINS,1,AMPOULE,GENERIQUE,BOITE,295,193,80,REMBOURSABLE
0004134,DICLO PHARMA 5 SOL INJ 75MG,DICLOFENAC,SOLUTION INJECTABLE,75MG,ANTI-INFLAMMATOIRE AINS,1,AMPOULE,GENERIQUE,BOITE,416,193,80,REMBOURSABLE
C000410,DICLOFENAC SOL INJ 75MG,DICLOFENAC,SOLUTION INJECTABLE,75MG,ANTI-INFLAMMATOIRE AINS,1,AMPOULE,CAMEG,BOITE,215,215,80,REMBOURSABLE
0003276,DICLOFENAC UBI SOL INJ 75MG,DICLOFENAC,SOLUTION INJECTABLE,75MG,ANTI-INFLAMMATOIRE AINS,1,AMPOULE,GENERIQUE,BOITE,175,175,80,REMBOURSABLE
0000803,DICLOWAL SOL INJ 75MG,DICLOFENAC,SOLUTION INJECTABLE,75MG,ANTI-INFLAMMATOIRE AINS,1,AMPOULE,GENERIQUE,BOITE,380,193,80,REMBOURSABLE
0005035,DOLEX SOL INJ 75MG,DICLOFENAC,SOLUTION INJECTABLE,75MG,ANTI-INFLAMMATOIRE AINS,1,AMPOULE,GENERIQUE,BOITE,460,193,80,REMBOURSABLE
0000795,DOLOTREN SOL INJ 75MG,DICLOFENAC,SOLUTION INJECTABLE,75MG,ANTI-INFLAMMATOIRE AINS,1,AMPOULE,GENERIQUE,BOITE,440,193,80,REMBOURSABLE
0003889,DYNAPAR AQ SOL INJ 75MG,DICLOFENAC,SOLUTION INJECTABLE,75MG,ANTI-INFLAMMATOIRE AINS,1,AMPOULE,GENERIQUE,BOITE,640,193,80,REMBOURSABLE
0000027,OLFEN SOL INJ 75MG,DICLOFENAC,SOLUTION INJECTABLE,75MG,ANTI-INFLAMMATOIRE AINS,1,AMPOULE,GENERIQUE,BOITE,575,193,80,REMBOURSABLE
0000832,DICLAC SUPPO 100MG,DICLOFENAC,SUPPOSITOIRE,100MG,ANTI-INFLAMMATOIRE AINS,10,SUPPOSITOIRES,GENERIQUE,BOITE,2525,2310,80,REMBOURSABLE
0000812,DICLO DENK SUPPO 100MG,DICLOFENAC,SUPPOSITOIRE,100MG,ANTI-INFLAMMATOIRE AINS,10,SUPPOSITOIRES,GENERIQUE,BOITE,2630,2310,80,REMBOURSABLE
0004133,DICLO PHARMA 5 SUPPO 100MG,DICLOFENAC,SUPPOSITOIRE,100MG,ANTI-INFLAMMATOIRE AINS,10,SUPPOSITOIRES,GENERIQUE,BOITE,1830,1830,80,REMBOURSABLE
0000836,DICLOWAL SUPPO 100MG,DICLOFENAC,SUPPOSITOIRE,100MG,ANTI-INFLAMMATOIRE AINS,10,SUPPOSITOIRES,GENERIQUE,BOITE,2195,2195,80,REMBOURSABLE
0000826,DOLOTREN SUPPO 100MG,DICLOFENAC,SUPPOSITOIRE,100MG,ANTI-INFLAMMATOIRE AINS,12,SUPPOSITOIRES,GENERIQUE,BOITE,2525,2525,80,REMBOURSABLE
0000672,OLFEN SUPPO 100MG,DICLOFENAC,SUPPOSITOIRE,100MG,ANTI-INFLAMMATOIRE AINS,5,SUPPOSITOIRES,GENERIQUE,BOITE,1720,1155,80,REMBOURSABLE
0002632,VOLTARENE SUPPO 100MG,DICLOFENAC,SUPPOSITOIRE,100MG,ANTI-INFLAMMATOIRE AINS,10,SUPPOSITOIRES,SPECIALITE,BOITE,2800,2310,80,REMBOURSABLE
0000557,ADVIL COMP 200MG,IBUPROFENE,COMPRIME,200MG,ANTI-INFLAMMATOIRE AINS,30,COMPRIMES,SPECIALITE,BOITE,3020,396,80,REMBOURSABLE
C000382,IBUPROFENE COMP 200MG BLISTER/10,IBUPROFENE,COMPRIME,200MG,ANTI-INFLAMMATOIRE AINS,10,COMPRIMES,CAMEG,BLISTER,120,120,80,REMBOURSABLE
0000564,TRIFENE COMP 200MG,IBUPROFENE,COMPRIME,200MG,ANTI-INFLAMMATOIRE AINS,20,COMPRIMES,GENERIQUE,BOITE,1320,264,80,REMBOURSABLE
0000586,ADVIL COMP 400MG,IBUPROFENE,COMPRIME,400MG,ANTI-INFLAMMATOIRE AINS,20,COMPRIMES,SPECIALITE,BOITE,1700,528,80,REMBOURSABLE
0000590,APIFEN COMP 400MG,IBUPROFENE,COMPRIME,400MG,ANTI-INFLAMMATOIRE AINS,30,COMPRIMES,GENERIQUE,BOITE,2100,792,80,REMBOURSABLE
0003721,BD-FEN COMP 400MG,IBUPROFENE,COMPRIME,400MG,ANTI-INFLAMMATOIRE AINS,20,COMPRIMES,GENERIQUE,BOITE,2205,528,80,REMBOURSABLE
0000651,BRUFEN COMP 400MG,IBUPROFENE,COMPRIME,400MG,ANTI-INFLAMMATOIRE AINS,30,COMPRIMES,GENERIQUE,BOITE,2235,792,80,REMBOURSABLE
0000655,BUFALGAN COMP 400MG,IBUPROFENE,COMPRIME,400MG,ANTI-INFLAMMATOIRE AINS,30,COMPRIMES,GENERIQUE,BOITE,2260,792,80,REMBOURSABLE
0000599,IBUFEN COMP 400MG,IBUPROFENE,COMPRIME,400MG,ANTI-INFLAMMATOIRE AINS,20,COMPRIMES,GENERIQUE,BOITE,1720,528,80,REMBOURSABLE
C000175,IBUPROFENE COMP 400MG BLISTER/10,IBUPROFENE,COMPRIME,400MG,ANTI-INFLAMMATOIRE AINS,10,COMPRIMES,CAMEG,BLISTER,150,150,80,REMBOURSABLE
0004940,IBUPROFENE CREAT COMP 400MG BLISTER/10,IBUPROFENE,COMPRIME,400MG,ANTI-INFLAMMATOIRE AINS,10,COMPRIMES,GENERIQUE,BLISTER,500,260,80,REMBOURSABLE
0000610,IBUPROFENE DENK COMP 400MG BLISTER/10,IBUPROFENE,COMPRIME,400MG,ANTI-INFLAMMATOIRE AINS,10,COMPRIMES,GENERIQUE,BLISTER,505,505,80,REMBOURSABLE
0000606,IBUPROFENE TM COMP 400MG,IBUPROFENE,COMPRIME,400MG,ANTI-INFLAMMATOIRE AINS,20,COMPRIMES,GENERIQUE,BOITE,485,485,80,REMBOURSABLE
0003278,IBUPROFENE UBI COMP 400MG BLISTER/10,IBUPROFENE,COMPRIME,400MG,ANTI-INFLAMMATOIRE AINS,10,COMPRIMES,GENERIQUE,BLISTER,140,140,80,REMBOURSABLE
0000581,PEDIFEN COMP 400MG,IBUPROFENE,COMPRIME,400MG,ANTI-INFLAMMATOIRE AINS,30,COMPRIMES,GENERIQUE,BOITE,2015,792,80,REMBOURSABLE
0000671,SPIFEN COMP 400MG,IBUPROFENE,COMPRIME,400MG,ANTI-INFLAMMATOIRE AINS,20,COMPRIMES,GENERIQUE,BOITE,1860,528,80,REMBOURSABLE
0000629,ADVIL SUSP BUV 100MG/5ML,IBUPROFENE,SUSPENSION BUVABLE,100MG/5ML,ANTI-INFLAMMATOIRE AINS,200,MILLILITRES,SPECIALITE,FLACON,2455,2420,80,REMBOURSABLE
0004794,ALGOFENE SUSP BUV 100MG/5ML,IBUPROFENE,SUSPENSION BUVABLE,100MG/5ML,ANTI-INFLAMMATOIRE AINS,150,MILLILITRES,GENERIQUE,FLACON,1720,1720,80,REMBOURSABLE
0000659,BRUFEN SUSP BUV 100MG/5ML,IBUPROFENE,SUSPENSION BUVABLE,100MG/5ML,ANTI-INFLAMMATOIRE AINS,100,MILLILITRES,GENERIQUE,FLACON,2800,1210,80,REMBOURSABLE
0004199,IBUFEN SUSP BUV 100MG/5ML,IBUPROFENE,SUSPENSION BUVABLE,100MG/5ML,ANTI-INFLAMMATOIRE AINS,200,MILLILITRES,GENERIQUE,FLACON,2410,2410,80,REMBOURSABLE
0004653,IBUX SUSP BUV 100MG/5ML,IBUPROFENE,SUSPENSION BUVABLE,100MG/5ML,ANTI-INFLAMMATOIRE AINS,120,MILLILITRES,GENERIQUE,FLACON,1720,1452,80,REMBOURSABLE
0000613,PAIDOFEBRIL SUSP BUV 100MG/5ML,IBUPROFENE,SUSPENSION BUVABLE,100MG/5ML,ANTI-INFLAMMATOIRE AINS,200,MILLILITRES,GENERIQUE,FLACON,2295,2295,80,REMBOURSABLE
0000645,PEDIFEN SUSP BUV 100MG/5ML,IBUPROFENE,SUSPENSION BUVABLE,100MG/5ML,ANTI-INFLAMMATOIRE AINS,100,MILLILITRES,GENERIQUE,FLACON,2275,1210,80,REMBOURSABLE
0000648,SIROFEN SUSP BUV 100MG/5ML,IBUPROFENE,SUSPENSION BUVABLE,100MG/5ML,ANTI-INFLAMMATOIRE AINS,150,MILLILITRES,GENERIQUE,FLACON,2125,1815,80,REMBOURSABLE
0001071,KETONAL COMP 100MG,KETOPROFENE,COMPRIME,100MG,ANTI-INFLAMMATOIRE AINS,20,COMPRIMES,GENERIQUE,BOITE,1950,1071,80,REMBOURSABLE
0003298,KETOPROFENE UBI COMP 100MG BLISTER/10,KETOPROFENE,COMPRIME,100MG,ANTI-INFLAMMATOIRE AINS,10,COMPRIMES,GENERIQUE,BLISTER,525,525,80,REMBOURSABLE
0001068,PROFENID COMP 100MG,KETOPROFENE,COMPRIME,100MG,ANTI-INFLAMMATOIRE AINS,30,COMPRIMES,SPECIALITE,BOITE,3100,1606,80,REMBOURSABLE
0003364,PROKEFEN COMP DISP 100MG,KETOPROFENE,COMPRIME DISPERSIBLE,100MG,ANTI-INFLAMMATOIRE AINS,30,COMPRIMES,GENERIQUE,BOITE,1460,1460,80,REMBOURSABLE
0001100,KETONAL SOL INJ 100MG/2ML,KETOPROFENE,SOLUTION INJECTABLE,100MG/2ML,ANTI-INFLAMMATOIRE AINS,1,AMPOULE,GENERIQUE,BOITE,690,690,80,REMBOURSABLE
0004208,PROFENID SOL INJ 100MG/2ML IM,KETOPROFENE,SOLUTION INJECTABLE,100MG/2ML,ANTI-INFLAMMATOIRE AINS,1,AMPOULE,SPECIALITE,BOITE,1655,1518,80,REMBOURSABLE
0001114,PROFENID SOL INJ 100MG/2ML IV,KETOPROFENE,SOLUTION INJECTABLE,100MG/2ML,ANTI-INFLAMMATOIRE AINS,1,AMPOULE,SPECIALITE,BOITE,825,759,80,REMBOURSABLE
0003314,PROKEFEN SOL INJ 100MG/2ML,KETOPROFENE,SOLUTION INJECTABLE,100MG/2ML,ANTI-INFLAMMATOIRE AINS,1,AMPOULE,GENERIQUE,BOITE,735,735,80,REMBOURSABLE
0004796,KETOFLEX SUPPO 100MG,KETOPROFENE,SUPPOSITOIRE,100MG,ANTI-INFLAMMATOIRE AINS,10,SUPPOSITOIRES,GENERIQUE,BOITE,1550,1550,80,REMBOURSABLE
0001111,KETONAL SUPPO 100MG,KETOPROFENE,SUPPOSITOIRE,100MG,ANTI-INFLAMMATOIRE AINS,12,SUPPOSITOIRES,GENERIQUE,BOITE,2030,2030,80,REMBOURSABLE
0001129,PROFENID SUPPO 100MG,KETOPROFENE,SUPPOSITOIRE,100MG,ANTI-INFLAMMATOIRE AINS,12,SUPPOSITOIRES,SPECIALITE,BOITE,2195,2195,80,REMBOURSABLE
0004209,PROKEFEN SUPPO 100MG,KETOPROFENE,SUPPOSITOIRE,100MG,ANTI-INFLAMMATOIRE AINS,10,SUPPOSITOIRES,GENERIQUE,BOITE,1400,1400,80,REMBOURSABLE
0000600,PENTASA COMP EFF 500MG,MESALAZINE,COMPRIME EFFERVESCENT,500MG,ANTI-INFLAMMATOIRE AINS,100,COMPRIMES,SPECIALITE,BOITE,31500,31500,80,ENTENTE PREALABLE
0000678,SUPAFEN COMP 400MG/300MG,IBUPROFENE+PARACETAMOL,COMPRIME,400MG/300MG,ANTI-INFLAMMATOIRE AINS+ANALGESIQUE NON OPIOIDE P1 ANTI-PYRETIQUE,10,COMPRIMES,GENERIQUE,BOITE,870,820,80,REMBOURSABLE
0000700,BRUSTAN COMP 400MG/325MG B/10,IBUPROFENE+PARACETAMOL,COMPRIME,400MG/325MG,ANTI-INFLAMMATOIRE AINS+ANALGESIQUE NON OPIOIDE P1 ANTI-PYRETIQUE,10,COMPRIMES,GENERIQUE,BOITE,1125,820,80,REMBOURSABLE
0004201,BRUSTAN COMP 400MG/325MG B/20,IBUPROFENE+PARACETAMOL,COMPRIME,400MG/325MG,ANTI-INFLAMMATOIRE AINS+ANALGESIQUE NON OPIOIDE P1 ANTI-PYRETIQUE,20,COMPRIMES,GENERIQUE,BOITE,2100,1639,80,REMBOURSABLE
0004203,KILMOL COMP 400MG/325MG,IBUPROFENE+PARACETAMOL,COMPRIME,400MG/325MG,ANTI-INFLAMMATOIRE AINS+ANALGESIQUE NON OPIOIDE P1 ANTI-PYRETIQUE,30,COMPRIMES,GENERIQUE,BOITE,2295,2295,80,REMBOURSABLE
0000683,PAINEX COMP 400MG/325MG,IBUPROFENE+PARACETAMOL,COMPRIME,400MG/325MG,ANTI-INFLAMMATOIRE AINS+ANALGESIQUE NON OPIOIDE P1 ANTI-PYRETIQUE,10,COMPRIMES,GENERIQUE,BOITE,900,820,80,REMBOURSABLE
0000694,PROFENOL COMP 400MG/325MG,IBUPROFENE+PARACETAMOL,COMPRIME,400MG/325MG,ANTI-INFLAMMATOIRE AINS+ANALGESIQUE NON OPIOIDE P1 ANTI-PYRETIQUE,20,COMPRIMES,GENERIQUE,BOITE,1490,1490,80,REMBOURSABLE
0005076,ACEFEN PLUS COMP 400MG/500MG,IBUPROFENE+PARACETAMOL,COMPRIME,400MG/500MG,ANTI-INFLAMMATOIRE AINS+ANALGESIQUE NON OPIOIDE P1 ANTI-PYRETIQUE,30,COMPRIMES,GENERIQUE,BOITE,2490,2490,80,REMBOURSABLE
0004202,GENFORTE COMP 400MG/500MG,IBUPROFENE+PARACETAMOL,COMPRIME,400MG/500MG,ANTI-INFLAMMATOIRE AINS+ANALGESIQUE NON OPIOIDE P1 ANTI-PYRETIQUE,10,COMPRIMES,GENERIQUE,BOITE,805,805,80,REMBOURSABLE
0000706,IBUMOL COMP 400MG/500MG B/10,IBUPROFENE+PARACETAMOL,COMPRIME,400MG/500MG,ANTI-INFLAMMATOIRE AINS+ANALGESIQUE NON OPIOIDE P1 ANTI-PYRETIQUE,10,COMPRIMES,GENERIQUE,BOITE,1260,820,80,REMBOURSABLE
0000710,IBUMOL COMP 400MG/500MG B/30,IBUPROFENE+PARACETAMOL,COMPRIME,400MG/500MG,ANTI-INFLAMMATOIRE AINS+ANALGESIQUE NON OPIOIDE P1 ANTI-PYRETIQUE,30,COMPRIMES,GENERIQUE,BOITE,2630,2459,80,REMBOURSABLE
0003356,LEXOFEN PLUS COMP 400MG/500MG,IBUPROFENE+PARACETAMOL,COMPRIME,400MG/500MG,ANTI-INFLAMMATOIRE AINS+ANALGESIQUE NON OPIOIDE P1 ANTI-PYRETIQUE,20,COMPRIMES,GENERIQUE,BOITE,1380,1380,80,REMBOURSABLE
0000753,BRUSTAN SUSP BUV 100MG/125MG,IBUPROFENE+PARACETAMOL,SUSPENSION BUVABLE,100MG/125MG,ANTI-INFLAMMATOIRE AINS+ANALGESIQUE NON OPIOIDE P1 ANTI-PYRETIQUE,100,MILLILITRES,GENERIQUE,FLACON,1230,1230,80,REMBOURSABLE
0005138,GENFORTE-GH SUSP BUV 100MG/125MG,IBUPROFENE+PARACETAMOL,SUSPENSION BUVABLE,100MG/125MG,ANTI-INFLAMMATOIRE AINS+ANALGESIQUE NON OPIOIDE P1 ANTI-PYRETIQUE,120,MILLILITRES,GENERIQUE,FLACON,1275,1275,80,REMBOURSABLE
0003357,LEXOFEN PLUS SUSP BUV 100MG/125MG,IBUPROFENE+PARACETAMOL,SUSPENSION BUVABLE,100MG/125MG,ANTI-INFLAMMATOIRE AINS+ANALGESIQUE NON OPIOIDE P1 ANTI-PYRETIQUE,100,MILLILITRES,GENERIQUE,FLACON,1380,1353,80,REMBOURSABLE
0000758,PROFENOL SUSP BUV 100MG/125MG,IBUPROFENE+PARACETAMOL,SUSPENSION BUVABLE,100MG/125MG,ANTI-INFLAMMATOIRE AINS+ANALGESIQUE NON OPIOIDE P1 ANTI-PYRETIQUE,100,MILLILITRES,GENERIQUE,FLACON,1575,1353,80,REMBOURSABLE
0000728,"IBUMOL SUSP BUV 100MG/162,5MG",IBUPROFENE+PARACETAMOL,SUSPENSION BUVABLE,"100MG/162,5MG",ANTI-INFLAMMATOIRE AINS+ANALGESIQUE NON OPIOIDE P1 ANTI-PYRETIQUE,60,MILLILITRES,GENERIQUE,FLACON,1260,1260,80,REMBOURSABLE
0004657,"PANTEK PLUS SUSP BUV 100/162,5MG",IBUPROFENE+PARACETAMOL,SUSPENSION BUVABLE,"100MG/162,5MG",ANTI-INFLAMMATOIRE AINS+ANALGESIQUE NON OPIOIDE P1 ANTI-PYRETIQUE,100,MILLILITRES,GENERIQUE,FLACON,885,885,80,REMBOURSABLE
0001582,MAXILASE COMP 3000UI,ALPHA AMYLASE,COMPRIME,3000UI,ANTI-INFLAMMATOIRE ENZYMATIQUE,24,COMPRIMES,SPECIALITE,BOITE,2995,2995,80,REMBOURSABLE
0001571,MEGAMYLASE COMP 3000UI,ALPHA AMYLASE,COMPRIME,3000UI,ANTI-INFLAMMATOIRE ENZYMATIQUE,24,COMPRIMES,GENERIQUE,BOITE,3385,3295,80,REMBOURSABLE
0001618,MAXILASE SOL BUV 200UI/5ML,ALPHA AMYLASE,SOLUTION BUVABLE,200UI/5ML,ANTI-INFLAMMATOIRE ENZYMATIQUE,125,MILLILITRES,SPECIALITE,FLACON,2125,2125,80,REMBOURSABLE
0001615,MEGAMYLASE SOL BUV 200UI/5ML,ALPHA AMYLASE,SOLUTION BUVABLE,200UI/5ML,ANTI-INFLAMMATOIRE ENZYMATIQUE,125,MILLILITRES,GENERIQUE,FLACON,2185,2185,80,REMBOURSABLE
0001688,RIBATRAN COMP,TRYPSINE+RIBONUCLEASE PANCREAT+CHYMOTRYPSINE,COMPRIME,200/20/2000µKATALS,ANTI-INFLAMMATOIRE ENZYMATIQUE,20,COMPRIMES,SPECIALITE,BOITE,3720,3720,80,REMBOURSABLE
0005065,"DICLOCED COLLYRE 0,1%",DICLOFENAC,COLLYRE,"0,1%",ANTI-INFLAMMATOIRE LOCAL AINS,10,MILLILITRES,SPECIALITE,BOITE,5140,1950,80,REMBOURSABLE
0004459,"DICLODEX COLLYRE 0,1%",DICLOFENAC,COLLYRE,"0,1%",ANTI-INFLAMMATOIRE LOCAL AINS,5,MILLILITRES,GENERIQUE,FLACON,1600,974,80,REMBOURSABLE
0000044,"DIFENASOL COLLYRE 0,1%",DICLOFENAC,COLLYRE,"0,1%",ANTI-INFLAMMATOIRE LOCAL AINS,5,MILLILITRES,GENERIQUE,FLACON,885,885,80,REMBOURSABLE
0004547,"RETIFEN COLLYRE 0,1%",DICLOFENAC,COLLYRE,"0,1%",ANTI-INFLAMMATOIRE LOCAL AINS,5,MILLILITRES,GENERIQUE,FLACON,1435,974,80,REMBOURSABLE
0005111,"INDOCINEX COLLYRE 0,1%",INDOMETACINE,COLLYRE,"0,1%",ANTI-INFLAMMATOIRE LOCAL AINS,5,MILLILITRES,GENERIQUE,FLACON,2410,2410,80,REMBOURSABLE
0000809,"INDOCOLLYRE COLLYRE 0,1%",INDOMETACINE,COLLYRE,"0,1%",ANTI-INFLAMMATOIRE LOCAL AINS,5,MILLILITRES,SPECIALITE,FLACON,2800,2800,80,REMBOURSABLE
0000787,INDOBIOTIC COLLYRE,INDOMETACINE+GENTAMICINE,COLLYRE,5MG/15000UI,ANTI-INFLAMMATOIRE LOCAL AINS,5,MILLILITRES,SPECIALITE,FLACON,2925,2925,80,REMBOURSABLE
0000831,"MAXIDEX COLLYRE 0,1%",DEXAMETHASONE,COLLYRE,"0,1%",ANTI-INFLAMMATOIRE LOCAL CORTICOIDE,3,MILLILITRES,SPECIALITE,FLACON,1000,1000,80,REMBOURSABLE
0001907,"FLUCON COLLYRE 0,1%",FLUOROMETHOLONE,COLLYRE,"0,1%",ANTI-INFLAMMATOIRE LOCAL CORTICOIDE,3,MILLILITRES,SPECIALITE,FLACON,1160,1160,80,REMBOURSABLE
0004942,"OPTIPRED COLLYRE 0,5%",PREDNISOLONE,COLLYRE,"0,5%",ANTI-INFLAMMATOIRE LOCAL CORTICOIDE,5,MILLILITRES,GENERIQUE,FLACON,1445,1445,80,REMBOURSABLE
0003844,"ORCHAPRED GEL OPHTA 0,5%",PREDNISOLONE,GEL OPHTALMIQUE,"0,5%",ANTI-INFLAMMATOIRE LOCAL CORTICOIDE,5,GRAMMES,GENERIQUE,TUBE,2800,2800,80,REMBOURSABLE
0003240,MESTINON COMP 60MG,PYRIDOSTIGMINE BROMURE,COMPRIME,60MG,ANTI-MYASTHENIE,20,COMPRIMES,SPECIALITE,BOITE,4695,4695,80,TPC
0000330,MANNITOL SOL INJ 10% FL/500ML,MANNITOL,SOLUTION INJECTABLE,10%,ANTI-OEDEMATEUX DIURETIQUE OSMOTIQUE,500,MILLILITRES,GENERIQUE,FLACON,2730,1584,80,REMBOURSABLE
C000251,MANNITOL SOL INJ 10% FL/500ML,MANNITOL,SOLUTION INJECTABLE,10%,ANTI-OEDEMATEUX DIURETIQUE OSMOTIQUE,1,FLACON,CAMEG,BOITE,1440,1440,80,REMBOURSABLE
0000333,MANNITOL SOL INJ 20% FL/500ML,MANNITOL,SOLUTION INJECTABLE,20%,ANTI-OEDEMATEUX DIURETIQUE OSMOTIQUE,500,MILLILITRES,GENERIQUE,FLACON,1745,1745,80,REMBOURSABLE
C000253,MANNITOL SOL INJ 20% FL/500ML,MANNITOL,SOLUTION INJECTABLE,20%,ANTI-OEDEMATEUX DIURETIQUE OSMOTIQUE,1,FLACON,CAMEG,BOITE,1800,1800,80,REMBOURSABLE
0005114,ALFOSA COMP 35MG,ALENDRONATE SODIQUE,COMPRIME,35MG,ANTI-OSTEOPOROSE,4,COMPRIMES,GENERIQUE,BOITE,9185,5680,80,ENTENTE PREALABLE
0003626,BIFOSA COMP 35MG,ALENDRONATE SODIQUE,COMPRIME,35MG,ANTI-OSTEOPOROSE,4,COMPRIMES,GENERIQUE,BOITE,5165,5165,80,ENTENTE PREALABLE
0005115,ALFOSA COMP 70MG,ALENDRONATE SODIQUE,COMPRIME,70MG,ANTI-OSTEOPOROSE,4,COMPRIMES,GENERIQUE,BOITE,10050,7580,80,ENTENTE PREALABLE
0003469,BIFOSA COMP 70MG,ALENDRONATE SODIQUE,COMPRIME,70MG,ANTI-OSTEOPOROSE,4,COMPRIMES,GENERIQUE,BOITE,6890,6890,80,ENTENTE PREALABLE
0004943,OSTEON COMP 70MG,ALENDRONATE SODIQUE,COMPRIME,70MG,ANTI-OSTEOPOROSE,10,COMPRIMES,GENERIQUE,BOITE,28700,18950,80,ENTENTE PREALABLE
0002482,ARTEMETHER UBI SOL INJ 20MG,ARTEMETHER,SOLUTION INJECTABLE,20MG,ANTI-PALUDIQUE,1,AMPOULE,GENERIQUE,BOITE,460,460,80,REMBOURSABLE
0002471,ARTESIANE SOL INJ 20MG,ARTEMETHER,SOLUTION INJECTABLE,20MG,ANTI-PALUDIQUE,1,AMPOULE,GENERIQUE,BOITE,560,506,80,REMBOURSABLE
0002476,ARTEM SOL INJ 40MG,ARTEMETHER,SOLUTION INJECTABLE,40MG,ANTI-PALUDIQUE,1,AMPOULE,GENERIQUE,BOITE,530,530,80,REMBOURSABLE
0003256,ARTEMETHER UBI SOL INJ 40MG,ARTEMETHER,SOLUTION INJECTABLE,40MG,ANTI-PALUDIQUE,1,AMPOULE,GENERIQUE,BOITE,690,583,80,REMBOURSABLE
0003306,ARTESIANE SOL INJ 40MG,ARTEMETHER,SOLUTION INJECTABLE,40MG,ANTI-PALUDIQUE,1,AMPOULE,GENERIQUE,BOITE,625,583,80,REMBOURSABLE
0003833,LARITHER SOL INJ 40MG,ARTEMETHER,SOLUTION INJECTABLE,40MG,ANTI-PALUDIQUE,1,AMPOULE,GENERIQUE,BOITE,535,535,80,REMBOURSABLE
0004518,NOVAMETHER SOL INJ 40MG,ARTEMETHER,SOLUTION INJECTABLE,40MG,ANTI-PALUDIQUE,1,AMPOULE,GENERIQUE,BOITE,345,345,80,REMBOURSABLE
0005077,ARMETHAR SOL INJ 80MG,ARTEMETHER,SOLUTION INJECTABLE,80MG,ANTI-PALUDIQUE,1,AMPOULE,GENERIQUE,BOITE,290,290,80,REMBOURSABLE
0002499,ARTEM SOL INJ 80MG,ARTEMETHER,SOLUTION INJECTABLE,80MG,ANTI-PALUDIQUE,1,AMPOULE,GENERIQUE,BOITE,820,693,80,REMBOURSABLE
0003305,ARTEMETHER TM SOL INJ 80MG,ARTEMETHER,SOLUTION INJECTABLE,80MG,ANTI-PALUDIQUE,1,AMPOULE,GENERIQUE,BOITE,590,590,80,REMBOURSABLE
0002509,ARTEMETHER UBI SOL INJ 80MG,ARTEMETHER,SOLUTION INJECTABLE,80MG,ANTI-PALUDIQUE,1,AMPOULE,GENERIQUE,BOITE,830,693,80,REMBOURSABLE
0002497,ARTESIANE SOL INJ 80MG,ARTEMETHER,SOLUTION INJECTABLE,80MG,ANTI-PALUDIQUE,1,AMPOULE,GENERIQUE,BOITE,690,690,80,REMBOURSABLE
0005095,ARTEVINCC SOL INJ 80MG,ARTEMETHER,SOLUTION INJECTABLE,80MG,ANTI-PALUDIQUE,1,AMPOULE,GENERIQUE,BOITE,550,550,80,REMBOURSABLE
0003724,ARTHEPA SOL INJ 80MG,ARTEMETHER,SOLUTION INJECTABLE,80MG,ANTI-PALUDIQUE,1,AMPOULE,GENERIQUE,BOITE,415,415,80,REMBOURSABLE
0002501,ETHAMER SOL INJ 80MG,ARTEMETHER,SOLUTION INJECTABLE,80MG,ANTI-PALUDIQUE,1,AMPOULE,GENERIQUE,BOITE,490,490,80,REMBOURSABLE
0003834,LARITHER SOL INJ 80MG,ARTEMETHER,SOLUTION INJECTABLE,80MG,ANTI-PALUDIQUE,1,AMPOULE,GENERIQUE,BOITE,765,693,80,REMBOURSABLE
0004519,NOVAMETHER SOL INJ 80MG,ARTEMETHER,SOLUTION INJECTABLE,80MG,ANTI-PALUDIQUE,1,AMPOULE,GENERIQUE,BOITE,510,510,80,REMBOURSABLE
0003895,R-LUME SOL INJ 80MG,ARTEMETHER,SOLUTION INJECTABLE,80MG,ANTI-PALUDIQUE,1,AMPOULE,GENERIQUE,BOITE,415,415,80,REMBOURSABLE
0004053,TONTHER SOL INJ 80MG,ARTEMETHER,SOLUTION INJECTABLE,80MG,ANTI-PALUDIQUE,1,AMPOULE,GENERIQUE,BOITE,445,445,80,REMBOURSABLE
0002515,ARTEFAN COMP 20MG/120MG B/24,ARTEMETHER+LUMEFANTRINE,COMPRIME,20MG/120MG,ANTI-PALUDIQUE,24,COMPRIMES,GENERIQUE,BOITE,2375,1901,80,REMBOURSABLE
0002514,ARTEMETHER+LUMEFANTRINE TM COMP 20MG/120MG B/24,ARTEMETHER+LUMEFANTRINE,COMPRIME,20MG/120MG,ANTI-PALUDIQUE,24,COMPRIMES,GENERIQUE,BOITE,2205,1901,80,REMBOURSABLE
0004056,CACHART COMP 20MG/120MG B/24,ARTEMETHER+LUMEFANTRINE,COMPRIME,20MG/120MG,ANTI-PALUDIQUE,24,COMPRIMES,GENERIQUE,BOITE,3675,1901,80,REMBOURSABLE
0003631,CHINTER COMP 20MG/120MG B/24,ARTEMETHER+LUMEFANTRINE,COMPRIME,20MG/120MG,ANTI-PALUDIQUE,24,COMPRIMES,GENERIQUE,BOITE,2340,1901,80,REMBOURSABLE
0002525,COFANTRINE COMP 20MG/120MG B/24,ARTEMETHER+LUMEFANTRINE,COMPRIME,20MG/120MG,ANTI-PALUDIQUE,24,COMPRIMES,GENERIQUE,BOITE,1490,1490,80,REMBOURSABLE
0003813,COMBIART COMP 20MG/120MG B/24,ARTEMETHER+LUMEFANTRINE,COMPRIME,20MG/120MG,ANTI-PALUDIQUE,24,COMPRIMES,GENERIQUE,BOITE,2240,1901,80,REMBOURSABLE
0004059,DANMETHER COMP 20MG/120MG B/24,ARTEMETHER+LUMEFANTRINE,COMPRIME,20MG/120MG,ANTI-PALUDIQUE,24,COMPRIMES,GENERIQUE,BOITE,3180,1901,80,REMBOURSABLE
0002534,LUMARTEM COMP 20MG/120MG B/24,ARTEMETHER+LUMEFANTRINE,COMPRIME,20MG/120MG,ANTI-PALUDIQUE,24,COMPRIMES,GENERIQUE,BOITE,1720,1720,80,REMBOURSABLE
0000008,LUMITER COMP 20MG/120MG,ARTEMETHER+LUMEFANTRINE,COMPRIME,20MG/120MG,ANTI-PALUDIQUE,24,COMPRIMES,GENERIQUE,BOITE,2900,1901,80,REMBOURSABLE
0000025,POMEX COMP 20MG/120MG B/24,ARTEMETHER+LUMEFANTRINE,COMPRIME,20MG/120MG,ANTI-PALUDIQUE,24,COMPRIMES,GENERIQUE,BOITE,1950,1901,80,REMBOURSABLE
0003388,TONLUM COMP 20MG/120MG B/24,ARTEMETHER+LUMEFANTRINE,COMPRIME,20MG/120MG,ANTI-PALUDIQUE,24,COMPRIMES,GENERIQUE,BOITE,1790,1790,80,REMBOURSABLE
0000028,ARTEFAN COMP 40MG/240MG,ARTEMETHER+LUMEFANTRINE,COMPRIME,40MG/240MG,ANTI-PALUDIQUE,12,COMPRIMES,GENERIQUE,BOITE,2640,1901,80,REMBOURSABLE
0003492,ARTIZ FORTE COMP 40MG/240MG,ARTEMETHER+LUMEFANTRINE,COMPRIME,40MG/240MG,ANTI-PALUDIQUE,12,COMPRIMES,GENERIQUE,BOITE,2870,1901,80,REMBOURSABLE
0000039,ARTRIM-GH COMP 40MG/240MG B/12,ARTEMETHER+LUMEFANTRINE,COMPRIME,40MG/240MG,ANTI-PALUDIQUE,12,COMPRIMES,GENERIQUE,BOITE,2470,1901,80,REMBOURSABLE
0003644,CHINTER COMP 40MG/240MG,ARTEMETHER+LUMEFANTRINE,COMPRIME,40MG/240MG,ANTI-PALUDIQUE,12,COMPRIMES,GENERIQUE,BOITE,2410,1901,80,REMBOURSABLE
0000036,LUFANTER COMP 40MG/240MG,ARTEMETHER+LUMEFANTRINE,COMPRIME,40MG/240MG,ANTI-PALUDIQUE,12,COMPRIMES,GENERIQUE,BOITE,2240,1901,80,REMBOURSABLE
0000041,LUMATE FORTE COMP 40MG/240MG,ARTEMETHER+LUMEFANTRINE,COMPRIME,40MG/240MG,ANTI-PALUDIQUE,12,COMPRIMES,GENERIQUE,BOITE,2295,1901,80,REMBOURSABLE
0003855,POMEX COMP 40MG/240MG,ARTEMETHER+LUMEFANTRINE,COMPRIME,40MG/240MG,ANTI-PALUDIQUE,12,COMPRIMES,GENERIQUE,BOITE,1690,1690,80,REMBOURSABLE
0004951,ACURE COMP 80MG/480MG,ARTEMETHER+LUMEFANTRINE,COMPRIME,80MG/480MG,ANTI-PALUDIQUE,6,COMPRIMES,GENERIQUE,BOITE,2010,1902,80,REMBOURSABLE
0005139,AMETRINE COMP 80MG/480MG,ARTEMETHER+LUMEFANTRINE,COMPRIME,80MG/480MG,ANTI-PALUDIQUE,6,COMPRIMES,GENERIQUE,BOITE,1510,1510,80,REMBOURSABLE
0001004,ARTEFAN COMP 80MG/480MG,ARTEMETHER+LUMEFANTRINE,COMPRIME,80MG/480MG,ANTI-PALUDIQUE,6,COMPRIMES,GENERIQUE,BOITE,2180,1901,80,REMBOURSABLE
0005143,ARTRIM-GH COMP 80MG/480MG,ARTEMETHER+LUMEFANTRINE,COMPRIME,80MG/480MG,ANTI-PALUDIQUE,6,COMPRIMES,GENERIQUE,BOITE,1435,1435,80,REMBOURSABLE
0000045,BIMALARIL COMP 80MG/480MG,ARTEMETHER+LUMEFANTRINE,COMPRIME,80MG/480MG,ANTI-PALUDIQUE,6,COMPRIMES,GENERIQUE,BOITE,1920,1901,80,REMBOURSABLE
0005061,BIMALARIL PLUS CAPS 80MG/480MG,ARTEMETHER+LUMEFANTRINE,COMPRIME,80MG/480MG,ANTI-PALUDIQUE,6,COMPRIMES,GENERIQUE,BOITE,2985,1901,80,REMBOURSABLE
0003399,CACHART COMP 80MG/480MG,ARTEMETHER+LUMEFANTRINE,COMPRIME,80MG/480MG,ANTI-PALUDIQUE,6,COMPRIMES,GENERIQUE,BOITE,2010,1901,80,REMBOURSABLE
0004057,CHINTER COMP 80MG/480MG,ARTEMETHER+LUMEFANTRINE,COMPRIME,80MG/480MG,ANTI-PALUDIQUE,6,COMPRIMES,GENERIQUE,BOITE,2410,1901,80,REMBOURSABLE
0004448,COARTEM COMP 80MG/480MG,ARTEMETHER+LUMEFANTRINE,COMPRIME,80MG/480MG,ANTI-PALUDIQUE,6,COMPRIMES,SPECIALITE,BOITE,2180,1901,80,REMBOURSABLE
0000046,COFANTRINE OMP 80MG/480MG,ARTEMETHER+LUMEFANTRINE,COMPRIME,80MG/480MG,ANTI-PALUDIQUE,6,COMPRIMES,GENERIQUE,BOITE,2240,1901,80,REMBOURSABLE
0004058,COMBIART COMP 80MG/480MG,ARTEMETHER+LUMEFANTRINE,COMPRIME,80MG/480MG,ANTI-PALUDIQUE,6,COMPRIMES,GENERIQUE,BOITE,2295,1901,80,REMBOURSABLE
0003385,FALCIART COMP 80MG/480MG,ARTEMETHER+LUMEFANTRINE,COMPRIME,80MG/480MG,ANTI-PALUDIQUE,6,COMPRIMES,GENERIQUE,BOITE,2525,1901,80,REMBOURSABLE
0005144,GEN-M COMP 80MG/480MG,ARTEMETHER+LUMEFANTRINE,COMPRIME,80MG/480MG,ANTI-PALUDIQUE,6,COMPRIMES,GENERIQUE,BOITE,1550,1550,80,REMBOURSABLE
0003832,LARITEM COMP 80MG/480MG,ARTEMETHER+LUMEFANTRINE,COMPRIME,80MG/480MG,ANTI-PALUDIQUE,6,COMPRIMES,GENERIQUE,BOITE,2195,1901,80,REMBOURSABLE
0004501,LUFENART FORTE COMP 80MG/480MG,ARTEMETHER+LUMEFANTRINE,COMPRIME,80MG/480MG,ANTI-PALUDIQUE,6,COMPRIMES,GENERIQUE,BOITE,2010,1901,80,REMBOURSABLE
0004749,PLASMOLYZ COMP 80MG/480MG BLISTER/6,ARTEMETHER+LUMEFANTRINE,COMPRIME,80MG/480MG,ANTI-PALUDIQUE,6,COMPRIMES,GENERIQUE,BLISTER,1495,1495,80,REMBOURSABLE
0004541,POMEX COMP 80MG/480MG,ARTEMETHER+LUMEFANTRINE,COMPRIME,80MG/480MG,ANTI-PALUDIQUE,6,COMPRIMES,GENERIQUE,BOITE,2045,1901,80,REMBOURSABLE
0003464,R-LUME COMP 80MG/480MG,ARTEMETHER+LUMEFANTRINE,COMPRIME,80MG/480MG,ANTI-PALUDIQUE,6,COMPRIMES,GENERIQUE,BOITE,2065,1901,80,REMBOURSABLE
0003518,TONLUM COMP 80MG/480MG,ARTEMETHER+LUMEFANTRINE,COMPRIME,80MG/480MG,ANTI-PALUDIQUE,6,COMPRIMES,GENERIQUE,BOITE,1790,1790,80,REMBOURSABLE
0004948,ACURE COMP DISP 20MG/120MG,ARTEMETHER+LUMEFANTRINE,COMPRIME DISPERSIBLE,20MG/120MG,ANTI-PALUDIQUE,6,COMPRIMES,GENERIQUE,BOITE,1380,476,80,REMBOURSABLE
0002520,ARTEFAN COMP DISP 20MG/120MG B/6,ARTEMETHER+LUMEFANTRINE,COMPRIME DISPERSIBLE,20MG/120MG,ANTI-PALUDIQUE,6,COMPRIMES,GENERIQUE,BOITE,805,476,80,REMBOURSABLE
0005141,ARTRIM-GH COMP DISP 20MG/120MG,ARTEMETHER+LUMEFANTRINE,COMPRIME DISPERSIBLE,20MG/120MG,ANTI-PALUDIQUE,6,COMPRIMES,GENERIQUE,BOITE,575,474,80,REMBOURSABLE
0002516,COARTEM COMP DISP 20MG/120MG B/6,ARTEMETHER+LUMEFANTRINE,COMPRIME DISPERSIBLE,20MG/120MG,ANTI-PALUDIQUE,6,COMPRIMES,SPECIALITE,BOITE,990,476,80,REMBOURSABLE
0003319,COFANTRINE COMP DISP 20MG/120MG B/6,ARTEMETHER+LUMEFANTRINE,COMPRIME DISPERSIBLE,20MG/120MG,ANTI-PALUDIQUE,6,COMPRIMES,GENERIQUE,BOITE,780,476,80,REMBOURSABLE
0003672,FALCIART DT COMP DISP 20MG/120MG B/6,ARTEMETHER+LUMEFANTRINE,COMPRIME DISPERSIBLE,20MG/120MG,ANTI-PALUDIQUE,6,COMPRIMES,GENERIQUE,BOITE,575,476,80,REMBOURSABLE
0003831,LARITEM COMP DISP 20MG/120MG B/6,ARTEMETHER+LUMEFANTRINE,COMPRIME DISPERSIBLE,20MG/120MG,ANTI-PALUDIQUE,6,COMPRIMES,GENERIQUE,BOITE,585,476,80,REMBOURSABLE
0002518,LUFANTER COMP DISP 20MG/120MG B/6,ARTEMETHER+LUMEFANTRINE,COMPRIME DISPERSIBLE,20MG/120MG,ANTI-PALUDIQUE,6,COMPRIMES,GENERIQUE,BOITE,905,476,80,REMBOURSABLE
0004748,PLASMOLYZ COMP DISP 20MG/120MG BLISTER/6,ARTEMETHER+LUMEFANTRINE,COMPRIME DISPERSIBLE,20MG/120MG,ANTI-PALUDIQUE,6,COMPRIMES,GENERIQUE,BLISTER,505,476,80,REMBOURSABLE
0003313,R-LUME COMP DISP 20MG/120MG,ARTEMETHER+LUMEFANTRINE,COMPRIME DISPERSIBLE,20MG/120MG,ANTI-PALUDIQUE,6,COMPRIMES,GENERIQUE,BOITE,690,476,80,REMBOURSABLE
0004063,TONLUM COMP DISP 20MG/120MG B/6,ARTEMETHER+LUMEFANTRINE,COMPRIME DISPERSIBLE,20MG/120MG,ANTI-PALUDIQUE,6,COMPRIMES,GENERIQUE,BOITE,815,476,80,REMBOURSABLE
0004949,ACURE COMP DISP 40MG/240MG,ARTEMETHER+LUMEFANTRINE,COMPRIME DISPERSIBLE,40MG/240MG,ANTI-PALUDIQUE,6,COMPRIMES,GENERIQUE,BOITE,1605,750,80,REMBOURSABLE
0004055,ARTEFAN COMP DISP 40MG/240MG,ARTEMETHER+LUMEFANTRINE,COMPRIME DISPERSIBLE,40MG/240MG,ANTI-PALUDIQUE,6,COMPRIMES,GENERIQUE,BOITE,1435,951,80,REMBOURSABLE
0005142,ARTRIM-GH COMP DISP 40MG/240MG B/6,ARTEMETHER+LUMEFANTRINE,COMPRIME DISPERSIBLE,40MG/240MG,ANTI-PALUDIQUE,6,COMPRIMES,GENERIQUE,BOITE,1035,750,80,REMBOURSABLE
0004062,LARITEM COMP DISP 40MG/240MG,ARTEMETHER+LUMEFANTRINE,COMPRIME DISPERSIBLE,40MG/240MG,ANTI-PALUDIQUE,6,COMPRIMES,GENERIQUE,BOITE,1460,951,80,REMBOURSABLE
0003337,R-LUME COMP 40MG/240MG,ARTEMETHER+LUMEFANTRINE,COMPRIME DISPERSIBLE,40MG/240MG,ANTI-PALUDIQUE,6,COMPRIMES,GENERIQUE,BOITE,1090,951,80,REMBOURSABLE
0004950,ACURE COMP DISP 60MG/360MG,ARTEMETHER+LUMEFANTRINE,COMPRIME DISPERSIBLE,60MG/360MG,ANTI-PALUDIQUE,6,COMPRIMES,GENERIQUE,BOITE,1950,1428,80,REMBOURSABLE
0004054,ARTEFAN COMP DISP 60MG/360MG,ARTEMETHER+LUMEFANTRINE,COMPRIME DISPERSIBLE,60MG/360MG,ANTI-PALUDIQUE,6,COMPRIMES,GENERIQUE,BOITE,2125,1426,80,REMBOURSABLE
0004061,DANMETHER SACHET 20MG/120MG B/12,ARTEMETHER+LUMEFANTRINE,POUDRE EN SACHET,20MG/120MG,ANTI-PALUDIQUE,12,SACHETS,GENERIQUE,BOITE,2835,951,80,REMBOURSABLE
0004060,DANMETHER SACHET 20MG/120MG B/6,ARTEMETHER+LUMEFANTRINE,POUDRE EN SACHET,20MG/120MG,ANTI-PALUDIQUE,6,SACHETS,GENERIQUE,BOITE,1055,476,80,REMBOURSABLE
0004708,ARTEFAN PDRE SUSP BUV 20MG/120MG,ARTEMETHER+LUMEFANTRINE,POUDRE POUR SUSPENSION BUVABLE,20MG/120MG,ANTI-PALUDIQUE,30,MILLILITRES,GENERIQUE,BOITE,1150,1150,80,REMBOURSABLE
0000124,ARTOME PDRE SUSP BUV 20MG/120MG,ARTEMETHER+LUMEFANTRINE,POUDRE POUR SUSPENSION BUVABLE,20MG/120MG,ANTI-PALUDIQUE,60,MILLILITRES,GENERIQUE,FLACON,2205,2205,80,REMBOURSABLE
0001030,BIMALARIL NRS PDRE SUSP BUV 20MG/120MG,ARTEMETHER+LUMEFANTRINE,POUDRE POUR SUSPENSION BUVABLE,20MG/120MG,ANTI-PALUDIQUE,30,MILLILITRES,GENERIQUE,FLACON,1310,1310,80,REMBOURSABLE
0005040,ARTEFAN PDRE SUSP BUV 40MG/240MG,ARTEMETHER+LUMEFANTRINE,POUDRE POUR SUSPENSION BUVABLE,40MG/240MG,ANTI-PALUDIQUE,30,MILLILITRES,GENERIQUE,FLACON,1720,1720,80,REMBOURSABLE
0004762,BIMALARIL ENFANT PDRE SUSP BUV 40MG/240MG,ARTEMETHER+LUMEFANTRINE,POUDRE POUR SUSPENSION BUVABLE,40MG/240MG,ANTI-PALUDIQUE,30,MILLILITRES,GENERIQUE,FLACON,2195,2195,80,REMBOURSABLE
0005041,ARTEFAN PDRE SUSP BUV 60MG/360MG,ARTEMETHER+LUMEFANTRINE,POUDRE POUR SUSPENSION BUVABLE,60MG/360MG,ANTI-PALUDIQUE,30,MILLILITRES,GENERIQUE,FLACON,2525,2525,80,REMBOURSABLE
0004761,BIMALARIL ADO PDRE SUSP BUV 60MG/360MG,ARTEMETHER+LUMEFANTRINE,POUDRE POUR SUSPENSION BUVABLE,60MG/360MG,ANTI-PALUDIQUE,30,MILLILITRES,GENERIQUE,FLACON,2525,2525,80,REMBOURSABLE
0005057,ARGESUN PDRE SOL INJ 120MG,ARTESUNATE,POUDRE POUR SOLUTION INJECTABLE,120MG,ANTI-PALUDIQUE,1,FLACON,GENERIQUE,BOITE,2550,2550,80,REMBOURSABLE
0005043,ARINATE PDRE SOL INJ 120MG,ARTESUNATE,POUDRE POUR SOLUTION INJECTABLE,120MG,ANTI-PALUDIQUE,1,FLACON,GENERIQUE,BOITE,2675,2675,80,REMBOURSABLE
0005140,ARTEGEN PDRE SOL INJ 120MG,ARTESUNATE,POUDRE POUR SOLUTION INJECTABLE,120MG,ANTI-PALUDIQUE,1,FLACON,GENERIQUE,BOITE,2295,2295,80,REMBOURSABLE
0004587,ARTESUN PDRE SOL INJ 120MG,ARTESUNATE,POUDRE POUR SOLUTION INJECTABLE,120MG,ANTI-PALUDIQUE,1,FLACON,GENERIQUE,BOITE,2550,2550,80,REMBOURSABLE
0004954,MALAVAN PDRE SOL INJ 120MG,ARTESUNATE,POUDRE POUR SOLUTION INJECTABLE,120MG,ANTI-PALUDIQUE,1,FLACON,GENERIQUE,BOITE,2240,2240,80,REMBOURSABLE
0005089,START PDRE SOL INJ 120MG,ARTESUNATE,POUDRE POUR SOLUTION INJECTABLE,120MG,ANTI-PALUDIQUE,1,FLACON,GENERIQUE,BOITE,2525,2525,80,REMBOURSABLE
0005053,VINCCATE PDRE SOL INJ 120MG,ARTESUNATE,POUDRE POUR SOLUTION INJECTABLE,120MG,ANTI-PALUDIQUE,1,FLACON,GENERIQUE,BOITE,2480,2480,80,REMBOURSABLE
0005058,ARGESUN PDRE SOL INJ 30MG,ARTESUNATE,POUDRE POUR SOLUTION INJECTABLE,30MG,ANTI-PALUDIQUE,1,FLACON,GENERIQUE,BOITE,805,805,80,REMBOURSABLE
0004590,ARTESUN PDRE SOL INJ 30MG,ARTESUNATE,POUDRE POUR SOLUTION INJECTABLE,30MG,ANTI-PALUDIQUE,1,FLACON,SPECIALITE,BOITE,805,805,80,REMBOURSABLE
0004952,MALAVAN PDRE SOL INJ 30MG,ARTESUNATE,POUDRE POUR SOLUTION INJECTABLE,30MG,ANTI-PALUDIQUE,1,FLACON,GENERIQUE,BOITE,745,745,80,REMBOURSABLE
0005059,ARGESUN PDRE SOL INJ 60MG,ARTESUNATE,POUDRE POUR SOLUTION INJECTABLE,60MG,ANTI-PALUDIQUE,1,FLACON,GENERIQUE,BOITE,1435,1435,80,REMBOURSABLE
0005042,ARINATE PDRE SOL INJ 60MG,ARTESUNATE,POUDRE POUR SOLUTION INJECTABLE,60MG,ANTI-PALUDIQUE,1,FLACON,GENERIQUE,BOITE,1530,1530,80,REMBOURSABLE
0005036,ARTEGEN PDRE SOL INJ 60MG,ARTESUNATE,POUDRE POUR SOLUTION INJECTABLE,60MG,ANTI-PALUDIQUE,1,FLACON,GENERIQUE,BOITE,1150,1150,80,REMBOURSABLE
0003774,ARTESUN PDRE SOL INJ 60MG,ARTESUNATE,POUDRE POUR SOLUTION INJECTABLE,60MG,ANTI-PALUDIQUE,1,FLACON,GENERIQUE,BOITE,1435,1435,80,REMBOURSABLE
0004498,LARINATE PDRE SOL INJ 60MG,ARTESUNATE,POUDRE POUR SOLUTION INJECTABLE,60MG,ANTI-PALUDIQUE,1,FLACON,GENERIQUE,BOITE,1460,1460,80,REMBOURSABLE
0004953,MALAVAN PDRE SOL INJ 60MG,ARTESUNATE,POUDRE POUR SOLUTION INJECTABLE,60MG,ANTI-PALUDIQUE,1,FLACON,GENERIQUE,BOITE,1380,1380,80,REMBOURSABLE
0005088,START PDRE SOL INJ 60MG,ARTESUNATE,POUDRE POUR SOLUTION INJECTABLE,60MG,ANTI-PALUDIQUE,1,FLACON,GENERIQUE,BOITE,1380,1380,80,REMBOURSABLE
0005052,VINCCATE PDRE SOL INJ 60MG,ARTESUNATE,POUDRE POUR SOLUTION INJECTABLE,60MG,ANTI-PALUDIQUE,1,FLACON,GENERIQUE,BOITE,1220,1220,80,REMBOURSABLE
0004944,D-ARTEPP COMP 30MG/240MG,DIHYDROARTEMISININE+PIPERAQUINE,COMPRIME,30MG/240MG,ANTI-PALUDIQUE,6,COMPRIMES,GENERIQUE,BOITE,1720,1720,80,REMBOURSABLE
0003775,D-ARTEPP COMP 40MG/320MG,DIHYDROARTEMISININE+PIPERAQUINE,COMPRIME,40MG/320MG,ANTI-PALUDIQUE,9,COMPRIMES,GENERIQUE,BOITE,2755,2755,80,REMBOURSABLE
0000270,DUO-COTECXIN COMP 40MG/320MG,DIHYDROARTEMISININE+PIPERAQUINE,COMPRIME,40MG/320MG,ANTI-PALUDIQUE,9,COMPRIMES,GENERIQUE,BOITE,3215,3031,80,REMBOURSABLE
0004754,EURARTESIM COMP 40MG/320MG B/12,DIHYDROARTEMISININE+PIPERAQUINE,COMPRIME,40MG/320MG,ANTI-PALUDIQUE,12,COMPRIMES,GENERIQUE,BOITE,3330,3330,80,REMBOURSABLE
0004756,EURARTESIM COMP 40MG/320MG B/9,DIHYDROARTEMISININE+PIPERAQUINE,COMPRIME,40MG/320MG,ANTI-PALUDIQUE,9,COMPRIMES,SPECIALITE,BOITE,2985,2985,80,REMBOURSABLE
0000962,MALACUR COMP 40MG/320MG,DIHYDROARTEMISININE+PIPERAQUINE,COMPRIME,40MG/320MG,ANTI-PALUDIQUE,9,COMPRIMES,GENERIQUE,BOITE,2985,2985,80,REMBOURSABLE
0004775,PIDEX COMP 40MG/320MG,DIHYDROARTEMISININE+PIPERAQUINE,COMPRIME,40MG/320MG,ANTI-PALUDIQUE,9,COMPRIMES,GENERIQUE,BOITE,2640,2640,80,REMBOURSABLE
0004740,PLASMOCUR COMP 40MG/320MG,DIHYDROARTEMISININE+PIPERAQUINE,COMPRIME,40MG/320MG,ANTI-PALUDIQUE,6,COMPRIMES,GENERIQUE,BOITE,2065,2021,80,REMBOURSABLE
0004947,RIDMAL COMP 40MG/320MG,DIHYDROARTEMISININE+PIPERAQUINE,COMPRIME,40MG/320MG,ANTI-PALUDIQUE,9,COMPRIMES,GENERIQUE,BOITE,3330,3033,80,REMBOURSABLE
0004945,D-ARTEPP COMP 60MG/480MG,DIHYDROARTEMISININE+PIPERAQUINE,COMPRIME,60MG/480MG,ANTI-PALUDIQUE,6,COMPRIMES,GENERIQUE,BOITE,2755,2755,80,REMBOURSABLE
0004946,PLASMOCUR COMP 80MG/640MG,DIHYDROARTEMISININE+PIPERAQUINE,COMPRIME,80MG/640MG,ANTI-PALUDIQUE,6,COMPRIMES,GENERIQUE,BOITE,3215,3215,80,REMBOURSABLE
0004774,PIDEX COMP DISP 20MG/160MG,DIHYDROARTEMISININE+PIPERAQUINE,COMPRIME DISPERSIBLE,20MG/160MG,ANTI-PALUDIQUE,6,COMPRIMES,GENERIQUE,BOITE,1325,1325,80,REMBOURSABLE
0004739,PLASMOCUR COMP DISP 20MG/160MG,DIHYDROARTEMISININE+PIPERAQUINE,COMPRIME DISPERSIBLE,20MG/160MG,ANTI-PALUDIQUE,6,COMPRIMES,GENERIQUE,BOITE,1380,1380,80,REMBOURSABLE
0000161,ARSIQUINOFORME COMP 250MG,QUININE,COMPRIME,250MG,ANTI-PALUDIQUE,15,COMPRIMES,SPECIALITE,BOITE,2480,2127,80,REMBOURSABLE
0000166,SURQUINA COMP 250MG,QUININE,COMPRIME,250MG,ANTI-PALUDIQUE,18,COMPRIMES,GENERIQUE,BOITE,2320,2320,80,REMBOURSABLE
0000956,PHILCO QUININE COMP 300MG BLISTER/10,QUININE,COMPRIME,300MG,ANTI-PALUDIQUE,10,COMPRIMES,GENERIQUE,BLISTER,550,550,80,REMBOURSABLE
C000206,QUININE COMP 300MG BLISTER/10,QUININE,COMPRIME,300MG,ANTI-PALUDIQUE,10,COMPRIMES,CAMEG,BLISTER,500,500,80,REMBOURSABLE
0000185,QUININE CREAT COMP 300MG BLISTER/10,QUININE,COMPRIME,300MG,ANTI-PALUDIQUE,10,COMPRIMES,GENERIQUE,BLISTER,805,550,80,REMBOURSABLE
0000202,PHILCO-QUININE SOL INJ 600/2ML,QUININE,SOLUTION INJECTABLE,600MG/2ML,ANTI-PALUDIQUE,1,AMPOULE,GENERIQUE,BOITE,175,175,80,REMBOURSABLE
C000192,QUININE SOL INJ 600MG/2ML,QUININE,SOLUTION INJECTABLE,600MG/2ML,ANTI-PALUDIQUE,1,AMPOULE,CAMEG,BOITE,300,300,80,REMBOURSABLE
0003281,QUININE TM SOL INJ 600MG/2ML,QUININE,SOLUTION INJECTABLE,600MG/2ML,ANTI-PALUDIQUE,1,AMPOULE,GENERIQUE,BOITE,200,200,80,REMBOURSABLE
0000212,VINIMAX SOL INJ 600MG/2ML,QUININE,SOLUTION INJECTABLE,600MG/2ML,ANTI-PALUDIQUE,1,AMPOULE,GENERIQUE,BOITE,150,150,80,REMBOURSABLE
0000155,QUINIMAX COMP 125MG,QUININE+QUINIDINE+CINCHONINE+CINCHONIDINE,COMPRIME,125MG,ANTI-PALUDIQUE,18,COMPRIMES,SPECIALITE,BOITE,3225,3225,80,REMBOURSABLE
0001185,COMBIMAL COMP 500MG/25MG,SULFADOXINE+PYRIMETHAMINE,COMPRIME,500MG/25MG,ANTI-PALUDIQUE,3,COMPRIMES,GENERIQUE,BOITE,470,470,80,REMBOURSABLE
0001209,FANSIDAR COMP 500MG/25MG,SULFADOXINE+PYRIMETHAMINE,COMPRIME,500MG/25MG,ANTI-PALUDIQUE,3,COMPRIMES,SPECIALITE,BOITE,1010,517,80,REMBOURSABLE
0003830,LARIDOX COMP 500MG/25MG,SULFADOXINE+PYRIMETHAMINE,COMPRIME,500MG/25MG,ANTI-PALUDIQUE,3,COMPRIMES,GENERIQUE,BOITE,285,285,80,REMBOURSABLE
0001200,MADAR COMP 500MG/25MG,SULFADOXINE+PYRIMETHAMINE,COMPRIME,500MG/25MG,ANTI-PALUDIQUE,3,COMPRIMES,GENERIQUE,BOITE,375,375,80,REMBOURSABLE
0001206,MALOXINE COMP 500MG/25MG,SULFADOXINE+PYRIMETHAMINE,COMPRIME,500MG/25MG,ANTI-PALUDIQUE,3,COMPRIMES,GENERIQUE,BOITE,540,517,80,REMBOURSABLE
0001194,PHILCO-MAX COMP 500MG/25MG,SULFADOXINE+PYRIMETHAMINE,COMPRIME,500MG/25MG,ANTI-PALUDIQUE,3,COMPRIMES,GENERIQUE,BOITE,170,170,80,REMBOURSABLE
0000331,ENTAMIZOLE COMP 250MG/200MG,DILOXANIDE+METRONIDAZOLE,COMPRIME,250MG/200MG,ANTI-PARASITAIRE ANTI-AMIBIEN,30,COMPRIMES,GENERIQUE,BOITE,2710,2710,80,REMBOURSABLE
0000334,ENTAMIZOLE DS COMP 500MG/400MG,DILOXANIDE+METRONIDAZOLE,COMPRIME,500MG/400MG,ANTI-PARASITAIRE ANTI-AMIBIEN,15,COMPRIMES,GENERIQUE,BOITE,2710,2710,80,REMBOURSABLE
0001085,ENTAMIZOLE SUSP BUV 250MG/200MG,DILOXANIDE+METRONIDAZOLE,SUSPENSION BUVABLE,250MG/200MG,ANTI-PARASITAIRE ANTI-AMIBIEN,100,MILLILITRES,GENERIQUE,FLACON,2435,2435,80,REMBOURSABLE
0000771,FLAGYL COMP 250MG,METRONIDAZOLE,COMPRIME,250MG,ANTI-PARASITAIRE ANTI-AMIBIEN,20,COMPRIMES,SPECIALITE,BOITE,2225,319,80,REMBOURSABLE
C000424,METRONIDAZOLE COMP 250MG BLISTER/10,METRONIDAZOLE,COMPRIME,250MG,ANTI-PARASITAIRE ANTI-AMIBIEN,10,COMPRIMES,CAMEG,BOITE,160,160,80,REMBOURSABLE
0004955,METRONIDAZOLE CREAT COMP 500MG BLISTER/10,METRONIDAZOLE,COMPRIME,250MG,ANTI-PARASITAIRE ANTI-AMIBIEN,10,COMPRIMES,GENERIQUE,BLISTER,370,170,80,REMBOURSABLE
0003271,METRONIDAZOLE TM COMP 250MG,METRONIDAZOLE,COMPRIME,250MG,ANTI-PARASITAIRE ANTI-AMIBIEN,10,COMPRIMES,GENERIQUE,BLISTER,125,125,80,REMBOURSABLE
0003279,METRONIDAZOLE UBI COMP 250MG BLISTER/10,METRONIDAZOLE,COMPRIME,250MG,ANTI-PARASITAIRE ANTI-AMIBIEN,10,COMPRIMES,GENERIQUE,BLISTER,140,140,80,REMBOURSABLE
0000857,SUPPLIN COMP 250MG,METRONIDAZOLE,COMPRIME,250MG,ANTI-PARASITAIRE ANTI-AMIBIEN,20,COMPRIMES,GENERIQUE,BOITE,2225,319,80,REMBOURSABLE
0000777,FLAGYL COMP 500MG,METRONIDAZOLE,COMPRIME,500MG,ANTI-PARASITAIRE ANTI-AMIBIEN,14,COMPRIMES,SPECIALITE,BOITE,1930,308,80,REMBOURSABLE
C000285,METRONIDAZOLE COMP 500MG BLISTER/10,METRONIDAZOLE,COMPRIME,500MG,ANTI-PARASITAIRE ANTI-AMIBIEN,10,COMPRIMES,CAMEG,BLISTER,170,170,80,REMBOURSABLE
0004956,METRONIDAZOLE CREAT COMP 500MG BLISTER/10,METRONIDAZOLE,COMPRIME,500MG,ANTI-PARASITAIRE ANTI-AMIBIEN,10,COMPRIMES,GENERIQUE,BLISTER,525,220,80,REMBOURSABLE
0004957,METRONIDAZOLE QT COMP 500MG BLISTER/10,METRONIDAZOLE,COMPRIME,500MG,ANTI-PARASITAIRE ANTI-AMIBIEN,10,COMPRIMES,GENERIQUE,BLISTER,390,220,80,REMBOURSABLE
0000792,METRONIDAZOLE TM COMP 500MG,METRONIDAZOLE,COMPRIME,500MG,ANTI-PARASITAIRE ANTI-AMIBIEN,20,COMPRIMES,GENERIQUE,BOITE,590,440,80,REMBOURSABLE
0004509,METROVEN COMP 500MG BLISTER/10,METRONIDAZOLE,COMPRIME,500MG,ANTI-PARASITAIRE ANTI-AMIBIEN,10,COMPRIMES,GENERIQUE,BLISTER,460,220,80,REMBOURSABLE
0000788,NIDAZOL COMP 500MG,METRONIDAZOLE,COMPRIME,500MG,ANTI-PARASITAIRE ANTI-AMIBIEN,20,COMPRIMES,GENERIQUE,BOITE,2180,440,80,REMBOURSABLE
0000860,SUPPLIN COMP 500MG,METRONIDAZOLE,COMPRIME,500MG,ANTI-PARASITAIRE ANTI-AMIBIEN,20,COMPRIMES,GENERIQUE,BOITE,2500,440,80,REMBOURSABLE
0004764,TAMIZOL COMP 500MG,METRONIDAZOLE,COMPRIME,500MG,ANTI-PARASITAIRE ANTI-AMIBIEN,14,COMPRIMES,GENERIQUE,BOITE,1205,308,80,REMBOURSABLE
0000824,FLAGYL SOL INJ  500MG/ML,METRONIDAZOLE,SOLUTION INJECTABLE,500MG/ML,ANTI-PARASITAIRE ANTI-AMIBIEN,100,MILLILITRES,SPECIALITE,FLACON,2625,880,80,REMBOURSABLE
0000828,FLAZOLE SOL INJ 500MG/ML,METRONIDAZOLE,SOLUTION INJECTABLE,500MG/ML,ANTI-PARASITAIRE ANTI-AMIBIEN,100,MILLILITRES,GENERIQUE,FLACON,805,805,80,REMBOURSABLE
0003301,METRIS SOL INJ 500MG/ML,METRONIDAZOLE,SOLUTION INJECTABLE,500MG/ML,ANTI-PARASITAIRE ANTI-AMIBIEN,100,MILLILITRES,GENERIQUE,FLACON,720,720,80,REMBOURSABLE
0004508,METRONIDAZOLE BIOSEDRA SOL INJ 500MG/ML,METRONIDAZOLE,SOLUTION INJECTABLE,500MG/ML,ANTI-PARASITAIRE ANTI-AMIBIEN,100,MILLILITRES,GENERIQUE,FLACON,715,715,80,REMBOURSABLE
0004625,METRONIDAZOLE DO PHARMA SOL INJ 500MG/ML,METRONIDAZOLE,SOLUTION INJECTABLE,500MG/ML,ANTI-PARASITAIRE ANTI-AMIBIEN,100,MILLILITRES,GENERIQUE,FLACON,590,590,80,REMBOURSABLE
C000283,METRONIDAZOLE SOL INJ 500MG/ML,METRONIDAZOLE,SOLUTION INJECTABLE,500MG/ML,ANTI-PARASITAIRE ANTI-AMIBIEN,100,MILLILITRES,CAMEG,BOITE,520,520,80,REMBOURSABLE
0000813,METRONIDAZOLE TM SOL INJ 500MG/ML,METRONIDAZOLE,SOLUTION INJECTABLE,500MG/ML,ANTI-PARASITAIRE ANTI-AMIBIEN,100,MILLILITRES,GENERIQUE,FLACON,660,660,80,REMBOURSABLE
0000820,METRONIDAZOLE UBI SOL INJ 500MG/ML,METRONIDAZOLE,SOLUTION INJECTABLE,500MG/ML,ANTI-PARASITAIRE ANTI-AMIBIEN,100,MILLILITRES,GENERIQUE,FLACON,920,880,80,REMBOURSABLE
0000870,SUPPLIN SOL INJ 5000MG,METRONIDAZOLE,SOLUTION INJECTABLE,500MG/ML,ANTI-PARASITAIRE ANTI-AMIBIEN,100,MILLILITRES,GENERIQUE,FLACON,2540,880,80,REMBOURSABLE
0000833,AMIBAZOL SUSP BUV 125MG/5ML,METRONIDAZOLE,SUSPENSION BUVABLE,125MG/5ML,ANTI-PARASITAIRE ANTI-AMIBIEN,100,MILLILITRES,GENERIQUE,FLACON,1380,660,80,REMBOURSABLE
0000837,FLAGYL SUSP BUV 125MG/5ML,METRONIDAZOLE,SUSPENSION BUVABLE,125MG/5ML,ANTI-PARASITAIRE ANTI-AMIBIEN,120,MILLILITRES,SPECIALITE,FLACON,2065,792,80,REMBOURSABLE
0000847,METRONIDAZOLE QT SUSP BUV 125MG/5ML,METRONIDAZOLE,SUSPENSION BUVABLE,125MG/5ML,ANTI-PARASITAIRE ANTI-AMIBIEN,100,MILLILITRES,GENERIQUE,FLACON,895,660,80,REMBOURSABLE
C000277,METRONIDAZOLE SUSP BUV 125MG/5ML,METRONIDAZOLE,SUSPENSION BUVABLE,125MG/5ML,ANTI-PARASITAIRE ANTI-AMIBIEN,60,MILLILITRES,CAMEG,BOITE,600,396,80,REMBOURSABLE
0002453,METRONIDAZOLE UBI SUSP BUV 125MG/5ML,METRONIDAZOLE,SUSPENSION BUVABLE,125MG/5ML,ANTI-PARASITAIRE ANTI-AMIBIEN,100,MILLILITRES,GENERIQUE,FLACON,540,540,80,REMBOURSABLE
0004510,METROVEN SUSP BUV 125MG/5ML,METRONIDAZOLE,SUSPENSION BUVABLE,125MG/5ML,ANTI-PARASITAIRE ANTI-AMIBIEN,100,MILLILITRES,GENERIQUE,FLACON,1720,1720,80,REMBOURSABLE
0005069,METRIQUE SUSP BUV 200MG/5ML,METRONIDAZOLE,SUSPENSION BUVABLE,200MG/5ML,ANTI-PARASITAIRE ANTI-AMIBIEN,100,MILLILITRES,GENERIQUE,BOITE,750,750,80,REMBOURSABLE
0002095,TIBERAL COMP 500MG,ORNIDAZOLE,COMPRIME,500MG,ANTI-PARASITAIRE ANTI-AMIBIEN,3,COMPRIMES,SPECIALITE,BOITE,3030,3030,80,REMBOURSABLE
0000889,HELMINTOX COMP 250MG,PYRANTEL,COMPRIME,250MG,ANTI-PARASITAIRE ANTI-AMIBIEN,3,COMPRIMES,GENERIQUE,BOITE,1390,1390,80,REMBOURSABLE
0003536,PROMONGYL COMP 1000MG,SECNIDAZOLE,COMPRIME,1000MG,ANTI-PARASITAIRE ANTI-AMIBIEN,2,COMPRIMES,GENERIQUE,BOITE,1915,1915,80,REMBOURSABLE
0000509,SECAMIB COMP 1000MG,SECNIDAZOLE,COMPRIME,1000MG,ANTI-PARASITAIRE ANTI-AMIBIEN,2,COMPRIMES,GENERIQUE,BOITE,2525,2107,80,REMBOURSABLE
0000515,FLAGENTYL COMP 500MG,SECNIDAZOLE,COMPRIME,500MG,ANTI-PARASITAIRE ANTI-AMIBIEN,4,COMPRIMES,SPECIALITE,BOITE,3650,3650,80,REMBOURSABLE
0000344,AMTIBA COMP 500MG,TINIDAZOLE,COMPRIME,500MG,ANTI-PARASITAIRE ANTI-AMIBIEN,4,COMPRIMES,GENERIQUE,BOITE,805,176,80,REMBOURSABLE
0000335,DATIZOLE COMP 500MG,TINIDAZOLE,COMPRIME,500MG,ANTI-PARASITAIRE ANTI-AMIBIEN,4,COMPRIMES,GENERIQUE,BOITE,1575,176,80,REMBOURSABLE
0002212,FASIGYNE COMP 500MG,TINIDAZOLE,COMPRIME,500MG,ANTI-PARASITAIRE ANTI-AMIBIEN,4,COMPRIMES,SPECIALITE,BOITE,2750,176,80,REMBOURSABLE
0000324,TINAZOL COMP 500MG,TINIDAZOLE,COMPRIME,500MG,ANTI-PARASITAIRE ANTI-AMIBIEN,4,COMPRIMES,GENERIQUE,BOITE,1045,176,80,REMBOURSABLE
C000289,TINIDAZOLE COMP 500MG BLISTER/10,TINIDAZOLE,COMPRIME,500MG,ANTI-PARASITAIRE ANTI-AMIBIEN,10,COMPRIMES,CAMEG,BLISTER,160,160,80,REMBOURSABLE
0000329,TINIDAZOLE TM COMP 500MG,TINIDAZOLE,COMPRIME,500MG,ANTI-PARASITAIRE ANTI-AMIBIEN,12,COMPRIMES,GENERIQUE,BOITE,1800,528,80,REMBOURSABLE
0000341,TINIFIL COMP 500MG,TINIDAZOLE,COMPRIME,500MG,ANTI-PARASITAIRE ANTI-AMIBIEN,4,COMPRIMES,GENERIQUE,BOITE,480,176,80,REMBOURSABLE
0000796,FLAGYL OVULE 500MG,METRONIDAZOLE,OVULE,500MG,ANTI-PARASITAIRE ANTI-AMIBIEN LOCAL,10,OVULES,SPECIALITE,BOITE,2110,605,80,REMBOURSABLE
C000288,METRONIDAZOLE OVULE 500MG BLISTER/10,METRONIDAZOLE,OVULE,500MG,ANTI-PARASITAIRE ANTI-AMIBIEN LOCAL,10,OVULES,CAMEG,BLISTER,550,550,80,REMBOURSABLE
0000801,NIDAZOL OVULE 500MG,METRONIDAZOLE,OVULE,500MG,ANTI-PARASITAIRE ANTI-AMIBIEN LOCAL,10,OVULES,GENERIQUE,BOITE,2180,605,80,REMBOURSABLE
0003846,OVAZOL OVULE 500MG,METRONIDAZOLE,OVULE,500MG,ANTI-PARASITAIRE ANTI-AMIBIEN LOCAL,10,OVULES,GENERIQUE,BOITE,1490,605,80,REMBOURSABLE
0000805,VAGILEN OVULE 500MG,METRONIDAZOLE,OVULE,500MG,ANTI-PARASITAIRE ANTI-AMIBIEN LOCAL,10,OVULES,GENERIQUE,BOITE,2010,605,80,REMBOURSABLE
0004411,AB-ZOLE COMP 400MG BLISTER/1,ALBENDAZOLE,COMPRIME,400MG,ANTI-PARASITAIRE ANTI-HELMINTHIQUE,1,COMPRIME,GENERIQUE,BOITE,110,110,80,REMBOURSABLE
0000627,ALBEN COMP 400MG,ALBENDAZOLE,COMPRIME,400MG,ANTI-PARASITAIRE ANTI-HELMINTHIQUE,1,COMPRIME,GENERIQUE,BOITE,1205,110,80,REMBOURSABLE
C000046,ALBENDAZOLE COMP 400MG,ALBENDAZOLE,COMPRIME,400MG,ANTI-PARASITAIRE ANTI-HELMINTHIQUE,1,COMPRIME,CAMEG,BOITE,100,100,80,REMBOURSABLE
0000631,ALBENDAZOLE TM COMP 400MG,ALBENDAZOLE,COMPRIME,400MG,ANTI-PARASITAIRE ANTI-HELMINTHIQUE,1,COMPRIME,GENERIQUE,BOITE,410,110,80,REMBOURSABLE
0003275,ALBENDAZOLE UBI COMP 400MG BLISTER/1,ALBENDAZOLE,COMPRIME,400MG,ANTI-PARASITAIRE ANTI-HELMINTHIQUE,1,COMPRIME,GENERIQUE,BOITE,100,100,80,REMBOURSABLE
0003280,ALBEX COMP 400MG,ALBENDAZOLE,COMPRIME,400MG,ANTI-PARASITAIRE ANTI-HELMINTHIQUE,1,COMPRIME,GENERIQUE,BOITE,185,110,80,REMBOURSABLE
0005038,ALDEZOLE COMP 400MG,ALBENDAZOLE,COMPRIME,400MG,ANTI-PARASITAIRE ANTI-HELMINTHIQUE,1,COMPRIME,GENERIQUE,BOITE,390,110,80,REMBOURSABLE
0004658,ALSAV COMP 400MG,ALBENDAZOLE,COMPRIME,400MG,ANTI-PARASITAIRE ANTI-HELMINTHIQUE,1,COMPRIME,GENERIQUE,BOITE,495,110,80,REMBOURSABLE
0001235,ALZOL COMP 400MG,ALBENDAZOLE,COMPRIME,400MG,ANTI-PARASITAIRE ANTI-HELMINTHIQUE,1,COMPRIME,GENERIQUE,BOITE,1125,110,80,REMBOURSABLE
0001243,BENDEX COMP 400MG BLISTER/1,ALBENDAZOLE,COMPRIME,400MG,ANTI-PARASITAIRE ANTI-HELMINTHIQUE,1,COMPRIME,GENERIQUE,BOITE,300,110,80,REMBOURSABLE
0004435,CALBEN COMP 400MG,ALBENDAZOLE,COMPRIME,400MG,ANTI-PARASITAIRE ANTI-HELMINTHIQUE,1,COMPRIME,GENERIQUE,BOITE,665,110,80,REMBOURSABLE
0003841,NEMOZOLE COMP 400MG,ALBENDAZOLE,COMPRIME,400MG,ANTI-PARASITAIRE ANTI-HELMINTHIQUE,1,COMPRIME,GENERIQUE,BOITE,395,110,80,REMBOURSABLE
0004544,Q-WORM COMP 400MG,ALBENDAZOLE,COMPRIME,400MG,ANTI-PARASITAIRE ANTI-HELMINTHIQUE,1,COMPRIME,GENERIQUE,BOITE,810,110,80,REMBOURSABLE
0003289,SANIVER COMP 400MG,ALBENDAZOLE,COMPRIME,400MG,ANTI-PARASITAIRE ANTI-HELMINTHIQUE,1,COMPRIME,GENERIQUE,BOITE,345,110,80,REMBOURSABLE
0003291,UBENZOLE COMP 400MG,ALBENDAZOLE,COMPRIME,400MG,ANTI-PARASITAIRE ANTI-HELMINTHIQUE,1,COMPRIME,GENERIQUE,BOITE,450,110,80,REMBOURSABLE
0001259,VEREX COMP 400MG,ALBENDAZOLE,COMPRIME,400MG,ANTI-PARASITAIRE ANTI-HELMINTHIQUE,1,COMPRIME,GENERIQUE,BOITE,1010,110,80,REMBOURSABLE
0001264,VERZOL COMP 400MG,ALBENDAZOLE,COMPRIME,400MG,ANTI-PARASITAIRE ANTI-HELMINTHIQUE,1,COMPRIME,GENERIQUE,BOITE,815,110,80,REMBOURSABLE
0001275,ZEBEN COMP 400MG,ALBENDAZOLE,COMPRIME,400MG,ANTI-PARASITAIRE ANTI-HELMINTHIQUE,1,COMPRIME,GENERIQUE,BOITE,575,110,80,REMBOURSABLE
0001299,ZENTEL COMP 400MG,ALBENDAZOLE,COMPRIME,400MG,ANTI-PARASITAIRE ANTI-HELMINTHIQUE,1,COMPRIME,SPECIALITE,BOITE,1550,110,80,REMBOURSABLE
0004410,AB-ZOLE SUSP BUV 400MG/10ML,ALBENDAZOLE,SUSPENSION BUVABLE,40MG/ML,ANTI-PARASITAIRE ANTI-HELMINTHIQUE,10,MILLILITRES,GENERIQUE,BOITE,860,407,80,REMBOURSABLE
0001350,ALBEN SUP BUV 400MG/10ML,ALBENDAZOLE,SUSPENSION BUVABLE,40MG/ML,ANTI-PARASITAIRE ANTI-HELMINTHIQUE,10,MILLILITRES,GENERIQUE,FLACON,1320,407,80,REMBOURSABLE
0005039,ALDEZOLE SUSP BUV 400MG/10ML,ALBENDAZOLE,SUSPENSION BUVABLE,40MG/ML,ANTI-PARASITAIRE ANTI-HELMINTHIQUE,10,MILLILITRES,GENERIQUE,FLACON,940,410,80,REMBOURSABLE
0001362,ALZOL SUSP BUV 400MG/10ML,ALBENDAZOLE,Suspension buvable,40MG/ML,ANTI-PARASITAIRE ANTI-HELMINTHIQUE,10,MILLILITRES,GENERIQUE,FLACON,1125,407,80,REMBOURSABLE
0001391,BENDEX SUSP BUV 400MG/10ML,ALBENDAZOLE,SUSPENSION BUVABLE,40MG/ML,ANTI-PARASITAIRE ANTI-HELMINTHIQUE,10,MILLILITRES,GENERIQUE,FLACON,365,365,80,REMBOURSABLE
0001427,CALBEN SUSP BUV 400MG/10ML,ALBENDAZOLE,SUSPENSION BUVABLE,40MG/ML,ANTI-PARASITAIRE ANTI-HELMINTHIQUE,10,MILLILITRES,GENERIQUE,FLACON,685,407,80,REMBOURSABLE
0005049,Q-WORM SUSP BUV 200MG/5ML,ALBENDAZOLE,SUSPENSION BUVABLE,40MG/ML,ANTI-PARASITAIRE ANTI-HELMINTHIQUE,10,MILLILITRES,GENERIQUE,FLACON,870,410,80,REMBOURSABLE
0001399,VEREX SUSP BUV 400MG/10ML,ALBENDAZOLE,SUSPENSION BUVABLE,40MG/ML,ANTI-PARASITAIRE ANTI-HELMINTHIQUE,10,MILLILITRES,GENERIQUE,FLACON,1010,407,80,REMBOURSABLE
0001409,VERZOL SUSP BUV 400MG/10ML,ALBENDAZOLE,SUSPENSION BUVABLE,40MG/ML,ANTI-PARASITAIRE ANTI-HELMINTHIQUE,10,MILLILITRES,GENERIQUE,FLACON,770,407,80,REMBOURSABLE
0001422,ZENTEL SUSP BUV 400MG/10ML,ALBENDAZOLE,SUSPENSION BUVABLE,40MG/ML,ANTI-PARASITAIRE ANTI-HELMINTHIQUE,10,MILLILITRES,SPECIALITE,FLACON,1720,407,80,REMBOURSABLE
0001330,Z-ZOLE SUSP BUV 400MG/10ML,ALBENDAZOLE,SUSPENSION BUVABLE,40MG/ML,ANTI-PARASITAIRE ANTI-HELMINTHIQUE,10,MILLILITRES,GENERIQUE,FLACON,1135,407,80,REMBOURSABLE
0003820,FLUB COMP 100MG,FLUBENDAZOLE,COMPRIME,100MG,ANTI-PARASITAIRE ANTI-HELMINTHIQUE,6,COMPRIMES,GENERIQUE,BOITE,1755,1755,80,REMBOURSABLE
0002373,FLUVERMAL COMP 100MG,FLUBENDAZOLE,COMPRIME,100MG,ANTI-PARASITAIRE ANTI-HELMINTHIQUE,6,COMPRIMES,SPECIALITE,BOITE,2180,2165,80,REMBOURSABLE
0003819,FLUB SUSP BUV 20MG/ML,FLUBENDAZOLE,SUSPENSION BUVABLE,20MG/ML,ANTI-PARASITAIRE ANTI-HELMINTHIQUE,30,MILLILITRES,GENERIQUE,FLACON,1755,1755,80,REMBOURSABLE
0002376,FLUVERMAL SUSP BUV 20MG/ML,FLUBENDAZOLE,SUSPENSION BUVABLE,20MG/ML,ANTI-PARASITAIRE ANTI-HELMINTHIQUE,30,MILLILITRES,SPECIALITE,FLACON,2445,2445,80,REMBOURSABLE
0004232,CACHEWORM COMP 100MG,MEBENDAZOLE,COMPRIME,100MG,ANTI-PARASITAIRE ANTI-HELMINTHIQUE,6,COMPRIMES,GENERIQUE,BOITE,1150,66,80,REMBOURSABLE
0000338,CARBEN COMP 100MG,MEBENDAZOLE,COMPRIME,100MG,ANTI-PARASITAIRE ANTI-HELMINTHIQUE,6,COMPRIMES,GENERIQUE,BOITE,1035,66,80,REMBOURSABLE
C000425,MEBENDAZOLE COMP 100MG BLISTER/10,MEBENDAZOLE,COMPRIME,100MG,ANTI-PARASITAIRE ANTI-HELMINTHIQUE,10,COMPRIMES,CAMEG,BLISTER,200,200,80,REMBOURSABLE
0000356,MEBENDAZOLE UBI COMP 100MG BLISTER/6,MEBENDAZOLE,COMPRIME,100MG,ANTI-PARASITAIRE ANTI-HELMINTHIQUE,6,COMPRIMES,GENERIQUE,BOITE,190,66,80,REMBOURSABLE
0000343,OZIBEN COMP 100MG,MEBENDAZOLE,COMPRIME,100MG,ANTI-PARASITAIRE ANTI-HELMINTHIQUE,6,COMPRIMES,GENERIQUE,BOITE,1045,66,80,REMBOURSABLE
0000350,VERMOX COMP 100MG,MEBENDAZOLE,COMPRIME,100MG,ANTI-PARASITAIRE ANTI-HELMINTHIQUE,6,COMPRIMES,SPECIALITE,BOITE,1310,66,80,REMBOURSABLE
0000351,WORMIN COMP 100MG,MEBENDAZOLE,COMPRIME,100MG,ANTI-PARASITAIRE ANTI-HELMINTHIQUE,6,COMPRIMES,GENERIQUE,BOITE,1150,66,80,REMBOURSABLE
0003358,CACHEWORM SUSP BUV 100MG/5ML,MEBENDAZOLE,SUSPENSION BUVABLE,100MG/5ML,ANTI-PARASITAIRE ANTI-HELMINTHIQUE,30,MILLILITRES,GENERIQUE,FLACON,1380,1238,80,REMBOURSABLE
0000492,CARBEN SUSP BUV 100MG/5ML,MEBENDAZOLE,SUSPENSION BUVABLE,100MG/5ML,ANTI-PARASITAIRE ANTI-HELMINTHIQUE,30,MILLILITRES,GENERIQUE,FLACON,1125,1125,80,REMBOURSABLE
0000469,MEBENDAZOLE UBI SUSP BUV 100MG/5ML,MEBENDAZOLE,SUSPENSION BUVABLE,100MG/5ML,ANTI-PARASITAIRE ANTI-HELMINTHIQUE,30,MILLILITRES,GENERIQUE,FLACON,745,745,80,REMBOURSABLE
0000475,OZIBEN SUSP BUV 100MG/5ML,MEBENDAZOLE,SUSPENSION BUVABLE,100MG/5ML,ANTI-PARASITAIRE ANTI-HELMINTHIQUE,30,MILLILITRES,GENERIQUE,FLACON,1410,1238,80,REMBOURSABLE
0000484,VERMOX SUSP BUV 100MG/5ML,MEBENDAZOLE,SUSPENSION BUVABLE,100MG/5ML,ANTI-PARASITAIRE ANTI-HELMINTHIQUE,30,MILLILITRES,SPECIALITE,FLACON,1665,1238,80,REMBOURSABLE
0000479,WORMIN SUSP BUV 100MG/5ML,MEBENDAZOLE,SUSPENSION BUVABLE,100MG/5ML,ANTI-PARASITAIRE ANTI-HELMINTHIQUE,30,MILLILITRES,GENERIQUE,FLACON,1325,1238,80,REMBOURSABLE
0001808,BILTRICIDE COMP 600MG,PRAZIQUANTEL,COMPRIME,600MG,ANTI-PARASITAIRE ANTI-HELMINTHIQUE,4,COMPRIMES,SPECIALITE,BOITE,8150,8150,80,REMBOURSABLE
0000094,COMBANTRIN COMP 125MG,PYRANTEL,COMPRIME,125MG,ANTI-PARASITAIRE ANTI-HELMINTHIQUE,6,COMPRIMES,SPECIALITE,BOITE,1665,575,80,REMBOURSABLE
0000061,HELMINTOX COMP 125MG,PYRANTEL,COMPRIME,125MG,ANTI-PARASITAIRE ANTI-HELMINTHIQUE,6,COMPRIMES,GENERIQUE,BOITE,1390,957,80,REMBOURSABLE
0000070,PYRANTOX COMP 125MG,PYRANTEL,COMPRIME,125MG,ANTI-PARASITAIRE ANTI-HELMINTHIQUE,6,COMPRIMES,GENERIQUE,BOITE,870,870,80,REMBOURSABLE
0000918,COMBANTRIN COMP 250MG,PYRANTEL,COMPRIME,250MG,ANTI-PARASITAIRE ANTI-HELMINTHIQUE,3,COMPRIMES,SPECIALITE,BOITE,1535,1529,80,REMBOURSABLE
0000101,COMBIFRINIL COMP 250MG,PYRANTEL,COMPRIME,250MG,ANTI-PARASITAIRE ANTI-HELMINTHIQUE,3,COMPRIMES,GENERIQUE,BOITE,1435,1435,80,REMBOURSABLE
0000928,"COMBANTRIN SUSP BUV 125MG/2,5ML",PYRANTEL,SUSPENSION BUVABLE,50MG/ML,ANTI-PARASITAIRE ANTI-HELMINTHIQUE,15,MILLILITRES,SPECIALITE,FLACON,1515,1515,80,REMBOURSABLE
0000923,COMBIFRINIL SUSP BUV 50MG,PYRANTEL,SUSPENSION BUVABLE,50MG/ML,ANTI-PARASITAIRE ANTI-HELMINTHIQUE,15,MILLILITRES,GENERIQUE,FLACON,1435,1435,80,REMBOURSABLE
0000895,HELMINTOX SACHET 125MG,PYRANTEL,SUSPENSION BUVABLE,50MG/ML,ANTI-PARASITAIRE ANTI-HELMINTHIQUE,1,SACHET,GENERIQUE,BOITE,1115,1115,80,REMBOURSABLE
0002579,"HELMINTOX SUSP BUV 125MG/2,5ML",PYRANTEL,SUSPENSION BUVABLE,50MG/ML,ANTI-PARASITAIRE ANTI-HELMINTHIQUE,15,MILLILITRES,GENERIQUE,FLACON,1575,1575,80,REMBOURSABLE
0000905,PYRANTOX SUSP BUV 250MG/5ML,PYRANTEL,SUSPENSION BUVABLE,50MG/ML,ANTI-PARASITAIRE ANTI-HELMINTHIQUE,15,MILLILITRES,GENERIQUE,FLACON,1045,1045,80,REMBOURSABLE
0000667,ACARILBIAL SOL EXT 30%,BENZOATE DE BENZYLE,SOLUTION EXTERNE,30%,ANTI-PARASITAIRE LOCAL,200,MILLILITRES,GENERIQUE,FLACON,2390,2390,80,REMBOURSABLE
0000705,ASCABIOL SOL EXT 30%,BENZYL BENZOATE+SULFIRAM,SOLUTION EXTERNE,30%,ANTI-PARASITAIRE LOCAL,125,MILLILITRES,SPECIALITE,FLACON,3465,3465,80,REMBOURSABLE
0004595,B VIT FORT COMP BLISTER/10,PYRIDOXINE+THIAMINE+CYANOCOBALAMINE,COMPRIME,250MG/250MG/1MG,ANTI-PARESTHESIQUE,10,COMPRIMES,GENERIQUE,BLISTER,505,505,80,REMBOURSABLE
0001875,PRINCI B FORT COMP,PYRIDOXINE+THIAMINE+CYANOCOBALAMINE,COMPRIME,250MG/250MG/1MG,ANTI-PARESTHESIQUE,30,COMPRIMES,SPECIALITE,BOITE,4190,1683,80,REMBOURSABLE
0004958,BEVITINE COMP 250MG,THIAMINE,COMPRIME,250MG,ANTI-PARESTHESIQUE,20,COMPRIMES,SPECIALITE,BOITE,2030,2030,80,REMBOURSABLE
0004959,BEVITINE SOL INJ 100MG/2ML,THIAMINE,SOLUTION INJECTABLE,100MG/2ML,ANTI-PARESTHESIQUE,1,AMPOULE,SPECIALITE,BOITE,400,400,80,REMBOURSABLE
0004960,LEVODOPA+BENSERAZIDE COMP 125MG,LEVODOPA+BENSERAZIDE,COMPRIME,100MG/25MG,ANTI-PARKINSONIEN AGONISTE DE LA DOPAMINE,60,COMPRIMES,GENERIQUE,BOITE,5820,5820,80,TPC
0004626,MODOPAR COMP DISP 125MG,LEVODOPA+BENSERAZIDE,COMPRIME DISPERSIBLE,100MG/25MG,ANTI-PARKINSONIEN AGONISTE DE LA DOPAMINE,60,COMPRIMES,SPECIALITE,BOITE,6025,6025,80,TPC
0001290,MODOPAR GELULE 125MG,LEVODOPA+BENSERAZIDE,GELULE,100MG/25MG,ANTI-PARKINSONIEN AGONISTE DE LA DOPAMINE,60,GELULES,SPECIALITE,BOITE,6550,6550,80,TPC
0003253,MODOPAR GELULE 250MG,LEVODOPA+BENSERAZIDE,GELULE,200MG/50MG,ANTI-PARKINSONIEN AGONISTE DE LA DOPAMINE,60,GELULES,SPECIALITE,BOITE,11305,11077,80,TPC
0003237,AKINETON COMP LP 4MG,BIPERIDENE,COMPRIME,4MG,ANTI-PARKINSONIEN ANTI-CHOLINERGIQUE,30,COMPRIMES,SPECIALITE,BOITE,3200,3200,80,TPC
0001487,TRIVASTAL COMP LP 50MG,PIRIBEDIL,COMPRIME LP,50MG,ANTI-PARKINSONIEN ANTI-CHOLINERGIQUE,30,COMPRIMES,SPECIALITE,BOITE,7990,7990,80,TPC
0000558,ARTANE COMP 2MG,TRIHEXYPHENIDYLE,COMPRIME,2MG,ANTI-PARKINSONIEN ANTI-CHOLINERGIQUE,50,COMPRIMES,SPECIALITE,BOITE,1860,1766,80,TPC
0000562,ARTANE COMP 5MG,TRIHEXYPHENIDYLE,COMPRIME,5MG,ANTI-PARKINSONIEN ANTI-CHOLINERGIQUE,20,COMPRIMES,SPECIALITE,BOITE,1915,1915,80,TPC
0003238,PARKINANE GELULE LP 2MG,TRIHEXYPHENIDYLE,GELULE LP,2MG,ANTI-PARKINSONIEN ANTI-CHOLINERGIQUE,50,GELULES,SPECIALITE,BOITE,1630,1630,80,TPC
0003239,PARKINANE GELULE LP 5MG,TRIHEXYPHENIDYLE,GELULE LP,5MG,ANTI-PARKINSONIEN ANTI-CHOLINERGIQUE,20,GELULES,SPECIALITE,BOITE,1630,1630,80,TPC
0003914,ARTANE SOL INJ 10MG,TRIHEXYPHENIDYLE,SOLUTION INJECTABLE,10MG,ANTI-PARKINSONIEN ANTI-CHOLINERGIQUE,1,AMPOULE,SPECIALITE,BOITE,1040,1040,80,REMBOURSABLE
0001434,"XATRAL COMP 2,5MG",ALFUZOSINE,COMPRIME,"2,5MG",ANTI-PROSTATIQUE ALPHA BLOQUANT,30,COMPRIMES,SPECIALITE,BOITE,7245,7245,80,ENTENTE PREALABLE
0004323,FLOTRAL COMP LP 10MG,ALFUZOSINE,COMPRIME LP,10MG,ANTI-PROSTATIQUE ALPHA BLOQUANT,10,COMPRIMES,GENERIQUE,BOITE,5430,5430,80,ENTENTE PREALABLE
0004720,PROSTALEN COMP LP 10MG,ALFUZOSINE,COMPRIME LP,10MG,ANTI-PROSTATIQUE ALPHA BLOQUANT,30,COMPRIMES,GENERIQUE,BOITE,6890,6890,80,ENTENTE PREALABLE
0001443,XATRAL COMP LP 10MG,ALFUZOSINE,COMPRIME LP,10MG,ANTI-PROSTATIQUE ALPHA BLOQUANT,30,COMPRIMES,SPECIALITE,BOITE,21100,17919,80,ENTENTE PREALABLE
0001453,XATRAL COMP LP 5MG,ALFUZOSINE,COMPRIME LP,5MG,ANTI-PROSTATIQUE ALPHA BLOQUANT,56,COMPRIMES,SPECIALITE,BOITE,21385,21385,80,ENTENTE PREALABLE
0002545,CARDULAR COMP LP 2MG,DOXAZOSINE,COMPRIME LP,2MG,ANTI-PROSTATIQUE ALPHA BLOQUANT,20,COMPRIMES,SPECIALITE,BOITE,11480,11480,80,ENTENTE PREALABLE
0003103,CARDULAR COMP LP 4MG,DOXAZOSINE,COMPRIME LP,4MG,ANTI-PROSTATIQUE ALPHA BLOQUANT,28,COMPRIMES,SPECIALITE,BOITE,15680,15680,80,ENTENTE PREALABLE
0004962,XELIPROST COMP 10MG,TERAZOSINE,COMPRIME,10MG,ANTI-PROSTATIQUE ALPHA BLOQUANT,10,COMPRIMES,GENERIQUE,BOITE,3215,3215,80,ENTENTE PREALABLE
0004961,XELIPROST COMP 5MG,TERAZOSINE,COMPRIME,5MG,ANTI-PROSTATIQUE ALPHA BLOQUANT,10,COMPRIMES,GENERIQUE,BOITE,2295,2295,80,ENTENTE PREALABLE
0002362,CHIBRO-PROSCAR COMP 5MG,FINASTERIDE,COMPRIME,5MG,ANTI-PROSTATIQUE ANTI-ANDROGENE,28,COMPRIMES,SPECIALITE,BOITE,12765,12382,80,ENTENTE PREALABLE
0004174,ERESTRID COMP 5MG,FINASTERIDE,COMPRIME,5MG,ANTI-PROSTATIQUE ANTI-ANDROGENE,10,COMPRIMES,GENERIQUE,BOITE,4020,4020,80,ENTENTE PREALABLE
0003616,PROSTAFIP GELULE,PEPINS DE COURGE+FEUILLE D'ORPIE+SELENIUM,GELULE,PM,ANTI-PROSTATIQUE COMPLEMENT ALIMENTAIRE,30,GELULES,GENERIQUE,BOITE,5510,5510,80,ENTENTE PREALABLE
0001326,EURAX CREME 10%,CROTAMITON,CREME,10%,ANTI-PRURIGINEUX,60,GRAMMES,SPECIALITE,TUBE,2400,2088,80,REMBOURSABLE
0001322,PRUREX CREME 10%,CROTAMITON,CREME,10%,ANTI-PRURIGINEUX,40,GRAMMES,GENERIQUE,TUBE,1265,1265,80,REMBOURSABLE
0004964,OLANZ COMP 10MG,OLANZAPINE,COMPRIME,10MG,ANTI-PSYCHOTIQUE ATYPIQUE,28,COMPRIMES,GENERIQUE,BOITE,14925,12545,80,TPC
0004965,OLANZAPINE COMP 10MG,OLANZAPINE,COMPRIME,10MG,ANTI-PSYCHOTIQUE ATYPIQUE,28,COMPRIMES,GENERIQUE,BOITE,12545,12545,80,TPC
0004963,OLANZ COMP 5MG,OLANZAPINE,COMPRIME,5MG,ANTI-PSYCHOTIQUE ATYPIQUE,28,COMPRIMES,GENERIQUE,BOITE,9185,9185,80,TPC
0004966,RISPERIDONE COMP 1MG BLISTER/10,RISPERIDONE,COMPRIME,1MG,ANTI-PSYCHOTIQUE ATYPIQUE,10,COMPRIMES,GENERIQUE,BLISTER,1580,1580,80,TPC
0004967,RISPERIDONE COMP 2MG BLISTER/10,RISPERIDONE,COMPRIME,2MG,ANTI-PSYCHOTIQUE ATYPIQUE,10,COMPRIMES,GENERIQUE,BLISTER,2955,2955,80,TPC
C000218,CHLORPROMAZINE COMP 100MG BLISTER/10,CHLORPROMAZINE,COMPRIME,100MG,ANTI-PSYCHOTIQUE TYPIQUE,10,COMPRIMES,CAMEG,BOITE,300,300,80,TPC
0000230,LARGACTIL COMP 100MG,CHLORPROMAZINE,COMPRIME,100MG,ANTI-PSYCHOTIQUE TYPIQUE,30,COMPRIMES,SPECIALITE,BOITE,4030,4030,80,TPC
C000375,CHLORPROMAZINE COMP 25MG BLISTER/10,CHLORPROMAZINE,COMPRIME,25MG,ANTI-PSYCHOTIQUE TYPIQUE,10,COMPRIMES,CAMEG,BOITE,115,115,80,TPC
0004354,LARGACTIL SOL INJ 25MG/5ML,CHLORPROMAZINE,SOLUTION INJECTABLE,25MG/5ML,ANTI-PSYCHOTIQUE TYPIQUE,1,AMPOULE,SPECIALITE,BOITE,1200,1200,80,REMBOURSABLE
C000219,CHLORPROMAZINE SOL INJ 50MG,CHLORPROMAZINE,SOLUTION INJECTABLE,50MG,ANTI-PSYCHOTIQUE TYPIQUE,1,AMPOULE,CAMEG,BOITE,195,195,80,REMBOURSABLE
0004969,TERCIAN COMP 100MG,CYAMEMAZINE,COMPRIME,100MG,ANTI-PSYCHOTIQUE TYPIQUE,25,COMPRIMES,SPECIALITE,BOITE,15785,15785,80,TPC
0004968,TERCIAN COMP 25MG,CYAMEMAZINE,COMPRIME,25MG,ANTI-PSYCHOTIQUE TYPIQUE,30,COMPRIMES,SPECIALITE,BOITE,6070,6070,80,TPC
C000154,HALOPERIDOL COMP 10MG BLISTER/10,HALOPERIDOL,COMPRIME,10MG,ANTI-PSYCHOTIQUE TYPIQUE,10,COMPRIMES,CAMEG,BOITE,300,300,80,TPC
0000286,HALDOL COMP 1MG,HALOPERIDOL,COMPRIME,1MG,ANTI-PSYCHOTIQUE TYPIQUE,40,COMPRIMES,SPECIALITE,BOITE,1100,1100,80,TPC
0004368,HALDOL COMP 1MG BLISTER/10,HALOPERIDOL,COMPRIME,1MG,ANTI-PSYCHOTIQUE TYPIQUE,10,COMPRIMES,SPECIALITE,BLISTER,505,505,80,TPC
0001593,HALDOL COMP 5MG,HALOPERIDOL,COMPRIME,5MG,ANTI-PSYCHOTIQUE TYPIQUE,30,COMPRIMES,SPECIALITE,BOITE,2240,2240,80,TPC
C000159,HALOPERIDOL COMP 5MG BLISTER/10,HALOPERIDOL,COMPRIME,5MG,ANTI-PSYCHOTIQUE TYPIQUE,20,COMPRIMES,CAMEG,BOITE,300,300,80,TPC
0001597,HALDOL SOL BUV 2MG/ML,HALOPERIDOL,SOLUTION BUVABLE,2MG/ML,ANTI-PSYCHOTIQUE TYPIQUE,15,MILLILITRES,SPECIALITE,FLACON,1610,1610,80,TPC
0004367,HALDOL SOL INJ 5MG/ML,HALOPERIDOL,SOLUTION INJECTABLE,5MG/ML,ANTI-PSYCHOTIQUE TYPIQUE,1,AMPOULE,SPECIALITE,BOITE,215,215,80,REMBOURSABLE
C000156,HALOPERIDOL SOL INJ 5MG/ML,HALOPERIDOL,SOLUTION INJECTABLE,5MG/ML,ANTI-PSYCHOTIQUE TYPIQUE,1,AMPOULE,CAMEG,BOITE,250,236,80,REMBOURSABLE
0001336,NOZINAN COMP 100MG,LEVOMEPROMAZINE,COMPRIME,100MG,ANTI-PSYCHOTIQUE TYPIQUE,20,COMPRIMES,SPECIALITE,BOITE,9195,9195,80,TPC
0001341,NOZINAN COMP 25MG,LEVOMEPROMAZINE,COMPRIME,25MG,ANTI-PSYCHOTIQUE TYPIQUE,20,COMPRIMES,SPECIALITE,BOITE,3580,3580,80,TPC
0003893,NOZINAN SOL INJ 25MG/ML,LEVOMEPROMAZINE,SOLUTION INJECTABLE,25MG/ML,ANTI-PSYCHOTIQUE TYPIQUE,1,AMPOULE,SPECIALITE,BOITE,385,385,80,REMBOURSABLE
0004972,LOXAPAC COMP 100MG,LOXAPINE,COMPRIME,100MG,ANTI-PSYCHOTIQUE TYPIQUE,30,COMPRIMES,SPECIALITE,BOITE,16845,16845,80,TPC
0004970,LOXAPAC COMP 25MG,LOXAPINE,COMPRIME,25MG,ANTI-PSYCHOTIQUE TYPIQUE,30,COMPRIMES,SPECIALITE,BOITE,5495,5495,80,TPC
0004971,LOXAPAC COMP 50MG,LOXAPINE,COMPRIME,50MG,ANTI-PSYCHOTIQUE TYPIQUE,30,COMPRIMES,SPECIALITE,BOITE,11150,11150,80,TPC
0003584,NEULEPTIL COMP 25MG,PROPERICIAZINE,COMPRIME,25MG,ANTI-PSYCHOTIQUE TYPIQUE,50,COMPRIMES,GENERIQUE,BOITE,4095,4095,80,TPC
0004389,NEULEPTIL COMP 25MG BLISTER/10,PROPERICIAZINE,COMPRIME,25MG,ANTI-PSYCHOTIQUE TYPIQUE,10,COMPRIMES,GENERIQUE,BLISTER,819,819,80,TPC
0001321,DOGMATIL COMP 200MG,SULPIRIDE,COMPRIME,200MG,ANTI-PSYCHOTIQUE TYPIQUE,12,COMPRIMES,SPECIALITE,BOITE,6855,6855,80,TPC
0001323,DOGMATIL COMP 50MG,SULPIRIDE,GELULE,50MG,ANTI-PSYCHOTIQUE TYPIQUE,30,GELULES,SPECIALITE,BOITE,2205,2205,80,TPC
0004393,DOGMATIL SOL INJ 100MG,SULPIRIDE,SOLUTION INJECTABLE,100MG,ANTI-PSYCHOTIQUE TYPIQUE,1,AMPOULE,SPECIALITE,BOITE,330,330,80,REMBOURSABLE
0000262,TIAPRIDAL COMP 100MG,TIAPRIDE,COMPRIME,100MG,ANTI-PSYCHOTIQUE TYPIQUE,20,COMPRIMES,SPECIALITE,BOITE,2780,2780,80,TPC
0003904,TIAPRIDAL SOL INJ 100MG/2ML,TIAPRIDE,SOLUTION INJECTABLE,100MG/2ML,ANTI-PSYCHOTIQUE TYPIQUE,1,AMPOULE,SPECIALITE,BOITE,315,315,80,REMBOURSABLE
0001951,FLUANZOL LP SOL INJ 100MG/ML,FLUPENTIXOL DECANOATE,SOLUTION INJECTABLE,100MG/ML,ANTI-PSYCHOTIQUE TYPIQUE RETARD,1,AMPOULE,SPECIALITE,BOITE,7090,7090,80,TPC
C000110,FLUPHENAZINE DECANOATE SOL INJ 25 MG/ML,FLUPHENAZINE DECANOATE,SOLUTION INJECTABLE,25MG/ML,ANTI-PSYCHOTIQUE TYPIQUE RETARD,1,AMPOULE,CAMEG,BOITE,735,735,80,TPC
0004361,MODECATE SOL INJ 25MG/ML,FLUPHENAZINE DECANOATE,SOLUTION INJECTABLE,25MG/ML,ANTI-PSYCHOTIQUE TYPIQUE RETARD,1,AMPOULE,SPECIALITE,BOITE,1825,1825,80,REMBOURSABLE
0000293,HALDOL DECANOAS SOL INJ 50MG/ML,HALOPERIDOL DECANOATE,SOLUTION INJECTABLE,50MG/ML,ANTI-PSYCHOTIQUE TYPIQUE RETARD,1,AMPOULE,SPECIALITE,BOITE,3445,3445,80,TPC
0001479,GAVISCON SUSP BUV,ALGINATE DE SODIUM+BICARBONATE DE SODIUM,SUSPENSION BUVABLE,"50MG/26,7MG",ANTI-REFLUX ANTI-ACIDE,250,MILLILITRES,SPECIALITE,FLACON,1720,1720,80,REMBOURSABLE
0001473,GAVISCON SACHET,ALGINATE DE SODIUM+BICARBONATE DE SODIUM,SUSPENSION BUVABLE EN SACHET,500MG/267MG,ANTI-REFLUX ANTI-ACIDE,24,SACHETS,SPECIALITE,BOITE,2400,2007,80,REMBOURSABLE
0001464,GAVISCON COMP,ALGINATE DE SODIUM+BICARBONATE DE SODIUM+CARBONATE DE CALCIUM,COMPRIME,500MG/267MG/160MG,ANTI-REFLUX ANTI-ACIDE,20,COMPRIMES,SPECIALITE,BOITE,1515,1515,80,REMBOURSABLE
0001829,ALOX COMP,HYDROXYDE D'ALUMINIUM+HYDROXYDE DE MAGNESIUM,COMPRIME,400MG/400MG,ANTI-REFLUX ANTI-ACIDE,40,COMPRIMES,GENERIQUE,BOITE,1720,1720,80,REMBOURSABLE
0004973,CREALOX COMP,HYDROXYDE D'ALUMINIUM+HYDROXYDE DE MAGNESIUM,COMPRIME,400MG/400MG,ANTI-REFLUX ANTI-ACIDE,48,COMPRIMES,GENERIQUE,BOITE,1435,1435,80,REMBOURSABLE
C000426,HYDROXYDE D'ALUMINIUM+HYDROXYDE DE MAGNESIUM COMP 400MG/400MG BLISTER/10,HYDROXYDE D'ALUMINIUM+HYDROXYDE DE MAGNESIUM,COMPRIME,400MG/400MG,ANTI-REFLUX ANTI-ACIDE,10,COMPRIMES,CAMEG,BLISTER,450,450,80,REMBOURSABLE
0000304,MAALOX COMP,HYDROXYDE D'ALUMINIUM+HYDROXYDE DE MAGNESIUM,COMPRIME A CROQUER,400MG/400MG,ANTI-REFLUX ANTI-ACIDE,40,COMPRIMES,SPECIALITE,BOITE,1800,1800,80,REMBOURSABLE
0004020,ALMAX SUSP BUV,HYDROXYDE D'ALUMINIUM+HYDROXYDE DE MAGNESIUM,SUSPENSION BUVABLE,1G,ANTI-REFLUX ANTI-ACIDE,225,MILLILITRES,GENERIQUE,BOITE,2260,1575,80,REMBOURSABLE
0000319,MAALOX SUSP BUV,HYDROXYDE D'ALUMINIUM+HYDROXYDE DE MAGNESIUM,SUSPENSION BUVABLE,525MG/600MG,ANTI-REFLUX ANTI-ACIDE,250,MILLILITRES,SPECIALITE,FLACON,1525,1525,80,REMBOURSABLE
0000325,SUPRALOX SUSP BUV,HYDROXYDE D'ALUMINIUM+HYDROXYDE DE MAGNESIUM,SUSPENSION BUVABLE,600MG/900MG,ANTI-REFLUX ANTI-ACIDE,250,MILLILITRES,SPECIALITE,FLACON,2975,2975,80,REMBOURSABLE
0004021,ALMAX FORTE SACHET,HYDROXYDE D'ALUMINIUM+HYDROXYDE DE MAGNESIUM,SUSPENSION BUVABLE EN SACHET,"1,5G",ANTI-REFLUX ANTI-ACIDE,30,SACHETS,GENERIQUE,BOITE,3675,2730,80,REMBOURSABLE
0004624,MAALOX SACHET,HYDROXYDE D'ALUMINIUM+HYDROXYDE DE MAGNESIUM,SUSPENSION BUVABLE EN SACHET,460MG/400MG,ANTI-REFLUX ANTI-ACIDE,20,SACHETS,SPECIALITE,BOITE,2870,2684,80,REMBOURSABLE
0003529,PEPTICA SUSP BUV,HYDROXYDE D'ALUMINIUM+HYDROXYDE DE MAGNESIUM+SIMETHICONE,SUSPENSION BUVABLE,225MG/200MG/50MG,ANTI-REFLUX ANTI-ACIDE,200,MILLILITRES,SPECIALITE,FLACON,1980,1980,80,REMBOURSABLE
0005083,POLYGEL SUSP BUV,HYDROXYDE D'ALUMINIUM+HYDROXYDE DE MAGNESIUM+SIMETHICONE,SUSPENSION BUVABLE,250MG/250MG/50MG,ANTI-REFLUX ANTI-ACIDE,200,MILLILITRES,GENERIQUE,FLACON,980,980,80,REMBOURSABLE
0003468,ANTICID PLUS SUSP BUV,HYDROXYDE D'ALUMINIUM+HYDROXYDE DE MAGNESIUM+SIMETHICONE,SUSPENSION BUVABLE,400MG/400MG/40MG,ANTI-REFLUX ANTI-ACIDE,200,MILLILITRES,GENERIQUE,FLACON,1800,1800,80,REMBOURSABLE
0003888,HYALGAN SOL INJ 20MG/2ML,HYALURONATE DE SODIUM,SOLUTION INJECTABLE,20MG/2ML,ANTI-RHUMATISMAL,1,AMPOULE,SPECIALITE,BOITE,26380,26380,80,ENTENTE PREALABLE
0004974,PLAQUENIL COMP 200MG,HYDROXYCHLOROQUINE,COMPRIME,200MG,ANTI-RHUMATISMAL,30,COMPRIMES,SPECIALITE,BOITE,5475,5475,80,ENTENTE PREALABLE
0004975,SALAZOPYRINE COMP 500MG,SULFASALAZINE,COMPRIME,500MG,ANTI-RHUMATISMAL,100,COMPRIMES,SPECIALITE,BOITE,10375,10375,80,ENTENTE PREALABLE
0001079,"SOPHTAL COLLYRE 0,1%",ACIDE SALICYLIQUE,COLLYRE,"0,1%",ANTI-SEPTIQUE LOCAL,10,MILLILITRES,SPECIALITE,FLACON,975,975,80,REMBOURSABLE
0000868,DERMOBACTER SOL EXT FL/125ML,BENZALKONIUM+CHLORHEXIDINE,SOLUTION EXTERNE,"0,5%/0,2%",ANTI-SEPTIQUE LOCAL,125,MILLILITRES,SPECIALITE,FLACON,1240,688,80,REMBOURSABLE
0000612,DERMOBACTER SOL EXT FL/300ML,BENZALKONIUM+CHLORHEXIDINE,SOLUTION EXTERNE,"0,5%/0,2%",ANTI-SEPTIQUE LOCAL,300,MILLILITRES,SPECIALITE,FLACON,1490,1490,80,REMBOURSABLE
0001338,"HEXASPRAY COLLUT 2,5%",BICLOTYMOL,SOLUTION POUR PULVERISATION BUCCALE,"2,5%",ANTI-SEPTIQUE LOCAL,30,MILLILITRES,SPECIALITE,FLACON,2470,2470,80,REMBOURSABLE
C000409,"CHLORHEXIDINE GEL 1,5%",CHLORHEXIDINE,GEL,"1,5%",ANTI-SEPTIQUE LOCAL,25,GRAMMES,CAMEG,TUBE,800,800,80,REMBOURSABLE
0000384,"COLLUXID SOL BUC 0,1%",CHLORHEXIDINE,SOLUTION BUCCALE,"0,1%",ANTI-SEPTIQUE LOCAL,120,MILLILITRES,SPECIALITE,FLACON,1575,1575,80,REMBOURSABLE
0000409,"SEPTYL SOL BUC 0,1% FL/200ML",CHLORHEXIDINE,SOLUTION BUCCALE,"0,1%",ANTI-SEPTIQUE LOCAL,200,MILLILITRES,GENERIQUE,FLACON,2135,1733,80,REMBOURSABLE
0004109,"SEPTYL SOL BUC 0,1% FL/80ML",CHLORHEXIDINE,SOLUTION BUCCALE,"0,1%",ANTI-SEPTIQUE LOCAL,80,MILLILITRES,GENERIQUE,FLACON,1000,759,80,REMBOURSABLE
0000404,"SEPTIVON SOL EXT 1,5% FL/250ML",CHLORHEXIDINE,SOLUTION EXTERNE,"1,5%",ANTI-SEPTIQUE LOCAL,250,MILLILITRES,SPECIALITE,FLACON,1985,1925,80,REMBOURSABLE
0000405,"SEPTIVON SOL EXT 1,5%V FL/500ML",CHLORHEXIDINE,SOLUTION EXTERNE,"1,5%",ANTI-SEPTIQUE LOCAL,500,MILLILITRES,SPECIALITE,FLACON,3385,3385,80,REMBOURSABLE
0000374,"COLLUNOVAR SOL PULV BUC 0,11%",CHLORHEXIDINE,SOLUTION POUR PULVERISATION BUCCALE,"0,11%",ANTI-SEPTIQUE LOCAL,40,MILLILITRES,SPECIALITE,FLACON,2065,2065,80,REMBOURSABLE
0004110,ELUDRIL PRO SOL BUC FL/200ML,CHLORHEXIDINE+CHLOROBUTANOL,SOLUTION BUCCALE,"0,10%/0,50%",ANTI-SEPTIQUE LOCAL,200,MILLILITRES,SPECIALITE,FLACON,2410,2410,80,REMBOURSABLE
0004111,ELUDRIL PRO SOL BUC FL/500ML,CHLORHEXIDINE+CHLOROBUTANOL,SOLUTION BUCCALE,"0,10%/0,50%",ANTI-SEPTIQUE LOCAL,500,MILLILITRES,GENERIQUE,FLACON,5755,5755,80,REMBOURSABLE
0000371,ANGISPRAY COLLUTOIRE,CHLORHEXIDINE+LIDOCAINE,SOLUTION POUR PULVERISATION BUCCALE,"0,25%/0,10%",ANTI-SEPTIQUE LOCAL,90,MILLILITRES,SPECIALITE,FLACON,3315,3315,80,REMBOURSABLE
0000428,ELUDRIL COLLUTOIRE,CHLORHEXIDINE+TETRACAINE,SOLUTION POUR PULVERISATION BUCCALE,"0,05%/0,015%",ANTI-SEPTIQUE LOCAL,40,MILLILITRES,SPECIALITE,FLACON,1320,1320,80,REMBOURSABLE
0000750,ANGINOVAG SPRAY BUCCAL,DEQUALINIUM+GLYCYRRHETINIQUE+TYROTHRICINE+LIDOCAINE,SOLUTION POUR PULVERISATION BUCCALE,"1MG/0,6MG/0,6MG/4MG/1MG",ANTI-SEPTIQUE LOCAL,10,MILLILITRES,SPECIALITE,FLACON,2330,2330,80,REMBOURSABLE
0000605,EOSINE AQUEUSE SOL EXT 2% FL/100ML,EOSINE AQUEUSE,SOLUTION EXTERNE,2%,ANTI-SEPTIQUE LOCAL,100,MILLILITRES,GENERIQUE,FLACON,1150,1150,80,REMBOURSABLE
0001612,EOSINE AQUEUSE SOL EXT 2% FL/50ML,EOSINE AQUEUSE,SOLUTION EXTERNE,2%,ANTI-SEPTIQUE LOCAL,50,MILLILITRES,GENERIQUE,FLACON,920,633,80,REMBOURSABLE
0001614,EOSINE AQUEUSE SOL EXT 2% FL/UNIDOSE,EOSINE AQUEUSE,SOLUTION EXTERNE,2%,ANTI-SEPTIQUE LOCAL,10,FLACONS,SPECIALITE,BOITE,1265,697,80,REMBOURSABLE
0000323,"DESOMEDINE COLLYRE 0,1%",HEXAMIDINE,COLLYRE,"0,1%",ANTI-SEPTIQUE LOCAL,10,MILLILITRES,SPECIALITE,FLACON,1575,1575,80,REMBOURSABLE
0001654,"HEXOMEDINE SOL EXT 0,1%",HEXAMIDINE,SOLUTION EXTERNE,"0,1%",ANTI-SEPTIQUE LOCAL,250,MILLILITRES,SPECIALITE,FLACON,2755,2755,80,REMBOURSABLE
0000355,"HEXOMEDINE TRANSCUTANEE SOL EXT 0,15%",HEXAMIDINE,SOLUTION EXTERNE,"0,15%",ANTI-SEPTIQUE LOCAL,45,MILLILITRES,SPECIALITE,FLACON,2205,2205,80,REMBOURSABLE
0000348,CYTEAL SOL EXT F/250ML,HEXAMIDINE+CHLORHEXIDINE+CHLOROCRESOL,SOLUTION EXTERNE,"0,1%/0,50%/0,30%",ANTI-SEPTIQUE LOCAL,250,MILLILITRES,SPECIALITE,FLACON,2665,2665,80,REMBOURSABLE
0000361,"HEXTRIL SOL BUC 0,1%",HEXETIDINE,SOLUTION BUCCALE,0?1%,ANTI-SEPTIQUE LOCAL,200,MILLILITRES,SPECIALITE,FLACON,1965,1965,80,REMBOURSABLE
0000483,EAU OXYGENEE SOL EXT 10V FL/120ML,HYDROGENE PEROXYDE,SOLUTION EXTERNE,10V,ANTI-SEPTIQUE LOCAL,120,MILLILITRES,SPECIALITE,FLACON,1035,729,80,REMBOURSABLE
0003115,EAU OXYGENEE SOL EXT 10V FL/250ML,HYDROGENE PEROXYDE,SOLUTION EXTERNE,10V,ANTI-SEPTIQUE LOCAL,250,MILLILITRES,SPECIALITE,FLACON,1380,1380,80,REMBOURSABLE
0000542,DAKIN COOPER SOL EXT FL/250ML,HYPOCHLORITE DE SODIUM,SOLUTION EXTERNE,500MG,ANTI-SEPTIQUE LOCAL,250,MILLILITRES,SPECIALITE,FLACON,1355,1018,80,REMBOURSABLE
0000546,DAKIN COOPER SOL EXT FL/500ML,HYPOCHLORITE DE SODIUM,SOLUTION EXTERNE,500MG,ANTI-SEPTIQUE LOCAL,500,MILLILITRES,SPECIALITE,FLACON,1850,1850,80,REMBOURSABLE
0001415,HUMEX COLLUTOIRE,LIDOCAINE+BENZALKONIUM CHLORURE,SOLUTION POUR PULVERISATION BUCCALE,"0,30%/0,03%",ANTI-SEPTIQUE LOCAL,35,MILLILITRES,SPECIALITE,FLACON,2205,2205,80,REMBOURSABLE
0002348,AFTAGEL GEL BUC,LIDOCAINE+ZINC,GEL BUCCAL,"0,6%/0,5%",ANTI-SEPTIQUE LOCAL,15,GRAMMES,SPECIALITE,TUBE,2435,2435,80,REMBOURSABLE
0002405,AURIPAX SOL AUR,PHENAZONE+LIDOCAINE,SOLUTION AURICULAIRE,4%/1%,ANTI-SEPTIQUE LOCAL,15,MILLILITRES,GENERIQUE,FLACON,1575,1575,80,REMBOURSABLE
0002422,OTIPAX SOL AUR,PHENAZONE+LIDOCAINE,SOLUTION AURICULAIRE,4%/1%,ANTI-SEPTIQUE LOCAL,15,MILLILITRES,SPECIALITE,FLACON,1840,1840,80,REMBOURSABLE
0001398,"VITABACT COLLYRE 0,05%",PICLOXYDINE,COLLYRE,"0,05%",ANTI-SEPTIQUE LOCAL,10,MILLILITRES,SPECIALITE,FLACON,1055,1055,80,REMBOURSABLE
0001719,BETADINE GEL 10%,POLYVIDONE IODEE,GEL,10%,ANTI-SEPTIQUE LOCAL,30,GRAMMES,SPECIALITE,TUBE,1055,1055,80,REMBOURSABLE
0001728,BETADINE OVULE 250MG,POLYVIDONE IODEE,OVULE,250MG,ANTI-SEPTIQUE LOCAL,8,OVULES,SPECIALITE,BOITE,1410,1410,80,REMBOURSABLE
0001773,BETADINE VERT SOL BUC 10%,POLYVIDONE IODEE,SOLUTION BUCCALE,10%,ANTI-SEPTIQUE LOCAL,125,MILLILITRES,SPECIALITE,FLACON,1380,1380,80,REMBOURSABLE
0001779,BETADINE ROUGE SOL EXT 4%,POLYVIDONE IODEE,SOLUTION EXTERNE,4%,ANTI-SEPTIQUE LOCAL,125,MILLILITRES,SPECIALITE,FLACON,1205,1205,80,REMBOURSABLE
0001765,BETADINE JAUNE SOL EXT 10%,POLYVIDONE IODEE,SOLUTION EXTERNE,10%,ANTI-SEPTIQUE LOCAL,125,MILLILITRES,SPECIALITE,FLACON,1310,1310,80,REMBOURSABLE
C000142,POLYVIDONE IODEE SOL EXT 10%,POLYVIDONE IODEE,SOLUTION EXTERNE,10%,ANTI-SEPTIQUE LOCAL,200,MILLILITRES,CAMEG,FLACON,1200,1200,80,REMBOURSABLE
0001792,BETADINE BLEUE SOL GYN 10%,POLYVIDONE IODEE,SOLUTION GYNECOLOGIQUE,10%,ANTI-SEPTIQUE LOCAL,125,MILLILITRES,SPECIALITE,FLACON,1195,1195,80,REMBOURSABLE
0001755,BETADINE TULLE 10%,POLYVIDONE IODEE,PANSEMENT MEDICAMENTEUX,10%,ANTI-SEPTIQUE TOPIQUE,10,PANSEMENTS,SPECIALITE,BOITE,2390,2390,80,REMBOURSABLE
0000400,ATROPINE SOL INJ 1%,ATROPINE,SOLUTION INJECTABLE,1%,ANTI-SPASMODIQUE ANTI-CHOLINERGIQUE,1,AMPOULE,GENERIQUE,BOITE,760,760,80,REMBOURSABLE
C000121,ATROPINE SOL INJ 1%,ATROPINE,SOLUTION INJECTABLE,1%,ANTI-SPASMODIQUE ANTI-CHOLINERGIQUE,1,AMPOULE,CAMEG,BOITE,300,300,80,REMBOURSABLE
0001527,FRIDIAL SOL BUV 250MG,BROMURE DE PRIFINIUM,SOLUTION BUVABLE,250MG,ANTI-SPASMODIQUE ANTI-CHOLINERGIQUE,50,MILLILITRES,SPECIALITE,FLACON,4075,4075,80,REMBOURSABLE
C000170,BUTYLSCOPOLAMINE COMP 10MG BLISTER/10,BUTYLSCOPOLAMINE,COMPRIME,10MG,ANTI-SPASMODIQUE ANTI-CHOLINERGIQUE,10,COMPRIMES,CAMEG,BLISTER,450,450,80,REMBOURSABLE
C000174,BUTYLSCOPOLAMINE SOL INJ 20MG/ML,BUTYLSCOPOLAMINE,SOLUTION INJECTABLE,20MG/ML,ANTI-SPASMODIQUE ANTI-CHOLINERGIQUE,1,AMPOULE,CAMEG,BOITE,290,290,80,REMBOURSABLE
0002198,VISCERALGINE COMP 50MG,TIEMONIUM,COMPRIME,50MG,ANTI-SPASMODIQUE ANTI-CHOLINERGIQUE MUSCULOTROPE,30,COMPRIMES,SPECIALITE,BOITE,1800,1800,80,REMBOURSABLE
0002193,VISCERALGINE SIROP 10MG/5ML,TIEMONIUM,SIROP,10MG/5ML,ANTI-SPASMODIQUE ANTI-CHOLINERGIQUE MUSCULOTROPE,150,MILLILITRES,SPECIALITE,FLACON,1605,1605,80,REMBOURSABLE
0000267,VISCERALGINE SOL INJ 5MG/2ML,TIEMONIUM,SOLUTION INJECTABLE,5MG/2ML,ANTI-SPASMODIQUE ANTI-CHOLINERGIQUE MUSCULOTROPE,1,AMPOULE,SPECIALITE,BOITE,225,225,80,REMBOURSABLE
0002191,VISCERALGINE SUPPO 20MG,TIEMONIUM,SUPPOSITOIRE,20MG,ANTI-SPASMODIQUE ANTI-CHOLINERGIQUE MUSCULOTROPE,20,SUPPOSITOIRES,SPECIALITE,BOITE,1605,1605,80,REMBOURSABLE
0000486,NO-SPA COMP 40MG,DROTAVERINE,COMPRIME,40MG,ANTI-SPASMODIQUE MUSCULOTROPE,20,COMPRIMES,SPECIALITE,BOITE,1490,1320,80,REMBOURSABLE
0003858,REGULIX COMP 40MG,DROTAVERINE,COMPRIME,40MG,ANTI-SPASMODIQUE MUSCULOTROPE,20,COMPRIMES,GENERIQUE,BOITE,920,920,80,REMBOURSABLE
0004565,SPASMOTROY COMP 40MG,DROTAVERINE,COMPRIME,40MG,ANTI-SPASMODIQUE MUSCULOTROPE,20,COMPRIMES,GENERIQUE,BOITE,1320,1320,80,REMBOURSABLE
0000491,NO-SPA FORTE COMP 80MG,DROTAVERINE,COMPRIME,80MG,ANTI-SPASMODIQUE MUSCULOTROPE,20,COMPRIMES,SPECIALITE,BOITE,2985,2596,80,REMBOURSABLE
0003859,REGULIX COMP 80MG,DROTAVERINE,COMPRIME,80MG,ANTI-SPASMODIQUE MUSCULOTROPE,20,COMPRIMES,GENERIQUE,BOITE,1720,1720,80,REMBOURSABLE
0004566,SPASMOTROY COMP 80MG,DROTAVERINE,COMPRIME,80MG,ANTI-SPASMODIQUE MUSCULOTROPE,20,COMPRIMES,GENERIQUE,BOITE,2640,2596,80,REMBOURSABLE
0001390,NO-SPA SOL INJ 40MG/2ML,DROTAVERINE,SOLUTION INJECTABLE,40MG/2ML,ANTI-SPASMODIQUE MUSCULOTROPE,1,AMPOULE,SPECIALITE,BOITE,250,250,80,REMBOURSABLE
0004142,SPASMOTROY SOL INJ 40MG/2ML,DROTAVERINE,SOLUTION INJECTABLE,40MG/2ML,ANTI-SPASMODIQUE MUSCULOTROPE,1,AMPOULE,GENERIQUE,BOITE,230,230,80,REMBOURSABLE
0000458,DUSPATALIN GELULE 200MG,MEBEVERINE,GELULE,200MG,ANTI-SPASMODIQUE MUSCULOTROPE,30,GELULES,SPECIALITE,BOITE,3420,3420,80,REMBOURSABLE
0004085,SPASMOMEN COMP 25MG,OTILONIUM BROMURE,COMPRIME,25MG,ANTI-SPASMODIQUE MUSCULOTROPE,30,COMPRIMES,SPECIALITE,BOITE,5510,5510,80,REMBOURSABLE
0001196,KINAFON COMP 80MG,PHLOROGLUCINOL,COMPRIME,80MG,ANTI-SPASMODIQUE MUSCULOTROPE,30,COMPRIMES,GENERIQUE,BOITE,1625,1625,80,REMBOURSABLE
C000127,PHLOROGLUCINOL COMP 80MG BLISTER/10,PHLOROGLUCINOL,COMPRIME,80MG,ANTI-SPASMODIQUE MUSCULOTROPE,10,COMPRIMES,CAMEG,BLISTER,550,550,80,REMBOURSABLE
0003523,NEALGYL COMP ORODISP 80MG,PHLOROGLUCINOL,COMPRIME ORODISPERSIBLE,80MG,ANTI-SPASMODIQUE MUSCULOTROPE,10,COMPRIMES,GENERIQUE,BOITE,1895,1895,80,REMBOURSABLE
0004977,PERISPASM COMP ORODISP 80MG B/10,PHLOROGLUCINOL,COMPRIME ORODISPERSIBLE,80MG,ANTI-SPASMODIQUE MUSCULOTROPE,10,COMPRIMES,GENERIQUE,BOITE,1380,610,80,REMBOURSABLE
0004978,PERISPASM COMP ORODISP 80MG B/30,PHLOROGLUCINOL,COMPRIME ORODISPERSIBLE,80MG,ANTI-SPASMODIQUE MUSCULOTROPE,30,COMPRIMES,GENERIQUE,BOITE,2980,1830,80,REMBOURSABLE
0001203,SPASFON LYOC COMP 80MG,PHLOROGLUCINOL,COMPRIME ORODISPERSIBLE,80MG,ANTI-SPASMODIQUE MUSCULOTROPE,10,COMPRIMES,SPECIALITE,BOITE,2205,825,80,REMBOURSABLE
C000123,PHLOROGLUCINOL SOL INJ 40MG/2ML,PHLOROGLUCINOL,SOLUTION INJECTABLE,40MG/2ML,ANTI-SPASMODIQUE MUSCULOTROPE,1,AMPOULE,CAMEG,BOITE,570,570,80,REMBOURSABLE
0004976,SPASMOSYL SUPPO 150MG,PHLOROGLUCINOL,SUPPOSITOIRE,150MG,ANTI-SPASMODIQUE MUSCULOTROPE,10,SUPPOSITOIRES,GENERIQUE,BOITE,1720,1720,80,REMBOURSABLE
0001238,GYNOSPAN COMP 80MG/80MG,PHLOROGLUCINOL+TRIMETHYLPHLOROGLUCINOL,COMPRIME,80MG/80MG,ANTI-SPASMODIQUE MUSCULOTROPE,30,COMPRIMES,GENERIQUE,BOITE,1780,1780,80,REMBOURSABLE
0001210,SPASFON COMP 80MG/80MG,PHLOROGLUCINOL+TRIMETHYLPHLOROGLUCINOL,COMPRIME,80MG/80MG,ANTI-SPASMODIQUE MUSCULOTROPE,30,COMPRIMES,SPECIALITE,BOITE,1870,1870,80,REMBOURSABLE
0004277,SPASLESS COMP 80MG/80MG,PHLOROGLUCINOL+TRIMETHYLPHLOROGLUCINOL,COMPRIME,80MG/80MG,ANTI-SPASMODIQUE MUSCULOTROPE,30,COMPRIMES,GENERIQUE,BOITE,1850,1850,80,REMBOURSABLE
0004278,"SPASLESS SOL INJ 40MG/0,03MG",PHLOROGLUCINOL+TRIMETHYLPHLOROGLUCINOL,SOLUTION INJECTABLE,"40MG/0,03MG",ANTI-SPASMODIQUE MUSCULOTROPE,1,AMPOULE,GENERIQUE,BOITE,406,406,80,REMBOURSABLE
0003899,"SPASFON SOL INJ 40MG/0,04MG",PHLOROGLUCINOL+TRIMETHYLPHLOROGLUCINOL,SOLUTION INJECTABLE,"40MG/0,04MG",ANTI-SPASMODIQUE MUSCULOTROPE,1,AMPOULE,SPECIALITE,BOITE,415,415,80,REMBOURSABLE
0004763,"SPASMOSYL SOL INJ 40MG/0,04MG",PHLOROGLUCINOL+TRIMETHYLPHLOROGLUCINOL,SOLUTION INJECTABLE,"40MG/0,04MG",ANTI-SPASMODIQUE MUSCULOTROPE,1,AMPOULE,GENERIQUE,BOITE,345,345,80,REMBOURSABLE
0001265,GYNOSPAN SUPPO 150MG/150MG,PHLOROGLUCINOL+TRIMETHYLPHLOROGLUCINOL,SUPPOSITOIRE,150MG/150MG,ANTI-SPASMODIQUE MUSCULOTROPE,10,SUPPOSITOIRES,GENERIQUE,BOITE,2410,2410,80,REMBOURSABLE
0004275,KINAFON SUPPO 150MG/150MG,PHLOROGLUCINOL+TRIMETHYLPHLOROGLUCINOL,SUPPOSITOIRE,150MG/150MG,ANTI-SPASMODIQUE MUSCULOTROPE,10,SUPPOSITOIRES,GENERIQUE,BOITE,1780,1780,80,REMBOURSABLE
0001272,SPASFON SUPPO 150MG/150MG,PHLOROGLUCINOL+TRIMETHYLPHLOROGLUCINOL,SUPPOSITOIRE,150MG/150MG,ANTI-SPASMODIQUE MUSCULOTROPE,10,SUPPOSITOIRES,SPECIALITE,BOITE,1915,1915,80,REMBOURSABLE
0004276,SPASLESS SUPPO 150MG/150MG,PHLOROGLUCINOL+TRIMETHYLPHLOROGLUCINOL,SUPPOSITOIRE,150MG/150MG,ANTI-SPASMODIQUE MUSCULOTROPE,10,SUPPOSITOIRES,GENERIQUE,BOITE,1895,1895,80,REMBOURSABLE
0001429,DICETEL COMP 100MG,PINAVERIUM,COMPRIME,100MG,ANTI-SPASMODIQUE MUSCULOTROPE,30,COMPRIMES,SPECIALITE,BOITE,6360,6360,80,REMBOURSABLE
0005064,DEBRICOL COMP 100MG,TRIMEBUTINE,COMPRIME,100MG,ANTI-SPASMODIQUE MUSCULOTROPE,30,COMPRIMES,GENERIQUE,BOITE,2130,2130,80,REMBOURSABLE
0000582,DEBRIDAT COMP 100MG,TRIMEBUTINE,COMPRIME,100MG,ANTI-SPASMODIQUE MUSCULOTROPE,30,COMPRIMES,SPECIALITE,BOITE,4455,4455,80,REMBOURSABLE
0003421,TRIBUTINE GELULE 150MG,TRIMEBUTINE,GELULE,150MG,ANTI-SPASMODIQUE MUSCULOTROPE,20,GELULES,GENERIQUE,BOITE,3270,3270,80,REMBOURSABLE
0003422,TRIBUTINE SACHET 150MG,TRIMEBUTINE,POUDRE EN SACHET,150MG,ANTI-SPASMODIQUE MUSCULOTROPE,20,SACHETS,GENERIQUE,BOITE,3270,3270,80,REMBOURSABLE
0003493,"TRIBUTINE SUSP BUV 0,79%",TRIMEBUTINE,SUSPENSION BUVABLE,"0,79%",ANTI-SPASMODIQUE MUSCULOTROPE,250,MILLILITRES,GENERIQUE,FLACON,2240,2240,80,REMBOURSABLE
0001205,ASPEGIC SACHET 100MG,ACETYL SALICYLATE DE DL- LYSINE,POUDRE EN SACHET,100MG,ANTI-THROMBOTIQUE ANTI-AGREGANT PLAQUETTAIRE,20,SACHETS,SPECIALITE,BOITE,1195,1195,80,REMBOURSABLE
0000195,KARDEGIC SACHET 75MG,ACETYL SALICYLATE DE DL- LYSINE,POUDRE EN SACHET,75MG,ANTI-THROMBOTIQUE ANTI-AGREGANT PLAQUETTAIRE,30,SACHETS,SPECIALITE,BOITE,2215,2215,80,REMBOURSABLE
0000647,ASPIRINE COMP 100MG,ACIDE ACETYLSALICYLIQUE,COMPRIME,100MG,ANTI-THROMBOTIQUE ANTI-AGREGANT PLAQUETTAIRE,30,COMPRIMES,GENERIQUE,BOITE,1965,1965,80,REMBOURSABLE
0004006,CLOPRINE COMP 150MG/75MG,ACIDE ACETYLSALICYLIQUE+CLOPIDOGREL,COMPRIME,150MG/75MG,ANTI-THROMBOTIQUE ANTI-AGREGANT PLAQUETTAIRE,30,COMPRIMES,GENERIQUE,BOITE,4590,4590,80,TPC
0004614,INSTACLOP PLUS GELULE 75MG/75MG,ACIDE ACETYLSALICYLIQUE+CLOPIDOGREL,GELULE,75MG/75MG,ANTI-THROMBOTIQUE ANTI-AGREGANT PLAQUETTAIRE,30,GELULES,GENERIQUE,BOITE,8610,5049,80,TPC
0003475,ANTIPLATT COMP 75MG,CLOPIDOGREL,COMPRIME,75MG,ANTI-THROMBOTIQUE ANTI-AGREGANT PLAQUETTAIRE,30,COMPRIMES,GENERIQUE,BOITE,8035,8035,80,TPC
0004744,CLOPI DENK COMP 75MG,CLOPIDOGREL,COMPRIME,75MG,ANTI-THROMBOTIQUE ANTI-AGREGANT PLAQUETTAIRE,30,COMPRIMES,GENERIQUE,BOITE,7460,7460,80,TPC
0003792,INSTACLOP COMP 75MG,CLOPIDOGREL,COMPRIME,75MG,ANTI-THROMBOTIQUE ANTI-AGREGANT PLAQUETTAIRE,30,COMPRIMES,GENERIQUE,BOITE,7805,7805,80,TPC
0000433,PERSANTINE COMP 75MG,DIPYRIDAMOLE,COMPRIME,75MG,ANTI-THROMBOTIQUE ANTI-AGREGANT PLAQUETTAIRE,30,COMPRIMES,SPECIALITE,BOITE,2010,2010,80,ENTENTE PREALABLE
0003406,ENOXA SOL INJ 20MG,ENOXAPARINE,SOLUTION INJECTABLE,20MG,ANTI-THROMBOTIQUE ANTI-COAGULANT,2,AMPOULES,GENERIQUE,BOITE,4385,4385,80,ENTENTE PREALABLE
0001561,LOVENOX SOL INJ 20MG,ENOXAPARINE,SOLUTION INJECTABLE,20MG,ANTI-THROMBOTIQUE ANTI-COAGULANT,2,AMPOULES,SPECIALITE,BOITE,5130,5130,80,ENTENTE PREALABLE
0004521,NOVEX SOL INJ 20MG,ENOXAPARINE,SOLUTION INJECTABLE,20MG,ANTI-THROMBOTIQUE ANTI-COAGULANT,2,AMPOULES,GENERIQUE,BOITE,4475,4475,80,ENTENTE PREALABLE
0003386,ENOXA SOL INJ 40MG,ENOXAPARINE,SOLUTION INJECTABLE,40MG,ANTI-THROMBOTIQUE ANTI-COAGULANT,2,AMPOULES,GENERIQUE,BOITE,6600,6600,80,ENTENTE PREALABLE
0001566,LOVENOX SOL INJ 40MG,ENOXAPARINE,SOLUTION INJECTABLE,40MG,ANTI-THROMBOTIQUE ANTI-COAGULANT,2,AMPOULES,SPECIALITE,BOITE,7210,7210,80,ENTENTE PREALABLE
0004522,NOVEX SOL INJ 40MG,ENOXAPARINE,SOLUTION INJECTABLE,40MG,ANTI-THROMBOTIQUE ANTI-COAGULANT,2,AMPOULES,GENERIQUE,BOITE,6430,6430,80,ENTENTE PREALABLE
0001574,TROYNOXA SOL INJ 40MG,ENOXAPARINE,SOLUTION INJECTABLE,40MG,ANTI-THROMBOTIQUE ANTI-COAGULANT,1,AMPOULE,GENERIQUE,BOITE,3605,3605,80,ENTENTE PREALABLE
0003551,ENOXA SOL INJ 60MG,ENOXAPARINE,SOLUTION INJECTABLE,60MG,ANTI-THROMBOTIQUE ANTI-COAGULANT,2,AMPOULES,GENERIQUE,BOITE,8745,8745,80,ENTENTE PREALABLE
0001594,LOVENOX SOL INJ 60MG,ENOXAPARINE,SOLUTION INJECTABLE,60MG,ANTI-THROMBOTIQUE ANTI-COAGULANT,2,AMPOULES,SPECIALITE,BOITE,9575,9575,80,ENTENTE PREALABLE
0004523,NOVEX SOL INJ 60MG,ENOXAPARINE,SOLUTION INJECTABLE,60MG,ANTI-THROMBOTIQUE ANTI-COAGULANT,2,AMPOULES,GENERIQUE,BOITE,7645,7645,80,ENTENTE PREALABLE
0001601,TROYNOXA SOL INJ 60MG,ENOXAPARINE,SOLUTION INJECTABLE,60MG,ANTI-THROMBOTIQUE ANTI-COAGULANT,1,AMPOULE,GENERIQUE,BOITE,4785,4609,80,ENTENTE PREALABLE
0003565,ENOXA SOL INJ 80MG,ENOXAPARINE,SOLUTION INJECTABLE,80MG,ANTI-THROMBOTIQUE ANTI-COAGULANT,2,AMPOULES,GENERIQUE,BOITE,10150,10150,80,ENTENTE PREALABLE
0001608,LOVENOX SOL INJ 80MG,ENOXAPARINE,SOLUTION INJECTABLE,80MG,ANTI-THROMBOTIQUE ANTI-COAGULANT,2,AMPOULES,SPECIALITE,BOITE,11020,11020,80,ENTENTE PREALABLE
0004524,NOVEX SOL INJ 80MG,ENOXAPARINE,SOLUTION INJECTABLE,80MG,ANTI-THROMBOTIQUE ANTI-COAGULANT,2,AMPOULES,GENERIQUE,BOITE,8725,8725,80,ENTENTE PREALABLE
0004979,ARIXA COMP 10MG,RIVAROXABAN,COMPRIME,10MG,ANTI-THROMBOTIQUE ANTI-COAGULANT,30,COMPRIMES,GENERIQUE,BOITE,13775,13775,80,TPC
0004980,RIBAX COMP 10MG,RIVAROXABAN,COMPRIME,10MG,ANTI-THROMBOTIQUE ANTI-COAGULANT,10,COMPRIMES,GENERIQUE,BOITE,6255,6255,80,TPC
0004981,VAXATO COMP 10MG,RIVAROXABAN,COMPRIME,10MG,ANTI-THROMBOTIQUE ANTI-COAGULANT,10,COMPRIMES,GENERIQUE,BOITE,14920,9760,80,TPC
0004982,XARELTO COMP 10MG,RIVAROXABAN,COMPRIME,10MG,ANTI-THROMBOTIQUE ANTI-COAGULANT,10,COMPRIMES,SPECIALITE,BOITE,11480,9760,80,TPC
0004983,ARIXA COMP 15MG,RIVAROXABAN,COMPRIME,15MG,ANTI-THROMBOTIQUE ANTI-COAGULANT,30,COMPRIMES,GENERIQUE,BOITE,20985,20985,80,TPC
0004984,VAXATO COMP 15MG,RIVAROXABAN,COMPRIME,15MG,ANTI-THROMBOTIQUE ANTI-COAGULANT,30,COMPRIMES,GENERIQUE,BOITE,42465,28020,80,TPC
0004985,XARELTO COMP 15MG,RIVAROXABAN,COMPRIME,15MG,ANTI-THROMBOTIQUE ANTI-COAGULANT,14,COMPRIMES,SPECIALITE,BOITE,16070,16070,80,TPC
0004986,ARIXA COMP 20MG,RIVAROXABAN,COMPRIME,20MG,ANTI-THROMBOTIQUE ANTI-COAGULANT,30,COMPRIMES,GENERIQUE,BOITE,22960,22960,80,TPC
0004987,VAXATO COMP 20MG,RIVAROXABAN,COMPRIME,20MG,ANTI-THROMBOTIQUE ANTI-COAGULANT,30,COMPRIMES,GENERIQUE,BOITE,45920,28020,80,TPC
0004988,XARELTO COMP 20MG,RIVAROXABAN,COMPRIME,20MG,ANTI-THROMBOTIQUE ANTI-COAGULANT,14,COMPRIMES,SPECIALITE,BOITE,16070,16070,80,TPC
0000076,SINTROM COMP 4MG,ACENOCOUMAROL,COMPRIME,4MG,ANTI-THROMBOTIQUE AVK,30,COMPRIMES,SPECIALITE,BOITE,2550,1403,80,ENTENTE PREALABLE
0003785,PREVISCAN COMP 20MG,FLUINDIONE,COMPRIME,20MG,ANTI-THROMBOTIQUE AVK,30,COMPRIMES,SPECIALITE,BOITE,2960,2960,80,ENTENTE PREALABLE
0001370,LEVOTHYROX COMP 100µG,LEVOTHYROXINE,COMPRIME,100µG,ANTI-THYROIDIEN ANTI-TSH,30,COMPRIMES,SPECIALITE,BOITE,1815,1815,80,TPC
0004989,LEVOTHYROX COMP 125µG,LEVOTHYROXINE,COMPRIME,125µG,ANTI-THYROIDIEN ANTI-TSH,30,COMPRIMES,SPECIALITE,BOITE,2295,2295,80,TPC
0004991,LEVOTHYROX COMP 150µG,LEVOTHYROXINE,COMPRIME,150µG,ANTI-THYROIDIEN ANTI-TSH,30,COMPRIMES,SPECIALITE,BOITE,2765,2765,80,TPC
0001374,LEVOTHYROX COMP 25µG,LEVOTHYROXINE,COMPRIME,25µG,ANTI-THYROIDIEN ANTI-TSH,30,COMPRIMES,SPECIALITE,BOITE,470,470,80,TPC
0004990,LEVOTHYROX COMP 50µG,LEVOTHYROXINE,COMPRIME,50µG,ANTI-THYROIDIEN ANTI-TSH,30,COMPRIMES,SPECIALITE,BOITE,920,920,80,TPC
0001378,LEVOTHYROX COMP 75µG,LEVOTHYROXINE,COMPRIME,75µG,ANTI-THYROIDIEN ANTI-TSH,28,COMPRIMES,SPECIALITE,BOITE,1365,1365,80,TPC
0004993,CARBIGEN COMP 20MG,CARBIMAZOLE,COMPRIME,20MG,ANTI-THYROIDIEN STIMULANT TSH,30,COMPRIMES,GENERIQUE,BOITE,2295,2295,80,TPC
0001935,NEO MERCAZOLE COMP 20MG,CARBIMAZOLE,COMPRIME,20MG,ANTI-THYROIDIEN STIMULANT TSH,30,COMPRIMES,SPECIALITE,BOITE,4420,4420,80,TPC
0004992,CARBIGEN COMP 5MG,CARBIMAZOLE,COMPRIME,5MG,ANTI-THYROIDIEN STIMULANT TSH,30,COMPRIMES,GENERIQUE,BOITE,1180,1180,80,TPC
0001946,NEO MERCAZOLE COMP 5MG,CARBIMAZOLE,COMPRIME,5MG,ANTI-THYROIDIEN STIMULANT TSH,50,COMPRIMES,SPECIALITE,BOITE,3405,3405,80,TPC
0004715,THYROZOL COMP 20MG,THIAMAZOLE,COMPRIME,20MG,ANTI-THYROIDIEN STIMULANT TSH,30,COMPRIMES,SPECIALITE,BOITE,2585,2585,80,TPC
0004994,PULMODEXANE COMP 30MG,DEXTROMETHORPHANE,COMPRIME,30MG,ANTI-TUSSIF,12,COMPRIMES,SPECIALITE,BOITE,1470,144,80,REMBOURSABLE
0003366,TUSSIDANE SANS SUCRE SIROP,DEXTROMETHORPHANE,SIROP,"1,5MG/ML",ANTI-TUSSIF,125,MILLILITRES,GENERIQUE,FLACON,1490,1490,80,REMBOURSABLE
0000907,DIACOL SIROP,DEXTROMETHORPHANE,SIROP,27MG/15ML,ANTI-TUSSIF,200,MILLILITRES,GENERIQUE,FLACON,2390,2390,80,REMBOURSABLE
0000914,CALTOUX ENFANT SIROP,DEXTROMETHORPHANE,SIROP,5MG/5ML,ANTI-TUSSIF,100,MILLILITRES,GENERIQUE,FLACON,1050,1050,80,REMBOURSABLE
0000921,CALTOUX ADULTE SIROP,DEXTROMETHORPHANE,SIROP,"6,65MG/5ML",ANTI-TUSSIF,100,MILLILITRES,GENERIQUE,FLACON,1400,1400,80,REMBOURSABLE
0000306,HELICIDINE SIROP F/125ML,HELICIDINE,SIROP,10%,ANTI-TUSSIF,125,MILLILITRES,SPECIALITE,FLACON,1640,1625,80,REMBOURSABLE
0001637,HELICIDINE SIROP FL/250ML,HELICIDINE,SIROP,10%,ANTI-TUSSIF,250,MILLILITRES,SPECIALITE,FLACON,2975,2975,80,REMBOURSABLE
0004586,ACILOC SOL INJ 50MG/2ML,RANITIDINE,SOLUTION INJECTABLE,50MG/2ML,ANTI-ULCEREUX ANTI-H2,1,AMPOULE,GENERIQUE,BOITE,715,715,80,REMBOURSABLE
0004141,PANCI-D COMP 40MG/10MG B/10,PANTOPRAZOLE+DOMPERIDONE,COMPRIME,40MG/10MG,ANTI-ULCEREUX ANTI-REFLUX ASSOCIATION IPP+ANTI-DOPAMINERGIQUE,10,COMPRIMES,GENERIQUE,BOITE,2105,2090,80,REMBOURSABLE
0004659,PANCI-D COMP 40MG/10MG B/30,PANTOPRAZOLE+DOMPERIDONE,COMPRIME,40MG/10MG,ANTI-ULCEREUX ANTI-REFLUX ASSOCIATION IPP+ANTI-DOPAMINERGIQUE,30,COMPRIMES,GENERIQUE,BOITE,6315,6270,80,REMBOURSABLE
0000090,UPRADONE GELULE 40MG/30MG,PANTOPRAZOLE+DOMPERIDONE,GELULE,40MG/30MG,ANTI-ULCEREUX ANTI-REFLUX ASSOCIATION IPP+ANTI-DOPAMINERGIQUE,30,GELULES,SPECIALITE,BOITE,12170,12170,80,REMBOURSABLE
0003393,RABETOK-D GELULE 20MG/30MG,RABEPRAZOLE+DOMPERIDONE,GELULE,20MG/30MG,ANTI-ULCEREUX ANTI-REFLUX ASSOCIATION IPP+ANTI-DOPAMINERGIQUE,30,GELULES,GENERIQUE,BOITE,6360,6360,80,REMBOURSABLE
0001143,ULCAR SACHET 1000MG,SUCRALFATE,SUSPENSION BUVABLE EN SACHET,1000MG,ANTI-ULCEREUX CYTOPROTECTEUR GASTRIQUE,30,SACHETS,SPECIALITE,BOITE,6545,6545,80,REMBOURSABLE
0001701,INEXIUM COMP 20MG,ESOMEPRAZOLE,COMPRIME,20MG,ANTI-ULCEREUX IPP,14,COMPRIMES,SPECIALITE,BOITE,5820,4125,80,REMBOURSABLE
0003826,INIGAST COMP 20MG,ESOMEPRAZOLE,COMPRIME,20MG,ANTI-ULCEREUX IPP,30,COMPRIMES,GENERIQUE,BOITE,6315,6315,80,REMBOURSABLE
0004530,OPTON COMP 20MG,ESOMEPRAZOLE,COMPRIME,20MG,ANTI-ULCEREUX IPP,30,COMPRIMES,GENERIQUE,BOITE,5050,5050,80,REMBOURSABLE
0003474,ESOMED COMP 40MG,ESOMEPRAZOLE,COMPRIME,40MG,ANTI-ULCEREUX IPP,30,COMPRIMES,GENERIQUE,BOITE,6890,6890,80,REMBOURSABLE
0001706,INEXIUM COMP 40MG,ESOMEPRAZOLE,COMPRIME,40MG,ANTI-ULCEREUX IPP,14,COMPRIMES,SPECIALITE,BOITE,6510,3542,80,REMBOURSABLE
0003827,INIGAST COMP 40MG,ESOMEPRAZOLE,COMPRIME,40MG,ANTI-ULCEREUX IPP,30,COMPRIMES,GENERIQUE,BOITE,7460,7460,80,REMBOURSABLE
0004996,ESPRAZIM GELULE 40MG,ESOMEPRAZOLE,GELULE,40MG,ANTI-ULCEREUX IPP,30,GELULES,GENERIQUE,BOITE,1995,1995,80,REMBOURSABLE
0005073,RUGDAL GELULE 40MG,ESOMEPRAZOLE,GELULE,40MG,ANTI-ULCEREUX IPP,30,GELULES,GENERIQUE,BOITE,3825,3825,80,REMBOURSABLE
0004147,ESOMED PDRE SOL INJ 40MG,ESOMEPRAZOLE,POUDRE POUR SOLUTION INJECTABLE,40MG,ANTI-ULCEREUX IPP,1,FLACON,GENERIQUE,BOITE,4020,4020,80,REMBOURSABLE
0001208,LOMET GELULE  15MG B/14,LANSOPRAZOLE,GELULE,15MG,ANTI-ULCEREUX IPP,14,GELULES,GENERIQUE,BOITE,1490,1490,80,REMBOURSABLE
0001223,LOMET GELULE 15MG B/28,LANSOPRAZOLE,GELULE,15MG,ANTI-ULCEREUX IPP,28,GELULES,GENERIQUE,BOITE,2870,2870,80,REMBOURSABLE
0001230,LANSEC CAPS 30MG,LANSOPRAZOLE,GELULE,30MG,ANTI-ULCEREUX IPP,14,GELULES,GENERIQUE,BOITE,690,690,80,REMBOURSABLE
0001221,LOMET GELULE 30MG B/14,LANSOPRAZOLE,GELULE,30MG,ANTI-ULCEREUX IPP,14,GELULES,GENERIQUE,BOITE,1490,1490,80,REMBOURSABLE
0001219,LOMET GELULE 30MG B/7,LANSOPRAZOLE,GELULE,30MG,ANTI-ULCEREUX IPP,7,GELULES,GENERIQUE,BOITE,1265,820,80,REMBOURSABLE
0004211,OZAPRAL GELULE 30MG,LANSOPRAZOLE,GELULE,30MG,ANTI-ULCEREUX IPP,30,GELULES,GENERIQUE,BOITE,6085,3513,80,REMBOURSABLE
0001961,IPEPRAZOLE COMP 20MG,OMEPRAZOLE,COMPRIME,20MG,ANTI-ULCEREUX IPP,14,COMPRIMES,GENERIQUE,BOITE,1490,1490,80,REMBOURSABLE
0003353,OMEPRAZOLE UBI COMP 20MG BLISTER/10,OMEPRAZOLE,COMPRIME,20MG,ANTI-ULCEREUX IPP,7,COMPRIMES,GENERIQUE,BLISTER,1345,1325,80,REMBOURSABLE
0003806,CAPRAZOLE GELULE 20MG,OMEPRAZOLE,GELULE,20MG,ANTI-ULCEREUX IPP,30,GELULES,GENERIQUE,BOITE,4900,4900,80,REMBOURSABLE
0002015,DAFRAZOL CAPS 20MG B/14,OMEPRAZOLE,GELULE,20MG,ANTI-ULCEREUX IPP,14,GELULES,GENERIQUE,BOITE,2065,2065,80,REMBOURSABLE
0004758,DAFRAZOL CAPS 20MG B/28,OMEPRAZOLE,GELULE,20MG,ANTI-ULCEREUX IPP,28,GELULES,GENERIQUE,BOITE,3790,3790,80,REMBOURSABLE
0002037,GASPRAL GELULE 20MG,OMEPRAZOLE,GELULE,20MG,ANTI-ULCEREUX IPP,30,GELULES,GENERIQUE,BOITE,5165,5165,80,REMBOURSABLE
0003606,IPOZOLE GELULE 20MG B/10,OMEPRAZOLE,GELULE,20MG,ANTI-ULCEREUX IPP,10,GELULES,GENERIQUE,BOITE,1150,1150,80,REMBOURSABLE
0003471,IPOZOLE GELULE 20MG B/30,OMEPRAZOLE,GELULE,20MG,ANTI-ULCEREUX IPP,30,GELULES,GENERIQUE,BOITE,3445,3445,80,REMBOURSABLE
0002133,LOMAC GELULE 20MG,OMEPRAZOLE,GELULE,20MG,ANTI-ULCEREUX IPP,14,GELULES,GENERIQUE,BOITE,1380,1380,80,REMBOURSABLE
0002121,OEDES GELULE 20MG,OMEPRAZOLE,GELULE,20MG,ANTI-ULCEREUX IPP,14,GELULES,GENERIQUE,BOITE,3260,2508,80,REMBOURSABLE
0002049,OMEGEN GELULE 20MG B/14,OMEPRAZOLE,GELULE,20MG,ANTI-ULCEREUX IPP,14,GELULES,GENERIQUE,BOITE,1495,1495,80,REMBOURSABLE
0002001,OMEGEN GELULE 20MG B/7,OMEPRAZOLE,GELULE,20MG,ANTI-ULCEREUX IPP,7,GELULES,GENERIQUE,BOITE,1265,1265,80,REMBOURSABLE
0001968,OMEPRAL GELULE 20MG,OMEPRAZOLE,GELULE,20MG,ANTI-ULCEREUX IPP,28,GELULES,GENERIQUE,BOITE,5740,5298,80,REMBOURSABLE
C000038,OMEPRAZOLE GELULE 20MG BLISTER/10,OMEPRAZOLE,GELULE,20MG,ANTI-ULCEREUX IPP,10,GELULES,CAMEG,BLISTER,2250,2250,80,REMBOURSABLE
0002063,OMEZYN GELULE 20MG,OMEPRAZOLE,GELULE,20MG,ANTI-ULCEREUX IPP,15,GELULES,GENERIQUE,BOITE,3185,2838,80,REMBOURSABLE
0004797,OMIZ GELULE 20MG B/14,OMEPRAZOLE,GELULE,20MG,ANTI-ULCEREUX IPP,14,GELULES,GENERIQUE,BOITE,2585,2585,80,REMBOURSABLE
0004798,OMIZ GELULE 20MG B/28,OMEPRAZOLE,GELULE,20MG,ANTI-ULCEREUX IPP,28,GELULES,GENERIQUE,BOITE,4475,4475,80,REMBOURSABLE
0002083,OMPRANYT GELULE 20MG,OMEPRAZOLE,GELULE,20MG,ANTI-ULCEREUX IPP,14,GELULES,GENERIQUE,BOITE,3445,2649,80,REMBOURSABLE
0002127,PRAZOL GELULE 20MG,OMEPRAZOLE,GELULE,20MG,ANTI-ULCEREUX IPP,28,GELULES,GENERIQUE,BOITE,5165,5165,80,REMBOURSABLE
0002104,PROTON GELULE 20MG B/14,OMEPRAZOLE,GELULE,20MG,ANTI-ULCEREUX IPP,14,GELULES,GENERIQUE,BOITE,3090,2649,80,REMBOURSABLE
0004649,PROTON GELULE 20MG B/28,OMEPRAZOLE,GELULE,20MG,ANTI-ULCEREUX IPP,28,GELULES,GENERIQUE,BOITE,4360,4360,80,REMBOURSABLE
0003864,SEZOL GELULE 20MG,OMEPRAZOLE,GELULE,20MG,ANTI-ULCEREUX IPP,30,GELULES,GENERIQUE,BOITE,3445,3445,80,REMBOURSABLE
0004253,SOLCER SR GELULE 20MG,OMEPRAZOLE,GELULE,20MG,ANTI-ULCEREUX IPP,20,GELULES,GENERIQUE,BOITE,4595,3784,80,REMBOURSABLE
0003481,ULCIZONE GELULE 20MG,OMEPRAZOLE,GELULE,20MG,ANTI-ULCEREUX IPP,14,GELULES,GENERIQUE,BOITE,2870,2649,80,REMBOURSABLE
0005093,ASMOZOL PDRE INJ 40MG,OMEPRAZOLE,POUDRE POUR SOLUTION INJECTABLE,40MG,ANTI-ULCEREUX IPP,1,FLACON,GENERIQUE,BOITE,3215,2173,80,REMBOURSABLE
0004455,DAFRAZOL PDRE SOL INJ 40MG,OMEPRAZOLE,POUDRE POUR SOLUTION INJECTABLE,40MG,ANTI-ULCEREUX IPP,1,FLACON,GENERIQUE,BOITE,3215,2173,80,REMBOURSABLE
0004252,GASPRAL PDRE SOL INJ 40MG,OMEPRAZOLE,POUDRE POUR SOLUTION INJECTABLE,40MG,ANTI-ULCEREUX IPP,1,FLACON,GENERIQUE,BOITE,2630,2173,80,REMBOURSABLE
0003890,IPPROTON PDRE SOL INJ 40MG,OMEPRAZOLE,POUDRE POUR SOLUTION INJECTABLE,40MG,ANTI-ULCEREUX IPP,1,FLACON,GENERIQUE,BOITE,3330,2173,80,REMBOURSABLE
0004491,IVEPRAL PDRE SOL INJ 40MG,OMEPRAZOLE,POUDRE POUR SOLUTION INJECTABLE,40MG,ANTI-ULCEREUX IPP,1,FLACON,GENERIQUE,BOITE,1575,1575,80,REMBOURSABLE
0002140,LOMAC PDRE SOL INJ 40MG,OMEPRAZOLE,POUDRE POUR SOLUTION INJECTABLE,40MG,ANTI-ULCEREUX IPP,1,FLACON,GENERIQUE,BOITE,2300,2173,80,REMBOURSABLE
C000413,OMEPRAZOLE PDRE SOL INJ 40MG,OMEPRAZOLE,POUDRE POUR SOLUTION INJECTABLE,40MG,ANTI-ULCEREUX IPP,1,FLACON,CAMEG,BOITE,3455,2173,80,REMBOURSABLE
0003496,SOLCER PDRE SOL INJ 40MG,OMEPRAZOLE,POUDRE POUR SOLUTION INJECTABLE,40MG,ANTI-ULCEREUX IPP,1,FLACON,GENERIQUE,BOITE,3445,2173,80,REMBOURSABLE
0004745,PAN COMP 20MG,PANTOPRAZOLE,COMPRIME,20MG,ANTI-ULCEREUX IPP,10,COMPRIMES,GENERIQUE,BOITE,1435,1435,80,REMBOURSABLE
0003852,PANTO DENK COMP 20MG,PANTOPRAZOLE,COMPRIME,20MG,ANTI-ULCEREUX IPP,28,COMPRIMES,GENERIQUE,BOITE,3905,3905,80,REMBOURSABLE
0003462,ALCER COMP 40MG,PANTOPRAZOLE,COMPRIME,40MG,ANTI-ULCEREUX IPP,30,COMPRIMES,GENERIQUE,BOITE,6890,6890,80,REMBOURSABLE
0005037,ALDEPRAZ COMP 40MG,PANTOPRAZOLE,COMPRIME,40MG,ANTI-ULCEREUX IPP,30,COMPRIMES,GENERIQUE,BOITE,3285,3285,80,REMBOURSABLE
0004746,PAN COMP 40MG,PANTOPRAZOLE,COMPRIME,40MG,ANTI-ULCEREUX IPP,10,COMPRIMES,GENERIQUE,BOITE,2295,2295,80,REMBOURSABLE
0003853,PANTO DENK COMP 40MG,PANTOPRAZOLE,COMPRIME,40MG,ANTI-ULCEREUX IPP,28,COMPRIMES,GENERIQUE,BOITE,6315,6315,80,REMBOURSABLE
0004728,PANTONEX DR COMP 40MG,PANTOPRAZOLE,COMPRIME,40MG,ANTI-ULCEREUX IPP,30,COMPRIMES,GENERIQUE,BOITE,3330,3330,80,REMBOURSABLE
0004576,TROYPANTO COMP 40MG,PANTOPRAZOLE,COMPRIME,40MG,ANTI-ULCEREUX IPP,10,COMPRIMES,GENERIQUE,BOITE,1720,1720,80,REMBOURSABLE
0004533,PANCI PDRE SOL INJ 40MG,PANTOPRAZOLE,POUDRE POUR SOLUTION INJECTABLE,40MG,ANTI-ULCEREUX IPP,1,FLACON,GENERIQUE,BOITE,2010,2010,80,REMBOURSABLE
0004803,PANTOPRAZOLE FRILAB PDRE SOL INJ 40MG,PANTOPRAZOLE,POUDRE POUR SOLUTION INJECTABLE,40MG,ANTI-ULCEREUX IPP,1,FLACON,GENERIQUE,BOITE,2560,2560,80,REMBOURSABLE
0004258,UPRAJECT PDRE SOL INJ 40MG,PANTOPRAZOLE,POUDRE POUR SOLUTION INJECTABLE,40MG,ANTI-ULCEREUX IPP,1,FLACON,GENERIQUE,BOITE,4020,3399,80,REMBOURSABLE
0003618,FIZO COMP 20MG B/10,RABEPRAZOLE,COMPRIME,20MG,ANTI-ULCEREUX IPP,10,COMPRIMES,GENERIQUE,BOITE,1725,1439,80,REMBOURSABLE
0003685,FIZO COMP 20MG B/30,RABEPRAZOLE,COMPRIME,20MG,ANTI-ULCEREUX IPP,30,COMPRIMES,GENERIQUE,BOITE,4305,4305,80,REMBOURSABLE
0004545,RABELOC COMP 20MG,RABEPRAZOLE,COMPRIME,20MG,ANTI-ULCEREUX IPP,10,COMPRIMES,GENERIQUE,BOITE,3150,1439,80,REMBOURSABLE
0000249,RABEMAC COMP 20MG,RABEPRAZOLE,COMPRIME,20MG,ANTI-ULCEREUX IPP,14,COMPRIMES,GENERIQUE,BOITE,4020,1439,80,REMBOURSABLE
0003564,RABETOK COMP 20MG,RABEPRAZOLE,COMPRIME,20MG,ANTI-ULCEREUX IPP,30,COMPRIMES,GENERIQUE,BOITE,3925,3925,80,REMBOURSABLE
0000089,TANGANIL COMP 500MG,ACETYL LEUCINE,COMPRIME,500MG,ANTI-VERTIGINEUX,30,COMPRIMES,SPECIALITE,BOITE,3525,3525,80,REMBOURSABLE
0003903,TANGANIL SOL INJ 500MG,ACETYL LEUCINE,SOLUTION INJECTABLE,500MG,ANTI-VERTIGINEUX,1,AMPOULE,SPECIALITE,BOITE,410,410,80,REMBOURSABLE
0001182,BETASERC COMP 24MG,BETAHISTINE,COMPRIME,24MG,ANTI-VERTIGINEUX,60,COMPRIMES,SPECIALITE,BOITE,7885,7885,80,REMBOURSABLE
0001187,SERC COMP 8MG,BETAHISTINE,COMPRIME,8MG,ANTI-VERTIGINEUX,90,COMPRIMES,SPECIALITE,BOITE,6280,6280,80,REMBOURSABLE
0000216,ACYCLOVIR DENK COMP 200MG,ACICLOVIR,COMPRIME,200MG,ANTI-VIRAL,25,COMPRIMES,GENERIQUE,BOITE,7530,6092,80,REMBOURSABLE
0000237,ALVIR COMP 200MG,ACICLOVIR,COMPRIME,200MG,ANTI-VIRAL,30,COMPRIMES,GENERIQUE,BOITE,6645,6645,80,REMBOURSABLE
0004651,CICLOVIRAL COMP 200MG,ACICLOVIR,COMPRIME,200MG,ANTI-VIRAL,25,COMPRIMES,GENERIQUE,BOITE,4800,4800,80,REMBOURSABLE
0000234,ZOVIRAX COMP 200MG,ACICLOVIR,COMPRIME,200MG,ANTI-VIRAL,25,COMPRIMES,SPECIALITE,BOITE,19080,6092,80,REMBOURSABLE
0004652,CICLOVIRAL COMP 400MG,ACICLOVIR,COMPRIME,400MG,ANTI-VIRAL,25,COMPRIMES,GENERIQUE,BOITE,6600,6600,80,REMBOURSABLE
0000829,WARIVIRON COMP 400MG,ACICLOVIR,COMPRIME,400MG,ANTI-VIRAL,35,COMPRIMES,GENERIQUE,BOITE,14810,14810,80,REMBOURSABLE
0001519,STAVIRAL GELULE,ALLO SECURININE,GELULE,200MG,ANTI-VIRAL,30,GELULES,SPECIALITE,BOITE,4390,4169,80,REMBOURSABLE
0001523,STAVIRAL SIROP,ALLO SECURININE,SIROP,5G,ANTI-VIRAL,100,MILLILITRES,SPECIALITE,FLACON,4390,4169,80,REMBOURSABLE
0001702,ZELITREX COMP 500MG,VALACICLOVIR,COMPRIME,500MG,ANTI-VIRAL,10,COMPRIMES,SPECIALITE,BOITE,15405,15405,80,ENTENTE PREALABLE
0004997,GENTOVIR COMP 300MG,TENOFOVIR,COMPRIME,300MG,ANTI-VIRAL ANTI-HEPATITE B,30,COMPRIMES,GENERIQUE,BOITE,7460,5470,80,ENTENTE PREALABLE
C000418,TENOFOVIR COMP 300MG,TENOFOVIR,COMPRIME,300MG,ANTI-VIRAL ANTI-HEPATITE B,30,COMPRIMES,CAMEG,BOITE,5470,5470,80,ENTENTE PREALABLE
0004999,TENOVIR COMP 300MG,TENOFOVIR,COMPRIME,300MG,ANTI-VIRAL ANTI-HEPATITE B,30,COMPRIMES,GENERIQUE,BOITE,5830,5470,80,ENTENTE PREALABLE
0004408,DAKASVIR COMP 60MG,DACLATASVIR,COMPRIME,60MG,ANTI-VIRAL ANTI-HEPATITE C,28,COMPRIMES,GENERIQUE,BOITE,143500,126269,80,ENTENTE PREALABLE
0004407,DASVIR COMP 60MG,DACLATASVIR,COMPRIME,60MG,ANTI-VIRAL ANTI-HEPATITE C,28,COMPRIMES,GENERIQUE,BOITE,80350,80350,80,ENTENTE PREALABLE
0004409,SOFOPAS COMP 90MG/400MG,LEDIPASVIR+SOFOSBUVIR,COMPRIME,90MG/400MG,ANTI-VIRAL ANTI-HEPATITE C,28,COMPRIMES,GENERIQUE,BOITE,442000,442000,80,ENTENTE PREALABLE
0004406,SOFOS COMP 400MG,SOFOSBUVIR,COMPRIME,400MG,ANTI-VIRAL ANTI-HEPATITE C,28,COMPRIMES,GENERIQUE,BOITE,199990,199990,80,ENTENTE PREALABLE
0004405,SSB COMP 400MG,SOFOSBUVIR,COMPRIME,400MG,ANTI-VIRAL ANTI-HEPATITE C,28,COMPRIMES,GENERIQUE,BOITE,229600,229600,80,ENTENTE PREALABLE
0005050,SOFO-VEL COMP 100MG/400MG,VELPATASVIR+SOFOSBUVIR,COMPRIME,100MG/400MG,ANTI-VIRAL ANTI-HEPATITE C,28,COMPRIMES,GENERIQUE,BOITE,109055,109055,80,ENTENTE PREALABLE
0004403,VELSO COMP 100MG/400MG,VELPATASVIR+SOFOSBUVIR,COMPRIME,100MG/400MG,ANTI-VIRAL ANTI-HEPATITE C,28,COMPRIMES,GENERIQUE,BOITE,172190,172190,80,ENTENTE PREALABLE
0000819,ACYCLOVIR DENK CREME 5%,ACICLOVIR,CREME,5%,ANTI-VIRAL LOCAL,5,GRAMMES,GENERIQUE,TUBE,3100,3100,80,REMBOURSABLE
0000250,ALVIR CREME 5%,ACICLOVIR,CREME,5%,ANTI-VIRAL LOCAL,15,GRAMMES,GENERIQUE,Tube,2870,2870,80,REMBOURSABLE
0004650,CICLOVIRAL CREME 5%,ACICLOVIR,CREME,5%,ANTI-VIRAL LOCAL,10,GRAMMES,GENERIQUE,TUBE,5200,5200,80,REMBOURSABLE
0000804,ZOVIRAX CREME 5%,ACICLOVIR,CREME,5%,ANTI-VIRAL LOCAL,10,GRAMMES,SPECIALITE,TUBE,13650,6820,80,REMBOURSABLE
0000785,ZOVIRAX PDE OPHTA 3%,ACICLOVIR,POMMADE OPHTALMIQUE,3%,ANTI-VIRAL LOCAL,5,GRAMMES,SPECIALITE,TUBE,5945,5945,80,REMBOURSABLE
0000525,ATARAX COMP 25MG,HYDROXYZINE,COMPRIME,25MG,ANXIOLYTIQUE HYPNOTIQUE ANTI-H1,30,COMPRIMES,SPECIALITE,BOITE,1870,1870,80,REMBOURSABLE
0000537,ATARAX 10MG/5ML SOL BUV,HYDROXYZINE,SOLUTION BUVABLE,10MG/5ML,ANXIOLYTIQUE HYPNOTIQUE ANTI-H1,200,MILLILITRES,SPECIALITE,FLACON,1995,1995,80,REMBOURSABLE
0003915,ATARAX SOL INJ 100MG,HYDROXYZINE,SOLUTION INJECTABLE,100MG,ANXIOLYTIQUE HYPNOTIQUE ANTI-H1,1,AMPOULE,SPECIALITE,BOITE,335,335,80,REMBOURSABLE
0005001,"ALPRAZOLAM COMP 0,5MG",ALPRAZOLAM,COMPRIME,"0,5MG",ANXIOLYTIQUE HYPNOTIQUE BENZODIAZEPINE,30,COMPRIMES,GENERIQUE,BOITE,975,975,80,REMBOURSABLE
0005002,"ALPRAZOLAM COMP 0,5MG",ALPRAZOLAM,COMPRIME,"0,5MG",ANXIOLYTIQUE HYPNOTIQUE BENZODIAZEPINE,30,COMPRIMES,GENERIQUE,BOITE,1680,1680,80,REMBOURSABLE
0001625,"XANAX COMP 0,5MG",ALPRAZOLAM,COMPRIME,"0,5MG",ANXIOLYTIQUE HYPNOTIQUE BENZODIAZEPINE,30,COMPRIMES,SPECIALITE,BOITE,2515,2515,80,REMBOURSABLE
0001411,LEXOMIL COMP 6MG,BROMAZEPAM,COMPRIME,6MG,ANXIOLYTIQUE HYPNOTIQUE BENZODIAZEPINE,30,COMPRIMES,SPECIALITE,BOITE,2970,2970,80,REMBOURSABLE
0001516,URBANYL COMP 10MG,CLOBAZAM,COMPRIME,10MG,ANXIOLYTIQUE HYPNOTIQUE BENZODIAZEPINE,30,COMPRIMES,SPECIALITE,BOITE,2845,2845,80,REMBOURSABLE
0001542,RIVOTRIL COMP 2MG,CLONAZEPAM,COMPRIME,2MG,ANXIOLYTIQUE HYPNOTIQUE BENZODIAZEPINE,40,COMPRIMES,SPECIALITE,BOITE,1660,1660,80,ENTENTE PREALABLE
0001547,"RIVOTRIL GTTE BUV 2,5MG/ML",CLONAZEPAM,GOUTTE BUVABLE,"2,5MG/ML",ANXIOLYTIQUE HYPNOTIQUE BENZODIAZEPINE,20,MILLILITRES,SPECIALITE,FLACON,1960,1960,80,ENTENTE PREALABLE
0003894,RIVOTRIL SOL INJ 1MG/ML,CLONAZEPAM,SOLUTION INJECTABLE,1MG/ML,ANXIOLYTIQUE HYPNOTIQUE BENZODIAZEPINE,1,AMPOULE,SPECIALITE,BOITE,675,675,80,REMBOURSABLE
0005003,TRANXENE GELULE 10MG,CLORAZEPATE,GELULE,10MG,ANXIOLYTIQUE HYPNOTIQUE BENZODIAZEPINE,30,GELULES,SPECIALITE,BOITE,1860,1860,80,REMBOURSABLE
0001083,TRANXENE GELULE 5MG,CLORAZEPATE,GELULE,5MG,ANXIOLYTIQUE HYPNOTIQUE BENZODIAZEPINE,30,GELULES,SPECIALITE,BOITE,1125,1125,80,REMBOURSABLE
0004355,TRANXENE SOL INJ 50MG,CLORAZEPATE,SOLUTION INJECTABLE,50MG,ANXIOLYTIQUE HYPNOTIQUE BENZODIAZEPINE,1,AMPOULE,SPECIALITE,BOITE,3425,3425,80,REMBOURSABLE
0000958,VALIUM COMP 10MG,DIAZEPAM,COMPRIME,10MG,ANXIOLYTIQUE HYPNOTIQUE BENZODIAZEPINE,30,COMPRIMES,SPECIALITE,BOITE,1495,1495,80,REMBOURSABLE
C000048,DIAZEPAM COMP 5MG BLISTER/10,DIAZEPAM,COMPRIME,5MG,ANXIOLYTIQUE HYPNOTIQUE BENZODIAZEPINE,10,COMPRIMES,CAMEG,BLISTER,120,120,80,REMBOURSABLE
0000946,VALIUM COMP 5MG,DIAZEPAM,COMPRIME,5MG,ANXIOLYTIQUE HYPNOTIQUE BENZODIAZEPINE,40,COMPRIMES,SPECIALITE,BOITE,920,220,80,REMBOURSABLE
0000937,VALIUM GTTE BUV 1%,DIAZEPAM,GOUTTE BUVABLE,1%,ANXIOLYTIQUE HYPNOTIQUE BENZODIAZEPINE,20,MILLILITRES,SPECIALITE,FLACON,2365,2365,80,REMBOURSABLE
0000954,VALIUM SOL INJ 10MG,DIAZEPAM,SOLUTION INJECTABLE,10MG,ANXIOLYTIQUE HYPNOTIQUE BENZODIAZEPINE,1,AMPOULE,SPECIALITE,BOITE,350,176,80,REMBOURSABLE
C000047,DIAZEPAM SOL INJ 10MG/2ML,DIAZEPAM,SOLUTION INJECTABLE,10MG/2ML,ANXIOLYTIQUE HYPNOTIQUE BENZODIAZEPINE,1,AMPOULE,CAMEG,BOITE,160,160,80,REMBOURSABLE
0000481,DONORMYL COMP 15MG,DOXYLAMINE,COMPRIME,15MG,ANXIOLYTIQUE HYPNOTIQUE BENZODIAZEPINE,30,COMPRIMES,SPECIALITE,BOITE,1595,1595,80,REMBOURSABLE
0001369,LIDENE COMP 15MG,DOXYLAMINE,COMPRIME,15MG,ANXIOLYTIQUE HYPNOTIQUE BENZODIAZEPINE,10,COMPRIMES,SPECIALITE,BOITE,2170,781,80,REMBOURSABLE
0001356,DONORMYL COMP EFF 15MG,DOXYLAMINE,COMPRIME EFFERVESCENT,15MG,ANXIOLYTIQUE HYPNOTIQUE BENZODIAZEPINE,20,COMPRIMES,SPECIALITE,BOITE,1780,1562,80,REMBOURSABLE
0001748,STRESAM GELULE 50MG,ETIFOXINE,GELULE,50MG,ANXIOLYTIQUE HYPNOTIQUE BENZODIAZEPINE,24,GELULES,SPECIALITE,BOITE,2055,2055,80,REMBOURSABLE
0000171,TEMESTA COMP 1MG,LORAZEPAM,COMPRIME,1MG,ANXIOLYTIQUE HYPNOTIQUE BENZODIAZEPINE,50,COMPRIMES,SPECIALITE,BOITE,1205,1161,80,REMBOURSABLE
0001237,"TEMESTA COMP 2,5MG",LORAZEPAM,COMPRIME,"2,5MG",ANXIOLYTIQUE HYPNOTIQUE BENZODIAZEPINE,30,COMPRIMES,SPECIALITE,BOITE,1985,1985,80,REMBOURSABLE
0000886,MELEX COMP 1MG,MEXAZOLAM,COMPRIME,1MG,ANXIOLYTIQUE HYPNOTIQUE BENZODIAZEPINE,30,COMPRIMES,SPECIALITE,BOITE,6270,6270,80,REMBOURSABLE
0002570,MOGADON COMP 5MG,NITRAZEPAM,COMPRIME,5MG,ANXIOLYTIQUE HYPNOTIQUE BENZODIAZEPINE,20,COMPRIMES,SPECIALITE,BOITE,925,925,80,REMBOURSABLE
0002180,SERESTA COMP 10MG,OXAZEPAM,COMPRIME,10MG,ANXIOLYTIQUE HYPNOTIQUE BENZODIAZEPINE,30,COMPRIMES,SPECIALITE,BOITE,1365,1365,80,REMBOURSABLE
0002185,SERESTA COMP 50MG,OXAZEPAM,COMPRIME,50MG,ANXIOLYTIQUE HYPNOTIQUE BENZODIAZEPINE,20,COMPRIMES,SPECIALITE,BOITE,2065,2065,80,REMBOURSABLE
0001797,LYSANXIA COMP 10MG,PRAZEPAM,COMPRIME,10MG,ANXIOLYTIQUE HYPNOTIQUE BENZODIAZEPINE,40,COMPRIMES,SPECIALITE,BOITE,2445,2445,80,REMBOURSABLE
0002012,STILNOX COMP 10MG,ZOLPIDEM,COMPRIME,10MG,ANXIOLYTIQUE HYPNOTIQUE BENZODIAZEPINE,20,COMPRIMES,SPECIALITE,BOITE,2800,2800,80,REMBOURSABLE
0005000,"IMOVANE COMP 7,5MG",ZOPICLONE,COMPRIME,"7,5MG",ANXIOLYTIQUE HYPNOTIQUE BENZODIAZEPINE,14,COMPRIMES,GENERIQUE,BOITE,1925,1925,80,TPC
0000707,A CERUMEN SOL AUR FL/UNIDOSE,ACYLSARCOSINATE SODIUM+SUCROSE,SOLUTION AURICULAIRE,5G,CERUMENOLYTIQUE,10,FLACONS,SPECIALITE,BOITE,2470,2470,80,REMBOURSABLE
0001892,CERULYSE SOL AUR 5%,XYLENE,SOLUTION AURICULAIRE,5%,CERUMENOLYTIQUE,10,MILLILITRES,SPECIALITE,FLACON,1720,1720,80,REMBOURSABLE
0001882,"VITAMINE B12 COLLYRE 0,05%",CYANOCOBALAMINE,COLLYRE,"0,05%",CICATRISANT OPHTALMIQUE,5,MILLILITRES,SPECIALITE,FLACON,3810,3810,80,REMBOURSABLE
0004606,"CORNEREGEL GEL OPHTA 0,05%",DEXPANTHENOL,GEL OPHTALMIQUE,"0,05%",CICATRISANT OPHTALMIQUE,10,GRAMMES,SPECIALITE,TUBE,2410,2410,80,REMBOURSABLE
0001839,VITAMINE A COLLYRE 1500UI/ML,RETINOL,COLLYRE,1500UI/ML,CICATRISANT OPHTALMIQUE,10,MILLILITRES,SPECIALITE,FLACON,1240,1240,80,REMBOURSABLE
D000282,TETRASTRAP,BANDE ADHESIVE ELASTIQUE HYPOALLERGENIQUE,BANDE,"2,5CMx6CM",CONSOMMABLES CHIRURGICAUX,1,Unite (s),DISPOSITIFS MEDICAUX,BOITE,3100,1505,80,REMBOURSABLE
D000281,TETRASTRAP,BANDE ADHESIVE ELASTIQUE HYPOALLERGENIQUE,BANDE,"2,5M X 10CM",CONSOMMABLES CHIRURGICAUX,1,Unite (s),DISPOSITIFS MEDICAUX,BOITE,4950,2244,80,REMBOURSABLE
D000283,TETRASTRAP,BANDE ADHESIVE ELASTIQUE HYPOALLERGENIQUE,BANDE,"2,5M X 8CM",CONSOMMABLES CHIRURGICAUX,1,Unite (s),DISPOSITIFS MEDICAUX,BOITE,3900,1743,80,REMBOURSABLE
D000275,TETRABANDE CONTENTION CHAIR,BANDE DE COMPRESSION,BANDE,"3,5M X 10 CM",CONSOMMABLES CHIRURGICAUX,1,Unite (s),DISPOSITIFS MEDICAUX,BOITE,4375,3500,80,REMBOURSABLE
D000276,TETRABANDE CONTENTION CHAIR,BANDE DE COMPRESSION,BANDE,3M X 7CM,CONSOMMABLES CHIRURGICAUX,1,Unite (s),DISPOSITIFS MEDICAUX,BOITE,3375,2700,80,REMBOURSABLE
D000278,TETRAPLAIE STERILE,PANSEMENT,COMPRESSE,"5CM X 7,2CM",CONSOMMABLES CHIRURGICAUX,10,Unite (s),DISPOSITIFS MEDICAUX,BOITE,1050,840,80,REMBOURSABLE
D000279,TETRAPLAIE STERILE,PANSEMENT,COMPRESSE,9CM X 10CM,CONSOMMABLES CHIRURGICAUX,10,Unite (s),DISPOSITIFS MEDICAUX,BOITE,1470,1175,80,REMBOURSABLE
D000280,TETRAPLAIE STERILE,PANSEMENT,COMPRESSE,9CM X 15CM,CONSOMMABLES CHIRURGICAUX,10,Unite (s),DISPOSITIFS MEDICAUX,BOITE,1850,1480,80,REMBOURSABLE
D000284,BETAPLAST N,PANSEMENT HYDROCELLULAIRE OU PANSEMENT ABSORBANT,COMPRESSE,10CM X 10CM,CONSOMMABLES CHIRURGICAUX,1,Unite (s),DISPOSITIFS MEDICAUX,BOITE,1840,1380,80,REMBOURSABLE
D000285,BETAPLAST N,PANSEMENT HYDROCELLULAIRE OU PANSEMENT ABSORBANT,COMPRESSE,35CM X 50CM,CONSOMMABLES CHIRURGICAUX,1,Unite (s),DISPOSITIFS MEDICAUX,BOITE,27500,23375,80,REMBOURSABLE
D000286,BETAPLAST H,PANSEMENT HYDROCOLLOIDE,COMPRESSE,10CM X 10CM,CONSOMMABLES CHIRURGICAUX,1,Unite (s),DISPOSITIFS MEDICAUX,BOITE,1005,754,80,REMBOURSABLE
D000277,TETRATUL STERILE 10 X 10 B/10,TULLE GRAS,COMPRESSE,10CM X 10CM,CONSOMMABLES CHIRURGICAUX,10,Unite (s),DISPOSITIFS MEDICAUX,BOITE,1690,1690,80,REMBOURSABLE
0004795,BETASTENE COMP 2MG,BETAMETHASONE,COMPRIME DISPERSIBLE,2MG,CORTICOIDE,20,COMPRIMES,GENERIQUE,BOITE,2755,2755,80,REMBOURSABLE
0001197,CELESTENE COMP 2MG,BETAMETHASONE,COMPRIME DISPERSIBLE,2MG,CORTICOIDE,20,COMPRIMES,SPECIALITE,BOITE,2800,2800,80,REMBOURSABLE
0001229,"ALLERGOSONE SOL BUV 0,05%",BETAMETHASONE,SOLUTION BUVABLE,"0,05%",CORTICOIDE,30,MILLILITRES,GENERIQUE,FLACON,2800,2800,80,REMBOURSABLE
0004080,"BETASTENE SOL BUV 0,05%",BETAMETHASONE,SOLUTION BUVABLE,"0,05%",CORTICOIDE,30,MILLILITRES,GENERIQUE,FLACON,2585,2585,80,REMBOURSABLE
0001226,"CELESTENE SOL BUV 0,05%",BETAMETHASONE,SOLUTION BUVABLE,"0,05%",CORTICOIDE,30,MILLILITRES,SPECIALITE,FLACON,2675,2675,80,REMBOURSABLE
C000143,BETAMETHASONE SOL INJ 4MG/ML,BETAMETHASONE,SOLUTION INJECTABLE,4MG/ML,CORTICOIDE,1,AMPOULE,CAMEG,BOITE,825,825,80,REMBOURSABLE
0001261,CELESTENE SOL INJ 4MG/ML,BETAMETHASONE,SOLUTION INJECTABLE,4MG/ML,CORTICOIDE,1,AMPOULE,SPECIALITE,BOITE,1040,1040,80,REMBOURSABLE
0001255,"CELESTENE CHRONODOSE SOL INJ 5,7MG",BETAMETHASONE ACETATE+BETAMETHASONE PHOSPHATE DISODIQUE,SOLUTION INJECTABLE," 2,7MG/3MG",CORTICOIDE,1,AMPOULE,SPECIALITE,BOITE,1755,1755,80,REMBOURSABLE
0001271,DIPROSTENE SUSP INJ ,BETAMETHASONE DIPROPIONATE+BETAMETHASONE PHOSPHATE DISODIQUE,SUSPENSION INJECTABLE,5MG/2MG,CORTICOIDE,1,AMPOULE,SPECIALITE,BOITE,3925,3925,80,REMBOURSABLE
0001297,"ALTIM SUSP INJ 3,75MG",CORTIVAZOL,SUSPENSION INJECTABLE,"3,75MG",CORTICOIDE,1,AMPOULE,SPECIALITE,BOITE,5680,5680,80,REMBOURSABLE
0000732,DEFAL COMP 30MG,DEFLAZACORT,COMPRIME,30MG,CORTICOIDE,10,COMPRIMES,SPECIALITE,BOITE,6865,6865,80,REMBOURSABLE
0000736,DEFAL COMP 6MG,DEFLAZACORT,COMPRIME,6MG,CORTICOIDE,20,COMPRIMES,SPECIALITE,BOITE,3295,3295,80,REMBOURSABLE
0003500,"DEFAL  GOUTTE BUVABLE 22,75MG/ML",DEFLAZACORT,GOUTTE BUVABLE,"22,75MG/ML",CORTICOIDE,13,MILLILITRES,GENERIQUE,FLACON,6990,6990,80,REMBOURSABLE
0005005,DEXAMETHASONE PAN SOL INJ 4MG/ML,DEXAMETHASONE,SOLUTION INJECTABLE,4MG/ML,CORTICOIDE,1,AMPOULE,GENERIQUE,BOITE,360,360,80,REMBOURSABLE
C000029,DEXAMETHASONE SOL INJ 4MG/ML,DEXAMETHASONE,SOLUTION INJECTABLE,4MG/ML,CORTICOIDE,1,AMPOULE,CAMEG,BOITE,425,425,80,REMBOURSABLE
0005006,PHILCO DEXA SOL INJ 4MG,DEXAMETHASONE,SOLUTION INJECTABLE,4MG/ML,CORTICOIDE,1,FLACON,GENERIQUE,BOITE,100,100,80,REMBOURSABLE
0000423,HYDROCORTISONE ROUSSEL COMP 10MG,HYDROCORTISONE,COMPRIME,10MG,CORTICOIDE,25,COMPRIMES,SPECIALITE,BOITE,1755,1755,80,REMBOURSABLE
0005007,HYDROCORTISONE SUSP INJ 100MG,HYDROCORTISONE,SUSPENSION INJECTABLE,100MG,CORTICOIDE,1,AMPOULE,GENERIQUE,BOITE,1550,1550,80,REMBOURSABLE
0001815,MEDROL COMP 16MG,METHYLPREDNISOLONE,COMPRIME,16MG,CORTICOIDE,20,COMPRIMES,SPECIALITE,BOITE,4350,4350,80,REMBOURSABLE
0001822,MEDROL COMP 4MG,METHYLPREDNISOLONE,COMPRIME,4MG,CORTICOIDE,30,COMPRIMES,SPECIALITE,BOITE,2260,2260,80,REMBOURSABLE
0001867,SOLU-MEDROL SUSP INJ 120MG,METHYLPREDNISOLONE,SUSPENSION INJECTABLE,120MG,CORTICOIDE,1,AMPOULE,SPECIALITE,BOITE,3675,3675,80,REMBOURSABLE
0001874,SOLU-MEDROL SUSP INJ 20MG,METHYLPREDNISOLONE,SUSPENSION INJECTABLE,20MG,CORTICOIDE,1,AMPOULE,SPECIALITE,BOITE,1045,1045,80,REMBOURSABLE
0004716,ACFAMOL SUSP INJ 40MG,METHYLPREDNISOLONE,SUSPENSION INJECTABLE,40MG,CORTICOIDE,1,AMPOULE,GENERIQUE,BOITE,1380,1380,80,REMBOURSABLE
0001897,SODROL SUSP INJ 40MG,METHYLPREDNISOLONE,SUSPENSION INJECTABLE,40MG,CORTICOIDE,1,AMPOULE,GENERIQUE,BOITE,1365,1365,80,REMBOURSABLE
0001889,SOLU-MEDROL SUSP INJ 40MG,METHYLPREDNISOLONE,SUSPENSION INJECTABLE,40MG,CORTICOIDE,1,AMPOULE,SPECIALITE,BOITE,1595,1595,80,REMBOURSABLE
0005098,COPRED ODT COMP DISP 20MG,PREDNISOLONE,COMPRIME DISPERSIBLE,20MG,CORTICOIDE,20,COMPRIMES,GENERIQUE,BOITE,2690,2690,80,REMBOURSABLE
0001848,COTIPRED COMP DISP 20MG,PREDNISOLONE,COMPRIME DISPERSIBLE,20MG,CORTICOIDE,20,COMPRIMES,GENERIQUE,BOITE,4605,4605,80,REMBOURSABLE
0001841,SOLUPRED COMP DISP 20MG,PREDNISOLONE,COMPRIME DISPERSIBLE,20MG,CORTICOIDE,20,COMPRIMES,GENERIQUE,BOITE,3560,3031,80,REMBOURSABLE
0004490,ISOLONE COMP DISP 5MG,PREDNISOLONE,COMPRIME DISPERSIBLE,5MG,CORTICOIDE,30,COMPRIMES,GENERIQUE,BOITE,2010,2010,80,REMBOURSABLE
0001861,SOLUPRED COMP DISP 5MG,PREDNISOLONE,COMPRIME DISPERSIBLE,5MG,CORTICOIDE,30,COMPRIMES,GENERIQUE,BOITE,2110,1727,80,REMBOURSABLE
0005004,"HYDROCORTANCYL SOL INJ 2,5%",PREDNISOLONE,SUSPENSION INJECTABLE,"2,5%",CORTICOIDE,1,FLACON,SPECIALITE,BOITE,5685,5685,80,REMBOURSABLE
0001903,DEPOMEDROL SUSP INJ 40MG,PREDNISOLONE,SUSPENSION INJECTABLE,40MG,CORTICOIDE,1,AMPOULE,SPECIALITE,BOITE,1595,1595,80,REMBOURSABLE
0001830,CORTANCYL COMP 20MG,PREDNISONE,COMPRIME,20MG,CORTICOIDE,20,COMPRIMES,SPECIALITE,BOITE,2755,2755,80,REMBOURSABLE
0001854,CORTANCYL COMP 5MG,PREDNISONE,COMPRIME,5MG,CORTICOIDE,30,COMPRIMES,SPECIALITE,BOITE,1570,1570,80,REMBOURSABLE
0000534,KENACORT RETARD SUSP INJ 40MG,TRIAMCINOLONE,SUSPENSION INJECTABLE,40MG,CORTICOIDE,1,AMPOULE,SPECIALITE,BOITE,2115,1265,80,REMBOURSABLE
0005008,OSICORT RETARD SUSP INJ 40MG,TRIAMCINOLONE,SUSPENSION INJECTABLE,40MG,CORTICOIDE,1,AMPOULE,GENERIQUE,BOITE,2295,1265,80,REMBOURSABLE
0003906,TRIAM-DENK SUSP INJ 40MG,TRIAMCINOLONE,SUSPENSION INJECTABLE,40MG,CORTICOIDE,1,AMPOULE,GENERIQUE,BOITE,1150,1150,80,REMBOURSABLE
0005060,ASTRIAM RETARD SUSP INJ 80MG,TRIAMCINOLONE,SUSPENSION INJECTABLE,80MG,CORTICOIDE,1,AMPOULE,GENERIQUE,BOITE,3560,3560,80,REMBOURSABLE
0002287,KENACORT RETARD SUSP INJ 80MG,TRIAMCINOLONE,SUSPENSION INJECTABLE,80MG,CORTICOIDE,1,AMPOULE,SPECIALITE,BOITE,3850,3850,80,REMBOURSABLE
0004144,MARIMER HYPERTONIQUE SPRAY NASAL,EAU DE MER DILUEE HYPERTONIQUE,SOLUTION NASALE,22G/L,DECONGESTIONNANT NASAL,100,MILLILITRES,SPECIALITE,FLACON,3600,3600,80,REMBOURSABLE
0004570,STERIMAR HYPERTONIQUE SPRAY NASAL,EAU DE MER DILUEE HYPERTONIQUE,SOLUTION NASALE,22G/L,DECONGESTIONNANT NASAL,50,MILLILITRES,SPECIALITE,FLACON,5435,1980,80,REMBOURSABLE
0004143,MARIMER ISOTONIQUE SPRAY NASAL,EAU DE MER DILUEE ISOTONIQUE,SOLUTION NASALE,9G/L,DECONGESTIONNANT NASAL,100,MILLILITRES,SPECIALITE,FLACON,3300,3300,80,REMBOURSABLE
0004567,STERIMAR BEBE SPRAY NASAL,EAU DE MER DILUEE ISOTONIQUE,SOLUTION NASALE,9G/L,DECONGESTIONNANT NASAL,50,MILLILITRES,SPECIALITE,FLACON,3890,1815,80,REMBOURSABLE
0004569,STERIMAR HYGIENE DU NEZ SPRAY NASAL,EAU DE MER DILUEE ISOTONIQUE,SOLUTION NASALE,9G/L,DECONGESTIONNANT NASAL,100,MILLILITRES,SPECIALITE,FLACON,3225,3225,80,REMBOURSABLE
0001950,"OTRIVINE SOL NAS 0,05%",XYLOMETAZOLINE,GOUTTE NASALE,"0,05%",DECONGESTIONNANT NASAL,10,MILLILITRES,SPECIALITE,FLACON,1205,1205,80,REMBOURSABLE
0001979,"XYLO ACINO ENFANT SOL NAS 0,05%",XYLOMETAZOLINE,GOUTTE NASALE,"0,05%",DECONGESTIONNANT NASAL,10,MILLILITRES,GENERIQUE,FLACON,1115,1115,80,REMBOURSABLE
0005078,"CLARINEZ SOL NAS 0,1%",XYLOMETAZOLINE,GOUTTE NASALE,"0,1%",DECONGESTIONNANT NASAL,10,MILLILITRES,GENERIQUE,FLACON,245,245,80,REMBOURSABLE
0001956,"OTRIVINE SOL NAS 0,1%",XYLOMETAZOLINE,GOUTTE NASALE,"0,1%",DECONGESTIONNANT NASAL,10,MILLILITRES,SPECIALITE,FLACON,1480,1480,80,REMBOURSABLE
0001991,"XYLO ACINO ADULTE SOL NAS 0,1%",XYLOMETAZOLINE,GOUTTE NASALE,"0,1%",DECONGESTIONNANT NASAL,10,MILLILITRES,GENERIQUE,FLACON,1380,1380,80,REMBOURSABLE
0002599,"DERMOSONE CREME 0,05%",BETAMETHASONE,CREME,"0,05%",DERMOCORTICOIDE,15,GRAMMES,GENERIQUE,TUBE,1135,1135,80,REMBOURSABLE
0001236,"DIPROSONE CREME 0,05%",BETAMETHASONE,CREME,"0,05%",DERMOCORTICOIDE,30,GRAMMES,SPECIALITE,TUBE,2630,2630,80,REMBOURSABLE
0001207,"DIPROSONE LOTION 0,05%",BETAMETHASONE,LOTION,"0,05%",DERMOCORTICOIDE,30,MILLILITRES,SPECIALITE,FLACON,2825,2825,80,REMBOURSABLE
0001249,"DERMOSONE POMMADE 0,05%",BETAMETHASONE,POMMADE,"0,05%",DERMOCORTICOIDE,15,GRAMMES,GENERIQUE,TUBE,1135,1135,80,REMBOURSABLE
0001242,"DIPROLENE POMMADE 0,05%",BETAMETHASONE,POMMADE,"0,05%",DERMOCORTICOIDE,15,GRAMMES,SPECIALITE,TUBE,1605,1447,80,REMBOURSABLE
0001246,"DIPROSONE 0,05% POMMADE",BETAMETHASONE,POMMADE,"0,05%",DERMOCORTICOIDE,30,GRAMMES,SPECIALITE,TUBE,2630,2630,80,REMBOURSABLE
0005099,"DERMOCORT CREME 0,05%",CLOBETASOL,CREME,"0,05%",DERMOCORTICOIDE,10,GRAMMES,GENERIQUE,TUBE,1030,1030,80,REMBOURSABLE
0001520,"DERMOVAL CREME 0,05%",CLOBETASOL,CREME,"0,05%",DERMOCORTICOIDE,15,GRAMMES,SPECIALITE,TUBE,1230,1230,80,REMBOURSABLE
0000811,"TRIDESONIT CREME 0,05%",DESONIDE,CREME,"0,05%",DERMOCORTICOIDE,30,GRAMMES,SPECIALITE,TUBE,1540,1540,80,REMBOURSABLE
0000816,"LOCAPRED CREME 0,1%",DESONIDE,CREME,"0,1%",DERMOCORTICOIDE,15,GRAMMES,SPECIALITE,TUBE,1595,1093,80,REMBOURSABLE
0000821,"LOCATOP CREME 0,1%",DESONIDE,CREME,"0,1%",DERMOCORTICOIDE,30,GRAMMES,GENERIQUE,TUBE,1985,1985,80,REMBOURSABLE
0000214,"NERISONE POMMADE 0,1%",DIFLUCORTOLONE,POMMADE,"0,1%",DERMOCORTICOIDE,30,GRAMMES,SPECIALITE,TUBE,2305,2305,80,REMBOURSABLE
0000224,"EPITOPIC CREME 0,05%",DIFLUPREDNATE,CREME,"0,05%",DERMOCORTICOIDE,15,GRAMMES,SPECIALITE,TUBE,1620,1620,80,REMBOURSABLE
0001895,"FLUSKIN GEL 0,05%",FLUOCINONIDE,GEL,"0,05%",DERMOCORTICOIDE,30,GRAMMES,SPECIALITE,Tube,1135,1135,80,REMBOURSABLE
0000425,"LOCOID CREME 0,1%",HYDROCORTISONE,CREME,"0,1%",DERMOCORTICOIDE,30,GRAMMES,SPECIALITE,TUBE,2355,2355,80,REMBOURSABLE
0000429,"CORTAPAISYL CREME 0,5%",HYDROCORTISONE,CREME,"0,5%",DERMOCORTICOIDE,15,GRAMMES,GENERIQUE,TUBE,2010,2010,80,REMBOURSABLE
0000440,"LOCOID LOTION 0,1%",HYDROCORTISONE,LOTION,"0,1%",DERMOCORTICOIDE,30,MILLILITRES,SPECIALITE,FLACON,2355,2355,80,REMBOURSABLE
0000445,"LOCOID POMMADE 0,1%",HYDROCORTISONE,POMMADE,"0,1%",DERMOCORTICOIDE,30,GRAMMES,SPECIALITE,TUBE,2355,2355,80,REMBOURSABLE
0001277,"DIPROSALIC LOTION 0,05%/2%",BETAMETHASONE+ACIDE SALICYLIQUE,LOTION,"0,05%/2%",DERMOCORTICOIDE ASSOCIATION,30,MILLILITRES,SPECIALITE,FLACON,2630,2630,80,REMBOURSABLE
0001283,"DIPROSALIC POMMADE 0,05%/3%",BETAMETHASONE+ACIDE SALICYLIQUE,POMMADE,"0,05%/3%",DERMOCORTICOIDE ASSOCIATION,30,GRAMMES,SPECIALITE,TUBE,2445,2445,80,REMBOURSABLE
0001319,"DERMOSONE NEO CREME 0,05%/0,5%",BETAMETHASONE+NEOMYCINE,CREME,"0,05%/0,5%",DERMOCORTICOIDE ASSOCIATION,15,GRAMMES,GENERIQUE,TUBE,1135,1135,80,REMBOURSABLE
0000218,"NERISONE C CREME 0,1%/1%",DIFLUCORTOLONE+CHLORQUINALDOL,CREME,"0,1%/1%",DERMOCORTICOIDE ASSOCIATION,30,GRAMMES,SPECIALITE,TUBE,5245,5245,80,REMBOURSABLE
D000055,ACTIMOVE CERVICAL CONFORT L,ACTIMOVE,MATERIEL,PM,DISPOSITIFS MEDICAUX,1,Millilitre (s),DISPOSITIFS MEDICAUX,BOITE,5660,3962,80,REMBOURSABLE
D000056,ACTIMOVE CERVICAL CONFORT M,ACTIMOVE,MATERIEL,PM,DISPOSITIFS MEDICAUX,1,Millilitre (s),DISPOSITIFS MEDICAUX,BOITE,5660,3962,80,REMBOURSABLE
D000057,ACTIMOVE CERVICAL CONFORT S,ACTIMOVE,MATERIEL,PM,DISPOSITIFS MEDICAUX,1,Millilitre (s),DISPOSITIFS MEDICAUX,BOITE,5660,3962,80,REMBOURSABLE
D000058,ACTIMOVE CERVICAL CONFORT XL,ACTIMOVE,MATERIEL,PM,DISPOSITIFS MEDICAUX,1,Millilitre (s),DISPOSITIFS MEDICAUX,BOITE,5660,3962,80,REMBOURSABLE
D000059,ACTIMOVE CERVICAL CONFORT XS,ACTIMOVE,MATERIEL,PM,DISPOSITIFS MEDICAUX,1,Millilitre (s),DISPOSITIFS MEDICAUX,BOITE,5660,3962,80,REMBOURSABLE
D000054,ACTIMOVE CERVICAL CONFORT XXL,ACTIMOVE,MATERIEL,PM,DISPOSITIFS MEDICAUX,1,Millilitre (s),DISPOSITIFS MEDICAUX,BOITE,5660,3962,80,REMBOURSABLE
D000060,ACTIMOVE CLAVICULA L,ACTIMOVE,MATERIEL,PM,DISPOSITIFS MEDICAUX,1,Millilitre (s),DISPOSITIFS MEDICAUX,BOITE,6420,4494,80,REMBOURSABLE
D000061,ACTIMOVE CLAVICULA M,ACTIMOVE,MATERIEL,PM,DISPOSITIFS MEDICAUX,1,Millilitre (s),DISPOSITIFS MEDICAUX,BOITE,5765,4036,80,REMBOURSABLE
D000062,ACTIMOVE CLAVICULA P,ACTIMOVE,MATERIEL,PM,DISPOSITIFS MEDICAUX,1,Millilitre (s),DISPOSITIFS MEDICAUX,BOITE,4590,3213,80,REMBOURSABLE
D000063,ACTIMOVE CLAVICULA S,ACTIMOVE,MATERIEL,PM,DISPOSITIFS MEDICAUX,1,Millilitre (s),DISPOSITIFS MEDICAUX,BOITE,4975,3483,80,REMBOURSABLE
D000064,ACTIMOVE FIXATION-LA PAIRE,ACTIMOVE,MATERIEL,PM,DISPOSITIFS MEDICAUX,1,Millilitre (s),DISPOSITIFS MEDICAUX,BOITE,5725,4008,80,REMBOURSABLE
D000005,ACTIMOVE GAUNTLET DROIT SMALL,ACTIMOVE,MATERIEL,PM,DISPOSITIFS MEDICAUX,1,Millilitre (s),DISPOSITIFS MEDICAUX,BOITE,7410,5187,80,REMBOURSABLE
D000002,ACTIMOVE GAUNTLET DROIT-L,ACTIMOVE,MATERIEL,PM,DISPOSITIFS MEDICAUX,1,Millilitre (s),DISPOSITIFS MEDICAUX,BOITE,7410,5187,80,REMBOURSABLE
D000003,ACTIMOVE GAUNTLET DROIT-M,ACTIMOVE,MATERIEL,PM,DISPOSITIFS MEDICAUX,1,Millilitre (s),DISPOSITIFS MEDICAUX,BOITE,7410,5187,80,REMBOURSABLE
D000004,ACTIMOVE GAUNTLET DROIT-XL,ACTIMOVE,MATERIEL,PM,DISPOSITIFS MEDICAUX,1,Millilitre (s),DISPOSITIFS MEDICAUX,BOITE,7410,5187,80,REMBOURSABLE
D000009,ACTIMOVE GAUNTLET GAUCHE SMALL,ACTIMOVE,MATERIEL,PM,DISPOSITIFS MEDICAUX,1,Millilitre (s),DISPOSITIFS MEDICAUX,BOITE,7410,5187,80,REMBOURSABLE
D000007,ACTIMOVE GAUNTLET GAUCHE-L,ACTIMOVE,MATERIEL,PM,DISPOSITIFS MEDICAUX,1,Millilitre (s),DISPOSITIFS MEDICAUX,BOITE,7410,5187,80,REMBOURSABLE
D000006,ACTIMOVE GAUNTLET GAUCHE-M,ACTIMOVE,MATERIEL,PM,DISPOSITIFS MEDICAUX,1,Millilitre (s),DISPOSITIFS MEDICAUX,BOITE,7410,5187,80,REMBOURSABLE
D000008,ACTIMOVE GAUNTLET GAUCHE-XL,ACTIMOVE,MATERIEL,PM,DISPOSITIFS MEDICAUX,1,Millilitre (s),DISPOSITIFS MEDICAUX,BOITE,7410,5187,80,REMBOURSABLE
D000010,ACTIMOVE GENU ECO CLIPS 30CM U,ACTIMOVE,MATERIEL,PM,DISPOSITIFS MEDICAUX,1,Millilitre (s),DISPOSITIFS MEDICAUX,BOITE,14915,10441,80,REMBOURSABLE
D000011,ACTIMOVE GENU ECO CLIPS 40CM U,ACTIMOVE,MATERIEL,PM,DISPOSITIFS MEDICAUX,1,Millilitre (s),DISPOSITIFS MEDICAUX,BOITE,14915,10441,80,REMBOURSABLE
D000012,ACTIMOVE GENU ECO CLIPS 50 M/L,ACTIMOVE,MATERIEL,PM,DISPOSITIFS MEDICAUX,1,Millilitre (s),DISPOSITIFS MEDICAUX,BOITE,17510,12257,80,REMBOURSABLE
D000013,ACTIMOVE GENU ECO CLIPS 50 S/M,ACTIMOVE,MATERIEL,PM,DISPOSITIFS MEDICAUX,1,Millilitre (s),DISPOSITIFS MEDICAUX,BOITE,17510,12257,80,REMBOURSABLE
D000014,ACTIMOVE GENU ECO CLIPS 60 M/L,ACTIMOVE,MATERIEL,PM,DISPOSITIFS MEDICAUX,1,Millilitre (s),DISPOSITIFS MEDICAUX,BOITE,18270,12789,80,REMBOURSABLE
D000015,ACTIMOVE GENU ECO CLIPS 60 S/M,ACTIMOVE,MATERIEL,PM,DISPOSITIFS MEDICAUX,1,Millilitre (s),DISPOSITIFS MEDICAUX,BOITE,18270,12789,80,REMBOURSABLE
D000016,ACTIMOVE GENU ECO CLIPS 70 M/L,ACTIMOVE,MATERIEL,PM,DISPOSITIFS MEDICAUX,1,Millilitre (s),DISPOSITIFS MEDICAUX,BOITE,17495,12247,80,REMBOURSABLE
D000017,ACTIMOVE GENU ECO CLIPS 70 S/M,ACTIMOVE,MATERIEL,PM,DISPOSITIFS MEDICAUX,1,Millilitre (s),DISPOSITIFS MEDICAUX,BOITE,20645,14452,80,REMBOURSABLE
D000019,ACTIMOVE GENU TRI-PANEL 50CM-L,ACTIMOVE,MATERIEL,PM,DISPOSITIFS MEDICAUX,1,Millilitre (s),DISPOSITIFS MEDICAUX,BOITE,21005,14704,80,REMBOURSABLE
D000018,ACTIMOVE GENU TRI-PANEL 50CM-S,ACTIMOVE,MATERIEL,PM,DISPOSITIFS MEDICAUX,1,Millilitre (s),DISPOSITIFS MEDICAUX,BOITE,21005,14704,80,REMBOURSABLE
D000020,ACTIMOVE GENU TRI-PANEL 60CM-L,ACTIMOVE,MATERIEL,PM,DISPOSITIFS MEDICAUX,1,Millilitre (s),DISPOSITIFS MEDICAUX,BOITE,22315,15621,80,REMBOURSABLE
D000021,ACTIMOVE GENU TRI-PANEL 60CM-S,ACTIMOVE,MATERIEL,PM,DISPOSITIFS MEDICAUX,1,Millilitre (s),DISPOSITIFS MEDICAUX,BOITE,22315,15621,80,REMBOURSABLE
D000022,ACTIMOVE LOMBACARE L,ACTIMOVE,MATERIEL,PM,DISPOSITIFS MEDICAUX,1,Millilitre (s),DISPOSITIFS MEDICAUX,BOITE,43825,30678,80,REMBOURSABLE
D000023,ACTIMOVE LOMBACARE M,ACTIMOVE,MATERIEL,PM,DISPOSITIFS MEDICAUX,1,Millilitre (s),DISPOSITIFS MEDICAUX,BOITE,43825,30678,80,REMBOURSABLE
D000024,ACTIMOVE LOMBACARE X XL,ACTIMOVE,MATERIEL,PM,DISPOSITIFS MEDICAUX,1,Millilitre (s),DISPOSITIFS MEDICAUX,BOITE,43825,30678,80,REMBOURSABLE
D000025,ACTIMOVE LOMBACARE XL,ACTIMOVE,MATERIEL,PM,DISPOSITIFS MEDICAUX,1,Millilitre (s),DISPOSITIFS MEDICAUX,BOITE,43825,30678,80,REMBOURSABLE
D000031,ACTIMOVE LUMBAL XXL,ACTIMOVE,MATERIEL,PM,DISPOSITIFS MEDICAUX,1,Millilitre (s),DISPOSITIFS MEDICAUX,BOITE,14870,10409,80,REMBOURSABLE
D000026,ACTIMOVE LUMBAL-L,ACTIMOVE,MATERIEL,PM,DISPOSITIFS MEDICAUX,1,Millilitre (s),DISPOSITIFS MEDICAUX,BOITE,13510,9457,80,REMBOURSABLE
D000027,ACTIMOVE LUMBAL-M,ACTIMOVE,MATERIEL,PM,DISPOSITIFS MEDICAUX,1,Millilitre (s),DISPOSITIFS MEDICAUX,BOITE,13510,9457,80,REMBOURSABLE
D000028,ACTIMOVE LUMBAL-S,ACTIMOVE,MATERIEL,PM,DISPOSITIFS MEDICAUX,1,Millilitre (s),DISPOSITIFS MEDICAUX,BOITE,13510,9457,80,REMBOURSABLE
D000029,ACTIMOVE LUMBAL-XL,ACTIMOVE,MATERIEL,PM,DISPOSITIFS MEDICAUX,1,Millilitre (s),DISPOSITIFS MEDICAUX,BOITE,13510,9457,80,REMBOURSABLE
D000030,ACTIMOVE LUMBAL-XXXL,ACTIMOVE,MATERIEL,PM,DISPOSITIFS MEDICAUX,1,Millilitre (s),DISPOSITIFS MEDICAUX,BOITE,14870,10409,80,REMBOURSABLE
D000034,ACTIMOVE MANUS DROIT S,ACTIMOVE,MATERIEL,PM,DISPOSITIFS MEDICAUX,1,Millilitre (s),DISPOSITIFS MEDICAUX,BOITE,5905,4134,80,REMBOURSABLE
D000032,ACTIMOVE MANUS DROIT-L,ACTIMOVE,MATERIEL,PM,DISPOSITIFS MEDICAUX,1,Millilitre (s),DISPOSITIFS MEDICAUX,BOITE,5905,4134,80,REMBOURSABLE
D000033,ACTIMOVE MANUS DROIT-M,ACTIMOVE,MATERIEL,PM,DISPOSITIFS MEDICAUX,1,Millilitre (s),DISPOSITIFS MEDICAUX,BOITE,5905,4134,80,REMBOURSABLE
D000035,ACTIMOVE MANUS DROIT-XL,ACTIMOVE,MATERIEL,PM,DISPOSITIFS MEDICAUX,1,Millilitre (s),DISPOSITIFS MEDICAUX,BOITE,5905,4134,80,REMBOURSABLE
D000036,ACTIMOVE MANUS GAUCHE L,ACTIMOVE,MATERIEL,PM,DISPOSITIFS MEDICAUX,1,Millilitre (s),DISPOSITIFS MEDICAUX,BOITE,5905,4134,80,REMBOURSABLE
D000037,ACTIMOVE MANUS GAUCHE M,ACTIMOVE,MATERIEL,PM,DISPOSITIFS MEDICAUX,1,Millilitre (s),DISPOSITIFS MEDICAUX,BOITE,5905,4134,80,REMBOURSABLE
D000038,ACTIMOVE MANUS GAUCHE S,ACTIMOVE,MATERIEL,PM,DISPOSITIFS MEDICAUX,1,Millilitre (s),DISPOSITIFS MEDICAUX,BOITE,5905,4134,80,REMBOURSABLE
D000039,ACTIMOVE MANUS GAUCHE XL,ACTIMOVE,MATERIEL,PM,DISPOSITIFS MEDICAUX,1,Millilitre (s),DISPOSITIFS MEDICAUX,BOITE,5905,4134,80,REMBOURSABLE
D000040,ACTIMOVE MITELLA CONFORT L,ACTIMOVE,MATERIEL,PM,DISPOSITIFS MEDICAUX,1,Millilitre (s),DISPOSITIFS MEDICAUX,BOITE,5620,3934,80,REMBOURSABLE
D000041,ACTIMOVE MITELLA CONFORT M,ACTIMOVE,MATERIEL,PM,DISPOSITIFS MEDICAUX,1,Millilitre (s),DISPOSITIFS MEDICAUX,BOITE,5620,3934,80,REMBOURSABLE
D000042,ACTIMOVE MITELLA CONFORT S,ACTIMOVE,MATERIEL,PM,DISPOSITIFS MEDICAUX,1,Millilitre (s),DISPOSITIFS MEDICAUX,BOITE,5620,3934,80,REMBOURSABLE
D000043,ACTIMOVE MITELLA CONFORT XL,ACTIMOVE,MATERIEL,PM,DISPOSITIFS MEDICAUX,1,Millilitre (s),DISPOSITIFS MEDICAUX,BOITE,5620,3934,80,REMBOURSABLE
D000044,ACTIMOVE PTKD,ACTIMOVE,MATERIEL,PM,DISPOSITIFS MEDICAUX,1,Millilitre (s),DISPOSITIFS MEDICAUX,BOITE,8330,5831,80,REMBOURSABLE
D000045,ACTIMOVE SLING & SWATHE L,ACTIMOVE,MATERIEL,PM,DISPOSITIFS MEDICAUX,1,Millilitre (s),DISPOSITIFS MEDICAUX,BOITE,15220,10654,80,REMBOURSABLE
D000046,ACTIMOVE SLING & SWATHE M,ACTIMOVE,MATERIEL,PM,DISPOSITIFS MEDICAUX,1,Millilitre (s),DISPOSITIFS MEDICAUX,BOITE,13575,9503,80,REMBOURSABLE
D000047,ACTIMOVE SLING & SWATHE S,ACTIMOVE,MATERIEL,PM,DISPOSITIFS MEDICAUX,1,Millilitre (s),DISPOSITIFS MEDICAUX,BOITE,11940,8358,80,REMBOURSABLE
D000048,ACTIMOVE TALOCAST GAUCHE,ACTIMOVE,MATERIEL,PM,DISPOSITIFS MEDICAUX,1,Millilitre (s),DISPOSITIFS MEDICAUX,BOITE,17705,12394,80,REMBOURSABLE
D000049,ACTIMOVE TALOCASTE DROIT,ACTIMOVE,MATERIEL,PM,DISPOSITIFS MEDICAUX,1,Millilitre (s),DISPOSITIFS MEDICAUX,BOITE,17705,12394,80,REMBOURSABLE
D000050,ACTIMOVE UMERUS CONFORT L,ACTIMOVE,MATERIEL,PM,DISPOSITIFS MEDICAUX,1,Millilitre (s),DISPOSITIFS MEDICAUX,BOITE,8660,6062,80,REMBOURSABLE
D000051,ACTIMOVE UMERUS CONFORT M,ACTIMOVE,MATERIEL,PM,DISPOSITIFS MEDICAUX,1,Millilitre (s),DISPOSITIFS MEDICAUX,BOITE,8660,6062,80,REMBOURSABLE
D000052,ACTIMOVE UMERUS CONFORT S,ACTIMOVE,MATERIEL,PM,DISPOSITIFS MEDICAUX,1,Millilitre (s),DISPOSITIFS MEDICAUX,BOITE,8660,6062,80,REMBOURSABLE
D000053,ACTIMOVE UMERUS CONFORT XL,ACTIMOVE,MATERIEL,PM,DISPOSITIFS MEDICAUX,1,Millilitre (s),DISPOSITIFS MEDICAUX,BOITE,8660,6062,80,REMBOURSABLE
D000080,ACTIMOVE UMERUS CONFORT XS,ACTIMOVE,MATERIEL,PM,DISPOSITIFS MEDICAUX,1,Millilitre (s),DISPOSITIFS MEDICAUX,BOITE,8660,6062,80,REMBOURSABLE
C000393,AGRAFFE de MICHEL,AGRAFFE de MICHEL,TOUTE DIMENSION,PM,DISPOSITIFS MEDICAUX,1,Unite (s),CAMEG,BOITE,50,50,80,REMBOURSABLE
C000125,"AIGUILLE à Ponction Lombaire 20 Gx3 ""1/2unité",AIGUILLE,AIGUILLE,20G,DISPOSITIFS MEDICAUX,1,Grammes,CAMEG,BOITE,940,705,80,REMBOURSABLE
C000145,AIGUILLE Hypodermique 21 GX40mm unité,AIGUILLE,AIGUILLE,21 G,DISPOSITIFS MEDICAUX,1,Grammes,CAMEG,BOITE,30,25,80,REMBOURSABLE
C000133,"AIGUILLE à Ponction Lombaire 22 Gx1""1/2 unité",AIGUILLE,AIGUILLE,22 G,DISPOSITIFS MEDICAUX,1,Grammes,CAMEG,BOITE,1005,754,80,REMBOURSABLE
C000149,AIGUILLE Hypodermique 23GX30mmunité,AIGUILLE,AIGUILLE,23 G,DISPOSITIFS MEDICAUX,1,Grammes,CAMEG,BOITE,30,25,80,REMBOURSABLE
C000137,"AIGUILLE à Ponction Lombaire 25GX3""1/2 unité",AIGUILLE,AIGUILLE,25 G,DISPOSITIFS MEDICAUX,1,Grammes,CAMEG,BOITE,1005,754,80,REMBOURSABLE
C000153,AIGUILLE Hpodermique 25GX16mm unité,AIGUILLE,AIGUILLE,25 G,DISPOSITIFS MEDICAUX,1,Grammes,CAMEG,BOITE,30,25,80,REMBOURSABLE
D000157,BABYHALER CHAMBRE D'INHALATION BB ET ENFT,BABYHALER CHAMBRE D'INHALATION,INHALATION,PM,DISPOSITIFS MEDICAUX,1,Unite (s),DISPOSITIFS MEDICAUX,Chambre,21305,14914,80,REMBOURSABLE
D000225,BANDE DE GAZE HYDROPHILE LABELL,BANDE,BANDE,10cm x 3m,DISPOSITIFS MEDICAUX,1,,DISPOSITIFS MEDICAUX,BOITE,94,94,80,REMBOURSABLE
D000218,BANDE DE CREPE LABELL,BANDE,BANDE,10CM X 4M,DISPOSITIFS MEDICAUX,1,UNITE,DISPOSITIFS MEDICAUX,BOITE,575,575,80,REMBOURSABLE
D000227,BANDE DE GAZE HYDROPHILE LABELL,BANDE,BANDE,10cm x 5m,DISPOSITIFS MEDICAUX,1,,DISPOSITIFS MEDICAUX,BOITE,175,150,80,REMBOURSABLE
D000219,BANDE DE CREPE LABELL,BANDE,BANDE,15cmx4m,DISPOSITIFS MEDICAUX,1,,DISPOSITIFS MEDICAUX,BOITE,925,694,80,REMBOURSABLE
D000220,BANDE DE CREPE LABELL,BANDE,BANDE,20cm x 4m,DISPOSITIFS MEDICAUX,1,,DISPOSITIFS MEDICAUX,BOITE,1290,968,80,REMBOURSABLE
D000221,BANDE DE CREPE LABELL,BANDE,BANDE,30cm x 4m,DISPOSITIFS MEDICAUX,1,,DISPOSITIFS MEDICAUX,BOITE,1860,1395,80,REMBOURSABLE
D000224,BANDE DE GAZE HYDROPHILE LABELL,BANDE,BANDE,5cm X 3m,DISPOSITIFS MEDICAUX,1,,DISPOSITIFS MEDICAUX,BOITE,47,47,80,REMBOURSABLE
D000222,BANDE DE CREPPE LABELL,BANDE,BANDE,5cm x 4m,DISPOSITIFS MEDICAUX,1,Unite (s),DISPOSITIFS MEDICAUX,BOITE,325,325,80,REMBOURSABLE
D000228,BANDE DE GAZE HYDROPHILE LABELL,BANDE,BANDE,5cm x 5m,DISPOSITIFS MEDICAUX,1,,DISPOSITIFS MEDICAUX,BOITE,88,88,80,REMBOURSABLE
D000226,BANDE DE GAZE HYDROPHILE LABELL,BANDE,BANDE,7cm x 3m,DISPOSITIFS MEDICAUX,1,,DISPOSITIFS MEDICAUX,BOITE,70,70,80,REMBOURSABLE
D000229,BANDE DE GAZE HYDROPHILE LABELL,BANDE,BANDE,7cm x 5m,DISPOSITIFS MEDICAUX,1,,DISPOSITIFS MEDICAUX,BOITE,138,138,80,REMBOURSABLE
D000223,BANDE DE CREPE LABELL,BANDE,BANDE,7CMx4M,DISPOSITIFS MEDICAUX,1,,DISPOSITIFS MEDICAUX,BOITE,430,375,80,REMBOURSABLE
D000109,FLEXOBANDE,BANDE DE COMPRESSION A ALLONGEMENT LONG,BANDE DE 3m x 10cm,PM,DISPOSITIFS MEDICAUX,1,Millilitre (s),DISPOSITIFS MEDICAUX,BOITE,15100,10570,80,REMBOURSABLE
D000108,FLEXOBANDE,BANDE DE COMPRESSION A ALLONGEMENT LONG,BANDE DE 3m x 8cm,PM,DISPOSITIFS MEDICAUX,1,Millilitre (s),DISPOSITIFS MEDICAUX,BOITE,15100,10570,80,REMBOURSABLE
D000107,FLEXOBANDE,BANDE DE COMPRESSION A ALLONGEMENT LONG,BANDE DE 4m x 10cm,PM,DISPOSITIFS MEDICAUX,1,Millilitre (s),DISPOSITIFS MEDICAUX,BOITE,16500,11550,80,REMBOURSABLE
D000106,FLEXOBANDE,BANDE DE COMPRESSION A ALLONGEMENT LONG,BANDE DE 4M x 8CM,PM,DISPOSITIFS MEDICAUX,1,Millilitre (s),DISPOSITIFS MEDICAUX,BOITE,16500,11550,80,REMBOURSABLE
D000128,TENSOPLAST,BANDE DE CONTENTION ELASTIQUE,"BANDE DE 2,5 x 10cm",PM,DISPOSITIFS MEDICAUX,1,Millilitre (s),DISPOSITIFS MEDICAUX,BOITE,3205,2244,80,REMBOURSABLE
D000137,TENSOPLAST,BANDE DE CONTENTION ELASTIQUE,"BANDE DE 2,5m x 6cm",PM,DISPOSITIFS MEDICAUX,1,Millilitre (s),DISPOSITIFS MEDICAUX,BOITE,2150,1505,80,REMBOURSABLE
D000134,TENSOPLAST,BANDE DE CONTENTION ELASTIQUE,"BANDE DE 2,5m x 8cm",PM,DISPOSITIFS MEDICAUX,1,Millilitre (s),DISPOSITIFS MEDICAUX,BOITE,2490,1743,80,REMBOURSABLE
D000135,STRAPPAL,BANDE DE CONTENTION NON ELASTIQUE,BANDE DE 4m x 10cm,PM,DISPOSITIFS MEDICAUX,1,Millilitre (s),DISPOSITIFS MEDICAUX,BOITE,2470,1729,80,REMBOURSABLE
D000120,COMPRILAN,BANDE DE COPRESSION A ALLONGEMENT COURT,BANDE DE 5m x 10cm,PM,DISPOSITIFS MEDICAUX,1,Millilitre (s),DISPOSITIFS MEDICAUX,BOITE,5928,4150,80,REMBOURSABLE
D000121,COMPRILAN,BANDE DE COPRESSION A ALLONGEMENT COURT,BANDE DE 5m x 12 cm,PM,DISPOSITIFS MEDICAUX,1,Millilitre (s),DISPOSITIFS MEDICAUX,BOITE,5928,4150,80,REMBOURSABLE
D000118,COMPRILAN,BANDE DE COPRESSION A ALLONGEMENT COURT,BANDE DE 5m x 6cm,PM,DISPOSITIFS MEDICAUX,1,Millilitre (s),DISPOSITIFS MEDICAUX,BOITE,5928,4150,80,REMBOURSABLE
D000119,COMPRILAN,BANDE DE COPRESSION A ALLONGEMENT COURT,BANDE DE 5m x 8cm,PM,DISPOSITIFS MEDICAUX,1,Millilitre (s),DISPOSITIFS MEDICAUX,BOITE,5928,4150,80,REMBOURSABLE
C000165,BANDE DE Crêpe 10 cm x 4m unité,BANDE DE CREPE,BANDE,10cm x 4 m,DISPOSITIFS MEDICAUX,1,Grammes,CAMEG,BOITE,610,610,80,REMBOURSABLE
D000261,BANDE DE CREPE TETRA OTC,BANDE DE CREPE,BANDE,4MX10CM,DISPOSITIFS MEDICAUX,1,UNITE,DISPOSITIFS MEDICAUX,BOITE,575,575,80,REMBOURSABLE
D000260,BANDE DE CREPE TETRA,BANDE DE CREPE,BANDE,4MX15CM,DISPOSITIFS MEDICAUX,1,Unite (s),DISPOSITIFS MEDICAUX,BOITE,500,500,80,REMBOURSABLE
D000259,BANDE DE CREPE TETRA,BANDE DE CREPE,BANDE,4MX20CM,DISPOSITIFS MEDICAUX,1,Unite (s),DISPOSITIFS MEDICAUX,BOITE,500,500,80,REMBOURSABLE
D000263,BANDE DE CREPE OTC,BANDE DE CREPE,BANDE,4MX5CM,DISPOSITIFS MEDICAUX,1,Unite (s),DISPOSITIFS MEDICAUX,BOITE,310,310,80,REMBOURSABLE
D000262,BANDE DE CREPE OTC,BANDE DE CREPE,BANDE,4MX7CM,DISPOSITIFS MEDICAUX,1,Unite (s),DISPOSITIFS MEDICAUX,BOITE,325,244,80,REMBOURSABLE
C000160,BANDE DE Crêpe 8cm x4m unité,BANDE DE CREPE,BANDE,8cm x4m,DISPOSITIFS MEDICAUX,1,Grammes,CAMEG,BOITE,320,200,80,REMBOURSABLE
D000147,CREPESSAN LITE Bande crepe en coton,BANDE DE CREPE,BANDE DE 4m x 10cm,PM,DISPOSITIFS MEDICAUX,1,Metre (s),DISPOSITIFS MEDICAUX,BOITE,560,560,80,REMBOURSABLE
D000150,CREPESSAN LITE Bande crepe en coton,BANDE DE CREPE,"BANDE DE 4m x 7,5cm",PM,DISPOSITIFS MEDICAUX,1,Metre (s),DISPOSITIFS MEDICAUX,BOITE,400,400,80,REMBOURSABLE
D000151,CREPESSAN LITE Bande crepe en coton,BANDE DE CREPE,BANDE DE 4m x5cm,PM,DISPOSITIFS MEDICAUX,1,Metre (s),DISPOSITIFS MEDICAUX,BOITE,315,315,80,REMBOURSABLE
C000394,BANDE DE CREPE,BANDE DE CREPE 7 cm x 4 m unité,BANDE,7 cm x 4 m,DISPOSITIFS MEDICAUX,1,Unite (s),CAMEG,BOITE,375,375,80,REMBOURSABLE
C000197,bande de gaze 10cm x10m,bande de gaze,BANDE,10cm x 10m,DISPOSITIFS MEDICAUX,1,Grammes,CAMEG,BOITE,310,310,80,REMBOURSABLE
C000191,bande de gaze hydrophile 10cmx5m,bande de gaze,BANDE,10cm x 5m,DISPOSITIFS MEDICAUX,1,Grammes,CAMEG,BOITE,150,150,80,REMBOURSABLE
C000179,BANDE DE GAZE Hydrophile 5 cmx10m,bande de gaze,BANDE,5cmx 10m,DISPOSITIFS MEDICAUX,1,Grammes,CAMEG,BOITE,125,125,80,REMBOURSABLE
C000173,BANDE DE GAZE Hydrophile 5cm x 5m,bande de gaze,BANDE,5cmx 5m,DISPOSITIFS MEDICAUX,1,Grammes,CAMEG,BOITE,70,110,80,REMBOURSABLE
C000187,BANDE DE GAZE Hydrophile 7.5cmx10m,bande de gaze,BANDE,7.5 cmx 10m,DISPOSITIFS MEDICAUX,1,Grammes,CAMEG,BOITE,250,250,80,REMBOURSABLE
C000183,BANDE DE GAZ Hydrophyile 7cmx5m,bande de gaze,BANDE,7cmx5m,DISPOSITIFS MEDICAUX,1,Grammes,CAMEG,BOITE,138,138,80,REMBOURSABLE
C000395,BANDE DE OUATE,"BANDE de OUATE synthétique hydrophobe 2,7 m x 10 cm unité",BANDE,"2,7 CM x 10 M",DISPOSITIFS MEDICAUX,1,Unite (s),CAMEG,BOITE,630,473,80,REMBOURSABLE
D000289,BEST CAST TAILLE 4,BANDE DE RESINE,BANDE,"3,6 M X 10 CM",DISPOSITIFS MEDICAUX,1,Unite (s),DISPOSITIFS MEDICAUX,Sachet,5855,4098,80,REMBOURSABLE
D000290,BEST CAST TAILLE 5,BANDE DE RESINE,BANDE,"3,6M X 12,5CM",DISPOSITIFS MEDICAUX,1,Unite (s),DISPOSITIFS MEDICAUX,Sachet,6515,4560,80,REMBOURSABLE
D000287,BEST CAST TAILLE 2,BANDE DE RESINE,BANDE,"3,6M X 5CM",DISPOSITIFS MEDICAUX,1,Unite (s),DISPOSITIFS MEDICAUX,Sachet,3550,2485,80,REMBOURSABLE
D000288,BEST CAST TAILLE 3,BANDE DE RESINE,BANDE,"3,6M X 7,5 CM",DISPOSITIFS MEDICAUX,1,Unite (s),DISPOSITIFS MEDICAUX,Sachet,4375,3062,80,REMBOURSABLE
D000292,PHIL-CAST,BANDE DE RESINE,BANDE,"3,6M X 7,5CM",DISPOSITIFS MEDICAUX,1,Unite (s),DISPOSITIFS MEDICAUX,Sachet,4095,3062,80,REMBOURSABLE
D000116,DELTA LITE PLUS,BANDE DE RESINE,"BANDE 3,6m x 10 cm",PM,DISPOSITIFS MEDICAUX,1,Millilitre (s),DISPOSITIFS MEDICAUX,BOITE,6970,4879,80,REMBOURSABLE
C000200,bande elastique 10 cm x4 m unité,bande elastique,BANDE,10cm x4m,DISPOSITIFS MEDICAUX,1,Grammes,CAMEG,BOITE,615,410,80,REMBOURSABLE
C000205,bande elastique 20 cm x 4 m unité,bande elastique,BANDE,20 cm x4m,DISPOSITIFS MEDICAUX,1,Grammes,CAMEG,BOITE,700,525,80,REMBOURSABLE
D000266,BANDE EXTENSIBLE TETRA,bande elastique,BANDE,4M X 10CM,DISPOSITIFS MEDICAUX,1,Unite (s),DISPOSITIFS MEDICAUX,BOITE,170,170,80,REMBOURSABLE
D000265,BANDE EXTENSIBLE TETRA,bande elastique,BANDE,4M X 15CM,DISPOSITIFS MEDICAUX,1,Unite (s),DISPOSITIFS MEDICAUX,BOITE,255,255,80,REMBOURSABLE
D000264,BANDE EXTENSIBLE TETRA,bande elastique,BANDE,4M X 20CM,DISPOSITIFS MEDICAUX,1,Unite (s),DISPOSITIFS MEDICAUX,BOITE,310,310,80,REMBOURSABLE
D000268,BANDE EXTENSIBLE TETRA,bande elastique,BANDE,4M X 5CM,DISPOSITIFS MEDICAUX,1,Unite (s),DISPOSITIFS MEDICAUX,BOITE,100,100,80,REMBOURSABLE
D000267,BANDE EXTENSIBLE TETRA,bande elastique,BANDE,4M X 7CM,DISPOSITIFS MEDICAUX,1,Unite (s),DISPOSITIFS MEDICAUX,BOITE,120,120,80,REMBOURSABLE
C000209,BANDE PLATREE 10CM*3M,BANDE PLATREE,BANDE,10CM*3M,DISPOSITIFS MEDICAUX,2,UNITES,CAMEG,SACHET,1350,1013,80,REMBOURSABLE
C000213,bande platree 15 cm x 3 m sachet/2,bande platrée,BANDE,15cm x3m ,DISPOSITIFS MEDICAUX,1,Unite (s),CAMEG,Sachet,775,581,80,REMBOURSABLE
D000143,BIPLATRIX,bande platrée,BANDE DE 10cm x 3m,PM,DISPOSITIFS MEDICAUX,2,Millilitre (s),DISPOSITIFS MEDICAUX,BOITE,1225,919,80,REMBOURSABLE
D000139,BIPLATRIX,bande platrée,BANDE DE 15cm x 3m,PM,DISPOSITIFS MEDICAUX,2,Millilitre (s),DISPOSITIFS MEDICAUX,BOITE,1910,1433,80,REMBOURSABLE
D000133,BIPLATRIX,bande platrée,BANDE DE 20cm x 3m,PM,DISPOSITIFS MEDICAUX,2,UNITE,DISPOSITIFS MEDICAUX,BOITE,2545,1782,80,REMBOURSABLE
D000115,COMPRINET PRO (Bas cuisse),BAS MEDICAL DE COMPRESSION,TAILLE 3 A 8,PM,DISPOSITIFS MEDICAUX,1,Millilitre (s),DISPOSITIFS MEDICAUX,BOITE,7545,5282,80,REMBOURSABLE
D000129,BROCHES DE KIRSCHNER,BROCHES,TOUT DIAMETRE ET TOUTE LONGUEUR,0,DISPOSITIFS MEDICAUX,1,Millilitre (s),DISPOSITIFS MEDICAUX,BOITE,3000,3000,80,ENTENTE PREALABLE
D000256,CANULE DE TRACHEOTOMIE Narang,CANULE DE TRACHEOTOMIE,CANULE,0,DISPOSITIFS MEDICAUX,1,Unite (s),DISPOSITIFS MEDICAUX,Sachet,18000,15300,80,REMBOURSABLE
C000231,CATHETER COURT avec aillettes 18Gx45mm Unité,CATHETER COURT,CATHETER,18 GX45MM,DISPOSITIFS MEDICAUX,1,Grammes,CAMEG,BOITE,415,275,80,REMBOURSABLE
C000232,CATHETER COURT avec aillettes 20G x32mm unité,CATHETER COURT,CATHETER,20G x45mm Unité,DISPOSITIFS MEDICAUX,1,Grammes,CAMEG,BOITE,415,275,80,REMBOURSABLE
C000230,CATHETER COURT avec ailettes 22Gx25mm unité,CATHETER COURT,CATHETER,22 GX25 MM,DISPOSITIFS MEDICAUX,1,Grammes,CAMEG,BOITE,415,275,80,REMBOURSABLE
C000233,CATHETER COURT avec aillettes 24 Gx19mm Unité,CATHETER COURT,CATHETER,24 GX19 MM,DISPOSITIFS MEDICAUX,1,Grammes,CAMEG,BOITE,445,275,80,REMBOURSABLE
D000255,CHAMBRE D'INHALATION Adulte,CHAMBRE D'INHALATION,INHALATION,PM,DISPOSITIFS MEDICAUX,1,Unite (s),DISPOSITIFS MEDICAUX,Chambre,15695,13000,80,REMBOURSABLE
D000254,"CHAMBRE D'INHALATION BB, NRS et Enft",CHAMBRE D'INHALATION,INHALATION,PM,DISPOSITIFS MEDICAUX,1,Unite (s),DISPOSITIFS MEDICAUX,BOITE,13500,11000,80,REMBOURSABLE
C000414,CLAMP DE CORDON,CLAMP DE CORDON,CLAMP,0,DISPOSITIFS MEDICAUX,1,UNITE,CAMEG,BOITE,150,150,80,REMBOURSABLE
D000100,CLOU D'OSTEOSYNTHESE DE KUNTSHCHER,CLOU,TOUT DIAMETRE ET TOUTE LONGUEUR,0,DISPOSITIFS MEDICAUX,1,Millilitre (s),DISPOSITIFS MEDICAUX,BOITE,55600,41700,80,ENTENTE PREALABLE
D000089,CLOU UNIVERSEL D'OSTEOSYNTHESE VERROUILLE AVEC VIS DE VERROUILLE,CLOU FEMUR AVEC VIS,TOUT DIAMETRE ET TOUTE LONGUEUR,0,DISPOSITIFS MEDICAUX,1,Millilitre (s),DISPOSITIFS MEDICAUX,BOITE,167500,125625,80,ENTENTE PREALABLE
D000090,CLOU UNIVERSEL D'OSTEOSYNTHESE VERROUILLE AVEC VIS DE VERROUILLE 2,CLOU TIBIA AVEC VIS,TOUT DIAMETRE ET TOUTE LONGUEUR,0,DISPOSITIFS MEDICAUX,1,Millilitre (s),DISPOSITIFS MEDICAUX,BOITE,167500,125625,80,ENTENTE PREALABLE
D000230,COMPRESSE DE GAZE STERILE LABELL,COMPRESSE,COMPRESSE STERILE,20x20,DISPOSITIFS MEDICAUX,10,Unite (s),DISPOSITIFS MEDICAUX,BOITE,485,485,80,REMBOURSABLE
D000231,COMPRESSE DE GAZE STERILE LABELL,COMPRESSE,COMPRESSE STERILE,30x30,DISPOSITIFS MEDICAUX,10,Unite (s),DISPOSITIFS MEDICAUX,BOITE,700,525,80,REMBOURSABLE
D000232,COMPRESSE DE GAZE STERILE LABELL,COMPRESSE,COMPRESSE STERILE,40x40,DISPOSITIFS MEDICAUX,10,Unite (s),DISPOSITIFS MEDICAUX,BOITE,910,683,80,REMBOURSABLE
C000240,COMPRESSE DE GAZE STERILLE 17 FILS 8PLIS 7.5X7.5 CM (30x30)2/sach B/10,COMPRESSE ABDO,COMPRESSE STERILE,30X30,DISPOSITIFS MEDICAUX,10,Grammes,CAMEG,BOITE,700,525,80,REMBOURSABLE
C000250,COMPRESSE ABDOMINALE NON TISSE STERILE 45X45 CM SACHET /2,COMPRESSE ABSOMINALE,COMPRESSE,45X45CM/SACHET/2,DISPOSITIFS MEDICAUX,2,UNITES,CAMEG,SACHET,1825,1278,80,REMBOURSABLE
C000235,COMPRESSE DE GAZE STERILE 17 fils 8 plis 10x10cm(40x40)2/sach B /10,COMPRESSE DE GAZE,COMPRESSE STERILE,40X40,DISPOSITIFS MEDICAUX,10,Grammes,CAMEG,BOITE,900,675,80,REMBOURSABLE
D000269,COMPRESSE TETRA NON TISSEE STERILE,COMPRESSE STERILE,COMPRESSE,10CM X 10CM,DISPOSITIFS MEDICAUX,10,Unite (s),DISPOSITIFS MEDICAUX,BOITE,520,390,80,REMBOURSABLE
D000271,COMPRESSE GAZE STERILES TETRA,COMPRESSE STERILE,COMPRESSE,20CM X 20CM,DISPOSITIFS MEDICAUX,10,Unite (s),DISPOSITIFS MEDICAUX,BOITE,265,265,80,REMBOURSABLE
D000272,COMPRESSES GAZE STERILES TETRA,COMPRESSE STERILE,COMPRESSE,30CM X 30CM,DISPOSITIFS MEDICAUX,10,Unite (s),DISPOSITIFS MEDICAUX,BOITE,465,465,80,REMBOURSABLE
D000273,COMPRESSES GAZE STERILES TETRA,COMPRESSE STERILE,COMPRESSE,40CM X 40CM,DISPOSITIFS MEDICAUX,10,Unite (s),DISPOSITIFS MEDICAUX,BOITE,700,683,80,REMBOURSABLE
D000270,COMPRESSE TETRA NON TISSEE STERILE,COMPRESSE STERILE,COMPRESSE,"7,5CM x 7,5CM",DISPOSITIFS MEDICAUX,10,Unite (s),DISPOSITIFS MEDICAUX,BOITE,380,285,80,REMBOURSABLE
D000067,COMPRINET PRO LG/REG T6,COMPRINET,MATERIEL,PM,DISPOSITIFS MEDICAUX,1,Millilitre (s),DISPOSITIFS MEDICAUX,BOITE,7545,5282,80,REMBOURSABLE
D000068,COMPRINET PRO LN/REG T5,COMPRINET,MATERIEL,PM,DISPOSITIFS MEDICAUX,1,Millilitre (s),DISPOSITIFS MEDICAUX,BOITE,7545,5282,80,REMBOURSABLE
D000069,COMPRINET PRO MED IREG T3,COMPRINET,MATERIEL,PM,DISPOSITIFS MEDICAUX,1,Millilitre (s),DISPOSITIFS MEDICAUX,BOITE,7545,5282,80,REMBOURSABLE
D000070,COMPRINET PRO MED LNG T4,COMPRINET,MATERIEL,PM,DISPOSITIFS MEDICAUX,1,Millilitre (s),DISPOSITIFS MEDICAUX,BOITE,7545,5282,80,REMBOURSABLE
D000065,COMPRINET PRO T7,COMPRINET,MATERIEL,PM,DISPOSITIFS MEDICAUX,1,Millilitre (s),DISPOSITIFS MEDICAUX,BOITE,7545,5282,80,REMBOURSABLE
D000066,COMPRINET PRO T8,COMPRINET,MATERIEL,PM,DISPOSITIFS MEDICAUX,1,Millilitre (s),DISPOSITIFS MEDICAUX,BOITE,7545,5282,80,REMBOURSABLE
C000348,COTON CADRE 1000G Unité,COTON,COTON CADRE,1000 G,DISPOSITIFS MEDICAUX,1,Grammes,CAMEG,Rouleau,5550,3885,80,REMBOURSABLE
C000347,COTON CARDE 500g Unité,COTON,COTON CADRE,500 g,DISPOSITIFS MEDICAUX,1,Grammes,CAMEG,Rouleau,2610,1827,80,REMBOURSABLE
D000233,COTON CARDE LABELL,COTON,Coton cardé,500G,DISPOSITIFS MEDICAUX,1,,DISPOSITIFS MEDICAUX,Rouleau,3150,2205,80,REMBOURSABLE
D000235,COTON HYDROPHILE LABELL,COTON,Coton Hydrophile,100G,DISPOSITIFS MEDICAUX,1,Unite (s),DISPOSITIFS MEDICAUX,Rouleau,1095,821,80,REMBOURSABLE
C000349,Coton Hydrophyle 100g unité,COTON,Coton Hydrophile,100g,DISPOSITIFS MEDICAUX,1,Grammes,CAMEG,Rouleau,825,619,80,REMBOURSABLE
D000236,COTON HYDROPHILE LABELL,COTON,Coton Hydrophile,200G,DISPOSITIFS MEDICAUX,1,Unite (s),DISPOSITIFS MEDICAUX,Rouleau,1905,1429,80,REMBOURSABLE
D000237,COTON HYDROPHILE LABELL,COTON,Coton Hydrophile,25G,DISPOSITIFS MEDICAUX,1,UNITE,DISPOSITIFS MEDICAUX,Rouleau,325,325,80,REMBOURSABLE
C000350,Coton Hydrophile 500g,COTON,Coton Hydrophile,500g,DISPOSITIFS MEDICAUX,1,Grammes,CAMEG,Rouleau,2550,1785,80,REMBOURSABLE
D000234,COTON HYDROPHILE LABELL,COTON,MATERIEL,1000G,DISPOSITIFS MEDICAUX,1,Gramme (s),DISPOSITIFS MEDICAUX,Rouleau,7275,5093,80,REMBOURSABLE
D000148,SOFFBAN PLUS,COTON CARDE SYNTHETIQUE,"COTON Carde 2,7m x 10cm",PM,DISPOSITIFS MEDICAUX,1,Unite (s),DISPOSITIFS MEDICAUX,BOITE,535,535,80,REMBOURSABLE
D000145,SOFFBAN PLUS,COTON CARDE SYNTHETIQUE,"COTON carde 2,7m x 15 cm",PM,DISPOSITIFS MEDICAUX,1,Unite (s),DISPOSITIFS MEDICAUX,BOITE,880,660,80,REMBOURSABLE
D000144,SOFFBAN PLUS,COTON CARDE SYNTHETIQUE,"COTON carde 2,7m x 20 cm",PM,DISPOSITIFS MEDICAUX,1,Millilitre (s),DISPOSITIFS MEDICAUX,BOITE,1005,754,80,REMBOURSABLE
D000113,JERSEY COTON,COTON HYDROFUGE,JERSEY HYDROFUGE 10m x 10cm,PM,DISPOSITIFS MEDICAUX,1,Millilitre (s),DISPOSITIFS MEDICAUX,BOITE,9275,6493,80,REMBOURSABLE
D000126,JERSEY COTON,COTON HYDROFUGE,JERSEY HYDROFUGE 10m x 3 cm,PM,DISPOSITIFS MEDICAUX,1,Millilitre (s),DISPOSITIFS MEDICAUX,BOITE,3655,2559,80,REMBOURSABLE
D000124,JERSEY COTON,COTON HYDROFUGE,JERSEY HYDROFUGE 10m x 5 cm,PM,DISPOSITIFS MEDICAUX,1,Millilitre (s),DISPOSITIFS MEDICAUX,BOITE,4870,3409,80,REMBOURSABLE
D000114,JERSEY COTON,COTON HYDROFUGE,JERSEY HYDROFUGE 10m x 7 cm,PM,DISPOSITIFS MEDICAUX,1,Millilitre (s),DISPOSITIFS MEDICAUX,BOITE,7650,5355,80,REMBOURSABLE
D000274,COTON TETRA ZIG ZAG,COTON HYDROPHILE,Coton Hydrophile,100 G,DISPOSITIFS MEDICAUX,1,Unite (s),DISPOSITIFS MEDICAUX,BOITE,840,821,80,REMBOURSABLE
D000142,EASIFIX COHESIVE,ELASTOMUL HAFT,BANDE DE 4M x 8CM,PM,DISPOSITIFS MEDICAUX,1,Millilitre (s),DISPOSITIFS MEDICAUX,BOITE,1415,1061,80,REMBOURSABLE
C000261,ETHILON NOIR (polyamide monofil)dec 2(3/0)90cmF2417aigFS-1 24mm3/8,ETHILON,FIL DE SUTURE NON RESSORBABLE (3/0),3/0,DISPOSITIFS MEDICAUX,1,Grammes,CAMEG,BOITE,1000,1000,80,REMBOURSABLE
C000269,ETHILON NOIR (polyamide monofil)dec3(2/0)90cm F2418 Aig FS26mm3/8c,ETHILON NOIR,FIL DE SUTURE NON RESORBABLE (2/0),2/0,DISPOSITIFS MEDICAUX,1,Grammes,CAMEG,BOITE,1000,1000,80,REMBOURSABLE
D000240,GANT D'EXAMEN LATEX LABELL PM,GANT,Gant Latex,n°6/7,DISPOSITIFS MEDICAUX,100,Unite (s),DISPOSITIFS MEDICAUX,BOITE,5170,3619,80,REMBOURSABLE
D000243,GANT D'EXAMEN LATEX LABELL PM,GANT,Gant Latex,n°6/7,DISPOSITIFS MEDICAUX,1,,DISPOSITIFS MEDICAUX,BOITE,104,55,80,REMBOURSABLE
C000290,GANT D'EXAMEN EN LATEX MMB/100,GANT,Gant latex MM B/100,MM B/100,DISPOSITIFS MEDICAUX,100,Grammes,CAMEG,BOITE,4500,3150,80,REMBOURSABLE
C000279,GANT de Chirugie en Latex stérile n°7.5 Paire,GANT,"Gant Latex n°7,5 Paire",n°7.5 Paire,DISPOSITIFS MEDICAUX,1,Grammes,CAMEG,BOITE,300,200,80,REMBOURSABLE
D000238,GANT CHIR LATEX STERILE LABELL,GANT,Gant Latex stérile,n°7.5,DISPOSITIFS MEDICAUX,1,UNITE,DISPOSITIFS MEDICAUX,BOITE,315,200,80,REMBOURSABLE
D000241,GANT D'EXAMEN LATEX LABELL MM,GANT,Gant Latex stérile,n°7/8,DISPOSITIFS MEDICAUX,100,Unite (s),DISPOSITIFS MEDICAUX,BOITE,5335,3735,80,REMBOURSABLE
D000244,GANT D'EXAMEN LATEX LABELL MM,GANT,Gant Latex stérile,n°7/8,DISPOSITIFS MEDICAUX,1,,DISPOSITIFS MEDICAUX,BOITE,107,55,80,REMBOURSABLE
D000239,GANT CHIR LATEX STERILE LABELL,GANT,Gant Latex stérile,n°8,DISPOSITIFS MEDICAUX,1,UNITE,DISPOSITIFS MEDICAUX,BOITE,300,200,80,REMBOURSABLE
D000242,GANT D'EXAMEN LATEX LABELL GM,GANT,Gant Latex stérile,n°8/9,DISPOSITIFS MEDICAUX,100,Unite (s),DISPOSITIFS MEDICAUX,BOITE,5840,4088,80,REMBOURSABLE
D000245,GANT D'EXAMEN LATEX LABELL GM,GANT,Gant Latex stérile,n°8/9,DISPOSITIFS MEDICAUX,1,,DISPOSITIFS MEDICAUX,BOITE,117,90,80,REMBOURSABLE
C000275,GANT de Chirirugie en Latex Stérile n°7 Paire,GANT,GANT LATEX STERILE N°7,N°7 PAIRE,DISPOSITIFS MEDICAUX,1,Grammes,CAMEG,BOITE,300,200,80,REMBOURSABLE
C000282,GANT de chirugie en latex Stérile n°8 Paire,GANT,gant latex stérile n°8,N°8 Paire,DISPOSITIFS MEDICAUX,1,Grammes,CAMEG,BOITE,300,200,80,REMBOURSABLE
C000286,"GANT de Chirugie en Latex Stérile n°8,5 Paire",GANT,"gant latex stérile n°8,5","n°8,5 Paire",DISPOSITIFS MEDICAUX,1,Grammes,CAMEG,BOITE,300,200,80,REMBOURSABLE
C000396,GANT,"GANT d'examen en latex PM, MM ou GM",LATEX,"PM, MM, ou GM, Paire",DISPOSITIFS MEDICAUX,2,Unite (s),CAMEG,BOITE,90,90,80,REMBOURSABLE
C000403,GANT LATEX PM/MM,GANT d'examen en latex PM/MM,Gant Latex,1,DISPOSITIFS MEDICAUX,100,Unite (s),CAMEG,BOITE,2700,1890,80,REMBOURSABLE
C000402,GANT LATEX PM/MM,GANT d'examen en latex PM/MM,Gant Latex,1 Paire,DISPOSITIFS MEDICAUX,2,Unite (s),CAMEG,Sachet,55,55,80,REMBOURSABLE
C000415,GANT LONG,GANT LONG,Gant Latex,0,DISPOSITIFS MEDICAUX,1,PAIRE,CAMEG,BOITE,600,600,80,REMBOURSABLE
D000178,KIT IMPLANTS N°1,IMPLANTS,KIT,0,DISPOSITIFS MEDICAUX,1,Unite (s),DISPOSITIFS MEDICAUX,BOITE,50000,50000,80,ENTENTE PREALABLE
D000187,KIT IMPLANTS N°10,IMPLANTS,KIT,0,DISPOSITIFS MEDICAUX,1,Unite (s),DISPOSITIFS MEDICAUX,BOITE,500000,500000,80,ENTENTE PREALABLE
D000188,KIT IMPLANTS N°11,IMPLANTS,KIT,0,DISPOSITIFS MEDICAUX,1,Unite (s),DISPOSITIFS MEDICAUX,BOITE,550000,550000,80,ENTENTE PREALABLE
D000189,KIT IMPLANTS N°12,IMPLANTS,KIT,0,DISPOSITIFS MEDICAUX,1,Unite (s),DISPOSITIFS MEDICAUX,BOITE,600000,600000,80,ENTENTE PREALABLE
D000190,KIT IMPLANTS N°13,IMPLANTS,KIT,0,DISPOSITIFS MEDICAUX,1,Unite (s),DISPOSITIFS MEDICAUX,BOITE,650000,650000,80,ENTENTE PREALABLE
D000191,KIT IMPLANTS N°14,IMPLANTS,KIT,0,DISPOSITIFS MEDICAUX,1,Unite (s),DISPOSITIFS MEDICAUX,BOITE,700000,700000,80,ENTENTE PREALABLE
D000192,KIT IMPLANTS N°15,IMPLANTS,KIT,0,DISPOSITIFS MEDICAUX,1,Unite (s),DISPOSITIFS MEDICAUX,BOITE,750000,750000,80,ENTENTE PREALABLE
D000193,KIT IMPLANTS N°16,IMPLANTS,KIT,0,DISPOSITIFS MEDICAUX,1,Unite (s),DISPOSITIFS MEDICAUX,BOITE,800000,800000,80,ENTENTE PREALABLE
D000194,KIT IMPLANTS N°17,IMPLANTS,KIT,0,DISPOSITIFS MEDICAUX,1,Unite (s),DISPOSITIFS MEDICAUX,BOITE,850000,850000,80,ENTENTE PREALABLE
D000195,KIT IMPLANTS N°18,IMPLANTS,KIT,0,DISPOSITIFS MEDICAUX,1,Unite (s),DISPOSITIFS MEDICAUX,BOITE,900000,900000,80,ENTENTE PREALABLE
D000196,KIT IMPLANTS N°19,IMPLANTS,KIT,0,DISPOSITIFS MEDICAUX,1,Unite (s),DISPOSITIFS MEDICAUX,BOITE,950000,950000,80,ENTENTE PREALABLE
D000179,KIT IMPLANTS N°2,IMPLANTS,KIT,0,DISPOSITIFS MEDICAUX,1,,DISPOSITIFS MEDICAUX,BOITE,100000,100000,80,ENTENTE PREALABLE
D000197,KIT IMPLANTS N°20,IMPLANTS,KIT,0,DISPOSITIFS MEDICAUX,1,Unite (s),DISPOSITIFS MEDICAUX,BOITE,1000000,1000000,80,ENTENTE PREALABLE
D000198,KIT IMPLANTS N°21,IMPLANTS,KIT,0,DISPOSITIFS MEDICAUX,1,Unite (s),DISPOSITIFS MEDICAUX,BOITE,1050000,1050000,80,ENTENTE PREALABLE
D000199,KIT IMPLANTS N°22,IMPLANTS,KIT,0,DISPOSITIFS MEDICAUX,1,Unite (s),DISPOSITIFS MEDICAUX,BOITE,1100000,1100000,80,ENTENTE PREALABLE
D000200,KIT IMPLANTS N°23,IMPLANTS,KIT,0,DISPOSITIFS MEDICAUX,1,Unite (s),DISPOSITIFS MEDICAUX,BOITE,1150000,1150000,80,ENTENTE PREALABLE
D000201,KIT IMPLANTS N°24,IMPLANTS,KIT,0,DISPOSITIFS MEDICAUX,1,Unite (s),DISPOSITIFS MEDICAUX,BOITE,1200000,1200000,80,ENTENTE PREALABLE
D000202,KIT IMPLANTS N°25,IMPLANTS,KIT,0,DISPOSITIFS MEDICAUX,1,Unite (s),DISPOSITIFS MEDICAUX,BOITE,1250000,1250000,80,ENTENTE PREALABLE
D000203,KIT IMPLANTS N°26,IMPLANTS,KIT,0,DISPOSITIFS MEDICAUX,1,Unite (s),DISPOSITIFS MEDICAUX,BOITE,1300000,1300000,80,ENTENTE PREALABLE
D000204,KIT IMPLANTS N°27,IMPLANTS,KIT,0,DISPOSITIFS MEDICAUX,1,Unite (s),DISPOSITIFS MEDICAUX,BOITE,1350000,1350000,80,ENTENTE PREALABLE
D000205,KIT IMPLANTS N°28,IMPLANTS,KIT,0,DISPOSITIFS MEDICAUX,1,Unite (s),DISPOSITIFS MEDICAUX,BOITE,1400000,1400000,80,ENTENTE PREALABLE
D000206,KIT IMPLANTS N°29,IMPLANTS,KIT,0,DISPOSITIFS MEDICAUX,1,Unite (s),DISPOSITIFS MEDICAUX,BOITE,1450000,1450000,80,ENTENTE PREALABLE
D000180,KIT IMPLANTS N°3,IMPLANTS,KIT,0,DISPOSITIFS MEDICAUX,1,Unite (s),DISPOSITIFS MEDICAUX,BOITE,150000,150000,80,ENTENTE PREALABLE
D000207,KIT IMPLANTS N°30,IMPLANTS,KIT,0,DISPOSITIFS MEDICAUX,1,Unite (s),DISPOSITIFS MEDICAUX,BOITE,1500000,1500000,80,ENTENTE PREALABLE
D000208,KIT IMPLANTS N°31,IMPLANTS,KIT,0,DISPOSITIFS MEDICAUX,1,Unite (s),DISPOSITIFS MEDICAUX,BOITE,1550000,1550000,80,ENTENTE PREALABLE
D000209,KIT IMPLANTS N°32,IMPLANTS,KIT,0,DISPOSITIFS MEDICAUX,1,Unite (s),DISPOSITIFS MEDICAUX,BOITE,1600000,1600000,80,ENTENTE PREALABLE
D000210,KIT IMPLANTS N°33,IMPLANTS,KIT,0,DISPOSITIFS MEDICAUX,1,Unite (s),DISPOSITIFS MEDICAUX,BOITE,1650000,1650000,80,ENTENTE PREALABLE
D000211,KIT IMPLANTS N°34,IMPLANTS,KIT,0,DISPOSITIFS MEDICAUX,1,Unite (s),DISPOSITIFS MEDICAUX,BOITE,1700000,1700000,80,ENTENTE PREALABLE
D000212,KIT IMPLANTS N°35,IMPLANTS,KIT,0,DISPOSITIFS MEDICAUX,1,Unite (s),DISPOSITIFS MEDICAUX,BOITE,1750000,1750000,80,ENTENTE PREALABLE
D000213,KIT IMPLANTS N°36,IMPLANTS,KIT,0,DISPOSITIFS MEDICAUX,1,Unite (s),DISPOSITIFS MEDICAUX,BOITE,1800000,1800000,80,ENTENTE PREALABLE
D000214,KIT IMPLANTS N°37,IMPLANTS,KIT,0,DISPOSITIFS MEDICAUX,1,Unite (s),DISPOSITIFS MEDICAUX,BOITE,1850000,1850000,80,ENTENTE PREALABLE
D000215,KIT IMPLANTS N°38,IMPLANTS,KIT,0,DISPOSITIFS MEDICAUX,1,Unite (s),DISPOSITIFS MEDICAUX,BOITE,1900000,1900000,80,ENTENTE PREALABLE
D000216,KIT IMPLANTS N°39,IMPLANTS,KIT,0,DISPOSITIFS MEDICAUX,1,Unite (s),DISPOSITIFS MEDICAUX,BOITE,1950000,1950000,80,ENTENTE PREALABLE
D000181,KIT IMPLANTS N°4,IMPLANTS,KIT,0,DISPOSITIFS MEDICAUX,1,Unite (s),DISPOSITIFS MEDICAUX,BOITE,200000,200000,80,ENTENTE PREALABLE
D000217,KIT IMPLANTS N°40,IMPLANTS,KIT,0,DISPOSITIFS MEDICAUX,1,Unite (s),DISPOSITIFS MEDICAUX,BOITE,2000000,2000000,80,ENTENTE PREALABLE
D000182,KIT IMPLANTS N°5,IMPLANTS,KIT,0,DISPOSITIFS MEDICAUX,1,Unite (s),DISPOSITIFS MEDICAUX,BOITE,250000,250000,80,ENTENTE PREALABLE
D000183,KIT IMPLANTS N°6,IMPLANTS,KIT,0,DISPOSITIFS MEDICAUX,1,Unite (s),DISPOSITIFS MEDICAUX,BOITE,300000,300000,80,ENTENTE PREALABLE
D000184,KIT IMPLANTS N°7,IMPLANTS,KIT,0,DISPOSITIFS MEDICAUX,1,Unite (s),DISPOSITIFS MEDICAUX,BOITE,350000,350000,80,ENTENTE PREALABLE
D000185,KIT IMPLANTS N°8,IMPLANTS,KIT,0,DISPOSITIFS MEDICAUX,1,Unite (s),DISPOSITIFS MEDICAUX,BOITE,400000,400000,80,ENTENTE PREALABLE
D000186,KIT IMPLANTS N°9,IMPLANTS,KIT,0,DISPOSITIFS MEDICAUX,1,Unite (s),DISPOSITIFS MEDICAUX,BOITE,450000,450000,80,ENTENTE PREALABLE
D000258,LAME DE DERMATOME Narang,LAME DE DERMATOME,LAME,0,DISPOSITIFS MEDICAUX,1,UNITE,DISPOSITIFS MEDICAUX,Sachet,25000,21250,80,REMBOURSABLE
D000086,LAME PLAQUE 130°,LAME PLAQUE,INFERIEUR A4 TROUS,0,DISPOSITIFS MEDICAUX,1,Millilitre (s),DISPOSITIFS MEDICAUX,BOITE,190000,142500,80,ENTENTE PREALABLE
D000087,LAME PLAQUE 95°,LAME PLAQUE,INFERIEUR A4 TROUS,0,DISPOSITIFS MEDICAUX,1,Millilitre (s),DISPOSITIFS MEDICAUX,BOITE,190000,142500,80,ENTENTE PREALABLE
D000084,LAME PLAQUE 130°,LAME PLAQUE,SUPERIEUR A4 TROUS,0,DISPOSITIFS MEDICAUX,1,Millilitre (s),DISPOSITIFS MEDICAUX,BOITE,195000,146250,80,ENTENTE PREALABLE
D000085,LAME PLAQUE 95°,LAME PLAQUE,SUPERIEUR A4 TROUS,0,DISPOSITIFS MEDICAUX,1,Millilitre (s),DISPOSITIFS MEDICAUX,BOITE,195000,146250,80,ENTENTE PREALABLE
C000303,LAMES de bistouri stériles uu n°22,LAMES DE BISTOURI,LAME,N°22,DISPOSITIFS MEDICAUX,1,MILLILITRES,CAMEG,BOITE,50,50,80,REMBOURSABLE
C000306,LAMES DE Bistouri stériles uun°23,LAMES DE BISTOURI,LAME,n°23,DISPOSITIFS MEDICAUX,1,,CAMEG,BOITE,50,50,80,REMBOURSABLE
C000312,LAMES DE BISTOURI STERILES uu N°24,LAMES DE BISTOURI,LAME,N°24,DISPOSITIFS MEDICAUX,1,Grammes,CAMEG,BOITE,50,50,80,REMBOURSABLE
C000361,MERSUTURE VERT Dec 4,MERSUTURE,FIL A SUTURE POLYESTER (1),FIL A SUTURE POLYESTER  (1),DISPOSITIFS MEDICAUX,1,Gramme (s),CAMEG,BOITE,1000,1000,80,REMBOURSABLE
C000360,MERSUTURE VERT Dec 6,MERSUTURE,FIL A SUTURE POLYESTER (3),FIL A SUTURE POLYESTER (3),DISPOSITIFS MEDICAUX,1,Gramme (s),CAMEG,BOITE,1000,1000,80,REMBOURSABLE
C000310,MICROPERFUSEUR(épicranienne)20Gxunité,MICROPERFUSEUR,MICROPERFUSEUR,20g,DISPOSITIFS MEDICAUX,1,Grammes,CAMEG,BOITE,100,100,80,REMBOURSABLE
D000246,MICROPERFUSEUR (EPICRANIENNE) LABELL,MICROPERFUSEUR,MICROPERFUSEUR,21G,DISPOSITIFS MEDICAUX,1,,DISPOSITIFS MEDICAUX,BOITE,125,100,80,REMBOURSABLE
C000313,MICROPERFUSEUR (épicranienne)21gx unité,MICROPERFUSEUR,MICROPERFUSEUR,21G,DISPOSITIFS MEDICAUX,1,Grammes,CAMEG,BOITE,100,100,80,REMBOURSABLE
D000247,MICROPERFUSEUR (EPICRANIENNE) LABELL,MICROPERFUSEUR,MICROPERFUSEUR,22G,DISPOSITIFS MEDICAUX,1,UNITE,DISPOSITIFS MEDICAUX,BOITE,125,100,80,REMBOURSABLE
C000315,MICROPREFUSEUR (épicrannienne),MICROPERFUSEUR,MICROPERFUSEUR,22G,DISPOSITIFS MEDICAUX,1,Grammes,CAMEG,BOITE,100,100,80,REMBOURSABLE
C000317,MICROPERFUSEUR (épicranienne) 23Gx unité,MICROPERFUSEUR,MICROPERFUSEUR,23g,DISPOSITIFS MEDICAUX,1,Grammes,CAMEG,BOITE,85,85,80,REMBOURSABLE
D000248,MICROPERFUSEUR (EPICRANIENNE) LABELL,MICROPERFUSEUR,MICROPERFUSEUR,23G,DISPOSITIFS MEDICAUX,1,UNITE,DISPOSITIFS MEDICAUX,BOITE,115,85,80,REMBOURSABLE
C000319,MICROPERFUSEUR (épicranienne 25G),MICROPERFUSEUR,MICROPERFUSEUR,25G,DISPOSITIFS MEDICAUX,1,Grammes,CAMEG,BOITE,65,65,80,REMBOURSABLE
D000249,MICROPERFUSEUR (EPICRANIENNE) LABELL,MICROPERFUSEUR,MICROPERFUSEUR,25G,DISPOSITIFS MEDICAUX,1,UNITE,DISPOSITIFS MEDICAUX,BOITE,110,65,80,REMBOURSABLE
D000138,CUTISORB ABSORB,PANSEMENT ABSORBANT,BANDE DE 10m x 10cm,PM,DISPOSITIFS MEDICAUX,1,Millilitre (s),DISPOSITIFS MEDICAUX,BOITE,1969,1477,80,REMBOURSABLE
D000131,CUTISORB ABSORB,PANSEMENT ABSORBANT,BANDE DE 10m x 20cm,PM,DISPOSITIFS MEDICAUX,1,Millilitre (s),DISPOSITIFS MEDICAUX,BOITE,2866,2006,80,REMBOURSABLE
D000127,CUTISORB ABSORB,PANSEMENT ABSORBANT,BANDE DE 15m x 20cm,PM,DISPOSITIFS MEDICAUX,1,Millilitre (s),DISPOSITIFS MEDICAUX,BOITE,3360,2352,80,REMBOURSABLE
D000136,CUTICELL CLASSIC,PANSEMENT GRAS STERILE,BANDE DE 10m x 10cm,PM,DISPOSITIFS MEDICAUX,1,Millilitre (s),DISPOSITIFS MEDICAUX,BOITE,2160,1512,80,REMBOURSABLE
D000117,CUTICELL CLASSIC,PANSEMENT GRAS STERILE,BANDE DE 10M x 40CM,PM,DISPOSITIFS MEDICAUX,1,Millilitre (s),DISPOSITIFS MEDICAUX,BOITE,5945,4162,80,REMBOURSABLE
D000132,CUTIMED GEL,PANSEMENT HYDROGEL,TUBE DE 25g,PM,DISPOSITIFS MEDICAUX,1,Millilitre (s),DISPOSITIFS MEDICAUX,BOITE,2715,1901,80,REMBOURSABLE
C000322,PERFUSEUR en PVC et AIGUILLE 23G,PERFUSEUR,PERFUSEUR AVEC AIGUILLE,23G,DISPOSITIFS MEDICAUX,1,Grammes,CAMEG,BOITE,250,250,80,REMBOURSABLE
C000323,PERFUSEUR EN PVC,PERFUSEUR,PERFUSEUR EN Y avec aiguille,21G,DISPOSITIFS MEDICAUX,1,Grammes,CAMEG,BOITE,235,180,80,REMBOURSABLE
D000160,PHIL-CAST / BANDE DE RESINE,PHIL-CAST,PHIL-CAST,"10 cm x 3,6 m",DISPOSITIFS MEDICAUX,1,Metre (s),DISPOSITIFS MEDICAUX,BOITE,5750,4025,80,REMBOURSABLE
D000161,PHIL-CAST / BANDE DE RESINE,PHIL-CAST,PHIL-CAST,"12,5 cm x 3,6 m",DISPOSITIFS MEDICAUX,1,Metre (s),DISPOSITIFS MEDICAUX,BOITE,6950,4865,80,REMBOURSABLE
D000096,PLAQUE D.C.P ETROITE,PLAQUE,DE 10 A 15 TROUS,0,DISPOSITIFS MEDICAUX,1,Millilitre (s),DISPOSITIFS MEDICAUX,BOITE,60000,45000,80,ENTENTE PREALABLE
D000097,PLAQUE D.C.P LARGE,PLAQUE,DE 10 A 15 TROUS,0,DISPOSITIFS MEDICAUX,1,Millilitre (s),DISPOSITIFS MEDICAUX,BOITE,60000,45000,80,ENTENTE PREALABLE
D000098,PLAQUE D.C.P SMALL,PLAQUE,DE 10 A 15 TROUS,0,DISPOSITIFS MEDICAUX,1,Millilitre (s),DISPOSITIFS MEDICAUX,BOITE,60000,45000,80,ENTENTE PREALABLE
D000102,PLAQUE D.C.P LARGE,PLAQUE,INFERIEUR A 10 TROUS,0,DISPOSITIFS MEDICAUX,1,Millilitre (s),DISPOSITIFS MEDICAUX,BOITE,50000,37500,80,ENTENTE PREALABLE
D000103,PLAQUE D.C.P SMALL,PLAQUE,INFERIEUR A 10 TROUS,0,DISPOSITIFS MEDICAUX,1,Millilitre (s),DISPOSITIFS MEDICAUX,BOITE,50000,37500,80,ENTENTE PREALABLE
D000093,PLAQUE D.C.P ETROITE,PLAQUE,SUPERIEUR A 15 TROUS,0,DISPOSITIFS MEDICAUX,1,Millilitre (s),DISPOSITIFS MEDICAUX,BOITE,70000,52500,80,ENTENTE PREALABLE
D000094,PLAQUE D.C.P LARGE,PLAQUE,SUPERIEUR A 15 TROUS,0,DISPOSITIFS MEDICAUX,1,Millilitre (s),DISPOSITIFS MEDICAUX,BOITE,70000,52500,80,ENTENTE PREALABLE
D000095,PLAQUE D.C.P SMALL,PLAQUE,SUPERIEUR A 15 TROUS,0,DISPOSITIFS MEDICAUX,1,Millilitre (s),DISPOSITIFS MEDICAUX,BOITE,70000,52500,80,ENTENTE PREALABLE
D000101,PLAQUE D.C.P ETROITE,PLAQUE,TOUT DIAMETRE ET TOUTE LONGUEUR,0,DISPOSITIFS MEDICAUX,1,Millilitre (s),DISPOSITIFS MEDICAUX,BOITE,50000,37500,80,ENTENTE PREALABLE
D000083,PLAQUE D.C.S,PLAQUE,TOUTE DIMENSION,0,DISPOSITIFS MEDICAUX,1,Millilitre (s),DISPOSITIFS MEDICAUX,BOITE,214400,160800,80,ENTENTE PREALABLE
D000088,PLAQUE D.H.S,PLAQUE,TOUTE DIMENSION,0,DISPOSITIFS MEDICAUX,1,Millilitre (s),DISPOSITIFS MEDICAUX,BOITE,184400,138300,80,ENTENTE PREALABLE
C000324,POCHE à urine ,POCHE à urine,poche à urine,2l,DISPOSITIFS MEDICAUX,1,MILLILITRES,CAMEG,BOITE,525,525,80,REMBOURSABLE
C000325,PROLENE BLEU (polymère monofil) dec.3.5(0)75cm F2820 AigCP-2 26mm1/2,PROLENE,Fil à suture monofil,(0),DISPOSITIFS MEDICAUX,1,Grammes,CAMEG,BOITE,2050,2050,80,REMBOURSABLE
D000092,PROTHESE PARTIELLE (DE MOORE),PROTHESE,PARTIELLE,0,DISPOSITIFS MEDICAUX,1,Millilitre (s),DISPOSITIFS MEDICAUX,BOITE,156500,117375,80,ENTENTE PREALABLE
D000091,PROTHESE PARTIELLE (DE THOMPSON),PROTHESE,PARTIELLE,0,DISPOSITIFS MEDICAUX,1,Millilitre (s),DISPOSITIFS MEDICAUX,BOITE,158000,118500,80,ENTENTE PREALABLE
D000082,PROTHESE TOTALE AVEC CIMENT,PROTHESE,TOTALE,0,DISPOSITIFS MEDICAUX,1,Gramme (s),DISPOSITIFS MEDICAUX,BOITE,1215000,911250,80,ENTENTE PREALABLE
D000081,PROTHESE TOTALE SANS CIMENT,PROTHESE,TOTALE,0,DISPOSITIFS MEDICAUX,1,Gramme (s),DISPOSITIFS MEDICAUX,BOITE,1710000,1282500,80,ENTENTE PREALABLE
C000326,SERINGUE 2 Pièces ,SERINGUE,SERINGUE,10ml 21G,DISPOSITIFS MEDICAUX,1,MILLILITRES,CAMEG,BOITE,55,40,80,REMBOURSABLE
C000327,SERINGUE 2Pièces ,SERINGUE,SERINGUE,2 ml 23 G,DISPOSITIFS MEDICAUX,1,Grammes,CAMEG,BOITE,40,25,80,REMBOURSABLE
C000328,SERINGUE 2Pièces Luer Polypropylène 5ml + Aiguille 21Gx40mm unité,SERINGUE,SERINGUE,5 ml 21 G,DISPOSITIFS MEDICAUX,1,Grammes,CAMEG,BOITE,55,40,80,REMBOURSABLE
C000397,SERINGUE À INSULINE,SERINGUE À INSULINE,SERINGUE,1ML,DISPOSITIFS MEDICAUX,1,UNITE,CAMEG,BOITE,80,80,80,REMBOURSABLE
D000162,SOFBAN / BANDE DE PROTECTION,SOFBAN,BANDE DE PROTECTION,"2,7 m x 10 cm",DISPOSITIFS MEDICAUX,1,UNITE,DISPOSITIFS MEDICAUX,BOITE,558,558,80,REMBOURSABLE
C000398,SONDE à OXYGENE,SONDE à OXYGENE en PVC embout mosse CH 40 cm unité,TOUTE DIMENSION,PM,DISPOSITIFS MEDICAUX,1,Unite (s),CAMEG,BOITE,475,475,80,REMBOURSABLE
C000329,SONDE D'ALIMENTATION PEDIATRIQUE en PVC graduée CH10 40cm unité,SONDE D'ALIMENTATION,SONDE D'ALIMENTATION PEDIATRIQUE,CH 10,DISPOSITIFS MEDICAUX,1,Grammes,CAMEG,BOITE,505,335,80,REMBOURSABLE
C000330,SONDE D'ALIMENTATION PEDIATRIQUE EN pvc graduée CH6 40cm unité,SONDE D'ALIMENTATION,SONDE D'ALIMENTATION PEDIATRIQUE,CH 6,DISPOSITIFS MEDICAUX,1,Grammes,CAMEG,BOITE,490,325,80,REMBOURSABLE
C000332,SONDE DE FOLEY droite 2 voies  latex enduct silic CH14 ball 15ml unité,SONDE DE FOLEY,SONDE DE FOLEY,CH 14,DISPOSITIFS MEDICAUX,1,Grammes,CAMEG,BOITE,600,600,80,REMBOURSABLE
C000331,SONDE DE FOLEY droite 2 voies latex enduct silic CH18 ball 15ml unité,SONDE DE FOLEY,SONDE DE FOLEY,CH 18,DISPOSITIFS MEDICAUX,1,Grammes,CAMEG,BOITE,865,649,80,REMBOURSABLE
C000333,SONDE DE FOLEY droite 2voies latex enduct silic CH16 ball 15ml unité,SONDE DE FOLEY,SONDE DE FOLEY,CH16,DISPOSITIFS MEDICAUX,1,Grammes,CAMEG,BOITE,575,575,80,REMBOURSABLE
C000399,SONDE DE LEVIN,SONDE DE LEVIN en PVC graduée ORX CH 125cm unité,TOUTE DIMENSION,PM,DISPOSITIFS MEDICAUX,1,Unite (s),CAMEG,BOITE,990,743,80,REMBOURSABLE
C000334,SONDE URINAIRE de Nelaton Homme en PVC 18 40cm unité,SONDE URINAIRE,SONDE URINAIRE DE NELATON,CH 18,DISPOSITIFS MEDICAUX,1,Grammes,CAMEG,BOITE,525,575,80,REMBOURSABLE
C000357,SPARADRAP PERFORE,SPARADRAP,ROULEAU 5m x 18cm perfore,25 cm,DISPOSITIFS MEDICAUX,0,Unite (s),CAMEG,Lamelle,150,150,80,REMBOURSABLE
C000335,SPARADRAP Tissé Perforé Sécable 5mx18cm rouleau LEUKOPLAST,SPARADRAP,ROULEAU PERFORE,5mx18cm,DISPOSITIFS MEDICAUX,1,Grammes,CAMEG,Rouleau,3075,2153,80,REMBOURSABLE
D000141,HYPAFIX Sparadrap hypoallergenique,SPARADRAP HYPOALLERGENIQUE,BANDE DE 2m x 10cm,PM,DISPOSITIFS MEDICAUX,1,Millilitre (s),DISPOSITIFS MEDICAUX,Rouleau,1455,1091,80,REMBOURSABLE
D000149,LEUCKOPLAST S,SPARADRAP TRADITIONNEL,"ROULEAU 5m x 1,25cm",PM,DISPOSITIFS MEDICAUX,1,Unite (s),DISPOSITIFS MEDICAUX,Rouleau,505,505,80,REMBOURSABLE
D000153,LEUCKOPLAST S,SPARADRAP TRADITIONNEL,ROULEAU 5m x 10cm perfore,25 cm,DISPOSITIFS MEDICAUX,0,Unite (s),DISPOSITIFS MEDICAUX,Lamelle,145,145,80,REMBOURSABLE
D000130,LEUCKOPLAST S,SPARADRAP TRADITIONNEL,ROULEAU 5m x 10cm perfore,PM,DISPOSITIFS MEDICAUX,1,Millilitre (s),DISPOSITIFS MEDICAUX,Rouleau,2910,2037,80,REMBOURSABLE
D000152,LEUCKOPLAST S,SPARADRAP TRADITIONNEL,ROULEAU 5m x 18cm perfore,25 cm,DISPOSITIFS MEDICAUX,0,Unite (s),DISPOSITIFS MEDICAUX,Lamelle,200,200,80,REMBOURSABLE
D000125,LEUCKOPLAST S,SPARADRAP TRADITIONNEL,ROULEAU 5m x 18cm perfore,PM,DISPOSITIFS MEDICAUX,1,Millilitre (s),DISPOSITIFS MEDICAUX,Rouleau,4000,2800,80,REMBOURSABLE
D000146,LEUCKOPLAST S,SPARADRAP TRADITIONNEL,ROULEAU 5m x 2cm,PM,DISPOSITIFS MEDICAUX,1,Unite (s),DISPOSITIFS MEDICAUX,Rouleau,690,518,80,REMBOURSABLE
D000155,LEUCKOPLAST S,SPARADRAP TRADITIONNEL,ROULEAU 5m x 5cm perfore,25 cm,DISPOSITIFS MEDICAUX,0,Unite (s),DISPOSITIFS MEDICAUX,Lamelle,90,90,80,REMBOURSABLE
D000140,LEUCKOPLAST S,SPARADRAP TRADITIONNEL,ROULEAU 5m x 5cm perfore,PM,DISPOSITIFS MEDICAUX,1,Millilitre (s),DISPOSITIFS MEDICAUX,Rouleau,1755,1316,80,REMBOURSABLE
D000163,STERICRIN 2/0 CT 3/8/ Fil de suture en polyamide bleu,STERICRIN,FIL NON RESORVABLE,PM,DISPOSITIFS MEDICAUX,1,Metre (s),DISPOSITIFS MEDICAUX,BOITE,950,950,80,REMBOURSABLE
D000164,STERIDEK 2/0 CR 3/8 26 MM/ FIL DE SUTURE EN POLYESTER,STERIDEK,FIL NON RESORVABLE,PM,DISPOSITIFS MEDICAUX,1,Metre (s),DISPOSITIFS MEDICAUX,BOITE,1700,1700,80,REMBOURSABLE
D000165,STERIFIL JERSEY / Jersey médical,STERIFIL JERSEY,JERSEY MEDICAL,10 cm x 25 m,DISPOSITIFS MEDICAUX,1,Metre (s),DISPOSITIFS MEDICAUX,BOITE,2675,1873,80,REMBOURSABLE
D000166,STERIFIL JERSEY / Jersey médical,STERIFIL JERSEY,JERSEY MEDICAL,15 cm x 25 m,DISPOSITIFS MEDICAUX,1,Metre (s),DISPOSITIFS MEDICAUX,BOITE,3540,2478,80,REMBOURSABLE
D000167,STERIFIL JERSEY / Jersey médical,STERIFIL JERSEY,JERSEY MEDICAL,20 cm x 25 m,DISPOSITIFS MEDICAUX,1,Metre (s),DISPOSITIFS MEDICAUX,BOITE,4900,3430,80,REMBOURSABLE
D000168,STERILIN 2/0 3/8 26 MM/ Fil de suture en lin beige,STERILIN,FIL NON RESORVABLE,PM,DISPOSITIFS MEDICAUX,1,Metre (s),DISPOSITIFS MEDICAUX,BOITE,950,950,80,REMBOURSABLE
D000169,STERISILK 1 CT 3/2 32 MM/Fil de suture en soie tressée,STERISILK,FIL NON RESORVABLE,PM,DISPOSITIFS MEDICAUX,1,Metre (s),DISPOSITIFS MEDICAUX,BOITE,1205,1205,80,REMBOURSABLE
D000170,STERISILK 2/ 0 CR 3/ 8 25 MM/ Fil de suture en soie tressée,STERISILK,FIL NON RESORVABLE,PM,DISPOSITIFS MEDICAUX,1,Metre (s),DISPOSITIFS MEDICAUX,BOITE,1205,1205,80,REMBOURSABLE
D000171,STERIXYL 0 CT 3/8 25 MM / Fil de suture en acide polyglycolique,STERIXYL,FIL RESORVABLE,PM,DISPOSITIFS MEDICAUX,1,Metre (s),DISPOSITIFS MEDICAUX,BOITE,2100,2100,80,REMBOURSABLE
D000172,STERIXYL 1 CR 4/8 36 MM / Fil de suture en acide polyglycolique,STERIXYL,FIL RESORVABLE,PM,DISPOSITIFS MEDICAUX,1,Metre (s),DISPOSITIFS MEDICAUX,BOITE,2100,2100,80,REMBOURSABLE
C000338,"TRANSFUSEUR complet avec chamb.et filtre ,site d'inj.en Y+Aig unité",Transfuseur,transfuseur,0,DISPOSITIFS MEDICAUX,1,Grammes,CAMEG,BOITE,480,320,80,REMBOURSABLE
D000250,TRANSFUSEUR LABELL,Transfuseur,transfuseur,transfuseur,DISPOSITIFS MEDICAUX,1,UNITE,DISPOSITIFS MEDICAUX,BOITE,400,320,80,REMBOURSABLE
D000251,TRANSFUSEUR LABELL EN Y,Transfuseur,transfuseur en Y,transfuseur en y,DISPOSITIFS MEDICAUX,1,UNITE,DISPOSITIFS MEDICAUX,BOITE,285,285,80,REMBOURSABLE
D000071,TRICODUR GENU BLEU/BLC L,TRICODUR,MATERIEL,PM,DISPOSITIFS MEDICAUX,1,Millilitre (s),DISPOSITIFS MEDICAUX,BOITE,29530,20671,80,REMBOURSABLE
D000072,TRICODUR GENU BLEU/BLC M,TRICODUR,MATERIEL,PM,DISPOSITIFS MEDICAUX,1,Millilitre (s),DISPOSITIFS MEDICAUX,BOITE,29530,20671,80,REMBOURSABLE
D000073,TRICODUR GENU BLEU/BLC S,TRICODUR,MATERIEL,PM,DISPOSITIFS MEDICAUX,1,Millilitre (s),DISPOSITIFS MEDICAUX,BOITE,29530,20671,80,REMBOURSABLE
D000074,TRICODUR TALUS BLEU/BLC D L,TRICODUR,MATERIEL,PM,DISPOSITIFS MEDICAUX,1,Millilitre (s),DISPOSITIFS MEDICAUX,BOITE,24370,17059,80,REMBOURSABLE
D000075,TRICODUR TALUS BLEU/BLC D M,TRICODUR,MATERIEL,PM,DISPOSITIFS MEDICAUX,1,Millilitre (s),DISPOSITIFS MEDICAUX,BOITE,24370,17059,80,REMBOURSABLE
D000076,TRICODUR TALUS BLEU/BLC D S,TRICODUR,MATERIEL,PM,DISPOSITIFS MEDICAUX,1,Millilitre (s),DISPOSITIFS MEDICAUX,BOITE,24370,17059,80,REMBOURSABLE
D000078,TRICODUR TALUS BLEU/BLC G L,TRICODUR,MATERIEL,PM,DISPOSITIFS MEDICAUX,1,Millilitre (s),DISPOSITIFS MEDICAUX,BOITE,24370,17059,80,REMBOURSABLE
D000079,TRICODUR TALUS BLEU/BLC G M,TRICODUR,MATERIEL,PM,DISPOSITIFS MEDICAUX,1,Millilitre (s),DISPOSITIFS MEDICAUX,BOITE,24370,17059,80,REMBOURSABLE
D000077,TRICODUR TALUS BLEU/BLC G S,TRICODUR,MATERIEL,PM,DISPOSITIFS MEDICAUX,1,Millilitre (s),DISPOSITIFS MEDICAUX,BOITE,24370,17059,80,REMBOURSABLE
D000104,1/3 TUBES,TUBE,DE 10 A 15 TROUS,0,DISPOSITIFS MEDICAUX,1,Millilitre (s),DISPOSITIFS MEDICAUX,BOITE,48000,36000,80,ENTENTE PREALABLE
D000105,1/3 TUBES,TUBE,INFERIEUR A 10 TROUS,0,DISPOSITIFS MEDICAUX,1,Millilitre (s),DISPOSITIFS MEDICAUX,BOITE,37300,27975,80,ENTENTE PREALABLE
D000099,1/3 TUBES,TUBE,SUPERIEUR A 15 TROUS,0,DISPOSITIFS MEDICAUX,1,Millilitre (s),DISPOSITIFS MEDICAUX,BOITE,57000,42750,80,ENTENTE PREALABLE
D000175,URGO STRAPPIN / BANDE STRAPPING,URGO STRAPPIN,URGO STRAPPING,"2,5 m x 15 cm",DISPOSITIFS MEDICAUX,1,Metre (s),DISPOSITIFS MEDICAUX,BOITE,4775,3343,80,REMBOURSABLE
D000173,URGO STRAPPIN / BANBE STRAPPING,URGO STRAPPIN,URGO STRAPPING,"2,5 m x 6cm",DISPOSITIFS MEDICAUX,1,Metre (s),DISPOSITIFS MEDICAUX,BOITE,2445,1712,80,REMBOURSABLE
D000174,URGO STRAPPIN / BANDE STRAPPING,URGO STRAPPIN,URGO STRAPPING,"2,5 m x10 cm",DISPOSITIFS MEDICAUX,1,Metre (s),DISPOSITIFS MEDICAUX,BOITE,3749,2624,80,REMBOURSABLE
C000345,VICRYL BOBINE déc 5)250 cm JV 1209,VICRYL BOBINE,Fil à suture résorbable Bobine,(2),DISPOSITIFS MEDICAUX,1,Grammes,CAMEG,BOITE,2000,2000,80,REMBOURSABLE
C000344,VICRYL BOBINE déc4(1)250cm.JV1208,VICRYL BOBINE,Fil à suture résorbable Bobine,(1),DISPOSITIFS MEDICAUX,1,Grammes,CAMEG,BOITE,2000,2000,80,REMBOURSABLE
C000342,VICRYL BOBINE (Autres déc),VICRYL BOBINE,Fil à suture résorbable Bobine,0,DISPOSITIFS MEDICAUX,1,Grammes,CAMEG,BOITE,2000,2000,80,REMBOURSABLE
C000343,VICRYL bobine dec 3.5 (0) 250cm JV1207,VICRYL BOBINE,Fil à suture résorbable Bobine,0,DISPOSITIFS MEDICAUX,1,Grammes,CAMEG,BOITE,2000,2000,80,REMBOURSABLE
C000346,VICRYL Serti (Autres déc),VICRYL Serti,Fil à suture résorbable Aig,0,DISPOSITIFS MEDICAUX,1,Grammes,CAMEG,BOITE,1250,1250,80,REMBOURSABLE
C000340,VICRYL Aig Rde SH plus DEC 3(2/0)1/2C 26mm 75cm JV317,VICRYL Serti,Fil à suture résorbable Aig Rde,(2/0),DISPOSITIFS MEDICAUX,1,MILLILITRES,CAMEG,BOITE,1500,1500,80,REMBOURSABLE
C000341,VICRLY Aig Tri déc 4(1)1/2c 40mm 90cm JV486,VICRYL Serti,Fil à suture résorbable Aig Tri,(1),DISPOSITIFS MEDICAUX,1,Grammes,CAMEG,BOITE,1500,1500,80,REMBOURSABLE
D000123,VIS CORTICALE,VIS,"DIAMETRE 3,5 MM TOUTE LONGUEUR",0,DISPOSITIFS MEDICAUX,1,Millilitre (s),DISPOSITIFS MEDICAUX,BOITE,5500,5500,80,ENTENTE PREALABLE
D000112,VIS SPONGIEUSE,VIS,DIAMETRE 4 MM TOUTE LONGUEUR,0,DISPOSITIFS MEDICAUX,1,Millilitre (s),DISPOSITIFS MEDICAUX,BOITE,10400,8840,80,ENTENTE PREALABLE
D000122,VIS CORTICALE,VIS,"DIAMETRE 4,5 MM TOUTE LONGUEUR",0,DISPOSITIFS MEDICAUX,1,Millilitre (s),DISPOSITIFS MEDICAUX,BOITE,5500,5500,80,ENTENTE PREALABLE
D000111,VIS MALLEOLAIRE,VIS,"DIAMETRE 4,5 MM TOUTE LONGUEUR",0,DISPOSITIFS MEDICAUX,1,Millilitre (s),DISPOSITIFS MEDICAUX,BOITE,10800,9180,80,ENTENTE PREALABLE
D000110,VIS SPONGIEUSE,VIS,"DIAMETRE 6,5 MM TOUTE LONGUEUR",0,DISPOSITIFS MEDICAUX,1,Millilitre (s),DISPOSITIFS MEDICAUX,BOITE,11400,9690,80,ENTENTE PREALABLE
D000177,CATHETER POUR HEMODIALYSE NON PERMANENT,CATHETER,MATERIEL,0,DM,1,Unite (s),DISPOSITIFS MEDICAUX,BOITE,50000,35000,80,ENTENTE PREALABLE
D000176,CATHETER POUR HEMODIALYSE PERMANENT,CATHETER,MATERIEL,0,DM,1,Unite (s),DISPOSITIFS MEDICAUX,BOITE,200000,140000,80,ENTENTE PREALABLE
0000158,EXOMUC SACHET 200MG,ACETYLCYSTEINE,POUDRE EN SACHET,200MG,EXPECTORANT MUCOLYTIQUE,30,SACHETS,GENERIQUE,BOITE,3030,2173,80,REMBOURSABLE
0000140,FLUIMUCIL SACHET 200MG,ACETYLCYSTEINE,POUDRE EN SACHET,200MG,EXPECTORANT MUCOLYTIQUE,30,SACHETS,SPECIALITE,BOITE,1975,1975,80,REMBOURSABLE
0000144,MUCOMYST SACHET 200MG,ACETYLCYSTEINE,POUDRE EN SACHET,200MG,EXPECTORANT MUCOLYTIQUE,30,SACHETS,GENERIQUE,BOITE,3445,2173,80,REMBOURSABLE
0003670,MUCOXINE SACHET 200MG,ACETYLCYSTEINE,POUDRE EN SACHET,200MG,EXPECTORANT MUCOLYTIQUE,30,SACHETS,GENERIQUE,BOITE,2515,2173,80,REMBOURSABLE
0005009,EXACYL SOL INJ 500MG/ML,ACIDE TRANEXAMIQUE,SOLUTION INJECTABLE,500MG/ML,HEMOSTATIQUE,1,AMPOULE,SPECIALITE,BOITE,1800,1800,80,REMBOURSABLE
0005091,TRANSIC SOL INJ 500MG/ML,ACIDE TRANEXAMIQUE,SOLUTION INJECTABLE,500MG/ML,HEMOSTATIQUE,1,AMPOULE,GENERIQUE,BOITE,690,690,80,REMBOURSABLE
0004149,DICYNONE GELULE 500MG,ETAMSYLATE,GELULE,500MG,HEMOSTATIQUE,20,GELULES,SPECIALITE,BOITE,4535,4535,80,REMBOURSABLE
0004150,DICYNONE SOL INJ 250MG,ETAMSYLATE,SOLUTION INJECTABLE,250MG,HEMOSTATIQUE,1,AMPOULE,SPECIALITE,BOITE,560,560,80,REMBOURSABLE
C000134,PHYTOMENADIONE SOL INJ 10MG/ML,PHYTOMENADIONE,SOLUTION INJECTABLE,10MG/ML,HEMOSTATIQUE,1,AMPOULE,CAMEG,BOITE,345,345,80,REMBOURSABLE
0004386,VITAMINE K1 SOL INJ 10MG/ML,PHYTOMENADIONE,SOLUTION INJECTABLE,10MG/ML,HEMOSTATIQUE,1,AMPOULE,SPECIALITE,BOITE,1035,380,80,REMBOURSABLE
0001856,LIPANTHYL GELULE 200MG,FENOFIBRATE,GELULE,200MG,HYPOLIPEMIANT FIBRATE,30,GELULES,SPECIALITE,BOITE,7750,7750,80,TPC
0000327,ATORFIT COMP 10MG,ATORVASTATINE,COMPRIME,10MG,HYPOLIPEMIANT STATINE,30,COMPRIMES,GENERIQUE,BOITE,5280,5115,80,TPC
0004064,AVAS COMP 10MG,ATORVASTATINE,COMPRIME,10MG,HYPOLIPEMIANT STATINE,30,COMPRIMES,GENERIQUE,BOITE,5245,5115,80,TPC
0003222,COLESTOP COMP 10MG,ATORVASTATINE,COMPRIME,10MG,HYPOLIPEMIANT STATINE,30,COMPRIMES,GENERIQUE,BOITE,5165,5115,80,TPC
0003687,LESSTROL COMP 10MG,ATORVASTATINE,COMPRIME,10MG,HYPOLIPEMIANT STATINE,30,COMPRIMES,GENERIQUE,BOITE,5740,5115,80,TPC
0004622,LIPOVAS COMP 10MG,ATORVASTATINE,COMPRIME,10MG,HYPOLIPEMIANT STATINE,30,COMPRIMES,GENERIQUE,BOITE,4360,4360,80,TPC
0004066,LOLIP COMP 10MG,ATORVASTATINE,COMPRIME,10MG,HYPOLIPEMIANT STATINE,30,COMPRIMES,GENERIQUE,BOITE,4765,4765,80,TPC
0005012,STORVAS COMP 10MG,ATORVASTATINE,COMPRIME,10MG,HYPOLIPEMIANT STATINE,30,COMPRIMES,GENERIQUE,BOITE,5970,5130,80,TPC
0000315,TAHOR COMP 10MG,ATORVASTATINE,COMPRIME,10MG,HYPOLIPEMIANT STATINE,28,COMPRIMES,SPECIALITE,BOITE,10865,5115,80,TPC
0002607,ATORFIT COMP 20MG,ATORVASTATINE,COMPRIME,20MG,HYPOLIPEMIANT STATINE,30,COMPRIMES,GENERIQUE,BOITE,7000,6270,80,TPC
0000362,ATORLIP COMP 20MG,ATORVASTATINE,COMPRIME,20MG,HYPOLIPEMIANT STATINE,30,COMPRIMES,GENERIQUE,BOITE,5740,5740,80,TPC
0004065,AVAS COMP 20MG,ATORVASTATINE,COMPRIME,20MG,HYPOLIPEMIANT STATINE,30,COMPRIMES,GENERIQUE,BOITE,7000,6270,80,TPC
0003221,COLESTOP COMP 20MG,ATORVASTATINE,COMPRIME,20MG,HYPOLIPEMIANT STATINE,30,COMPRIMES,GENERIQUE,BOITE,6885,6270,80,TPC
0003511,LESSTROL COMP 20MG,ATORVASTATINE,COMPRIME,20MG,HYPOLIPEMIANT STATINE,30,COMPRIMES,GENERIQUE,BOITE,7175,6270,80,TPC
0004623,LIPOVAS COMP 20MG,ATORVASTATINE,COMPRIME,20MG,HYPOLIPEMIANT STATINE,30,COMPRIMES,GENERIQUE,BOITE,6380,6270,80,TPC
0004067,LOLIP COMP 20MG,ATORVASTATINE,COMPRIME,20MG,HYPOLIPEMIANT STATINE,30,COMPRIMES,GENERIQUE,BOITE,5740,5740,80,TPC
0005013,STORVAS COMP 20MG,ATORVASTATINE,COMPRIME,20MG,HYPOLIPEMIANT STATINE,30,COMPRIMES,GENERIQUE,BOITE,7115,6270,80,TPC
0001086,TAHOR COMP 20MG,ATORVASTATINE,COMPRIME,20MG,HYPOLIPEMIANT STATINE,28,COMPRIMES,SPECIALITE,BOITE,15945,6270,80,TPC
0001118,ATORLIP COMP 40MG,ATORVASTATINE,COMPRIME,40MG,HYPOLIPEMIANT STATINE,30,COMPRIMES,GENERIQUE,BOITE,9470,9470,80,TPC
0005014,ATORVASTATINE COMP 40MG,ATORVASTATINE,COMPRIME,40MG,HYPOLIPEMIANT STATINE,30,COMPRIMES,GENERIQUE,BOITE,2435,2435,80,TPC
0001099,TAHOR COMP 40MG,ATORVASTATINE,COMPRIME,40MG,HYPOLIPEMIANT STATINE,28,COMPRIMES,SPECIALITE,BOITE,24210,10417,80,TPC
0005010,RAPIVAST COMP 10MG,ROSUVASTATINE,COMPRIME,10MG,HYPOLIPEMIANT STATINE,30,COMPRIMES,GENERIQUE,BOITE,5165,5165,80,TPC
0005011,RAPIVAST COMP 20MG,ROSUVASTATINE,COMPRIME,20MG,HYPOLIPEMIANT STATINE,30,COMPRIMES,GENERIQUE,BOITE,7230,7230,80,TPC
0000577,SIMVA-DENK COMP 20MG,SIMVASTATINE,COMPRIME,20MG,HYPOLIPEMIANT STATINE,30,COMPRIMES,GENERIQUE,BOITE,7460,7460,80,TPC
0005015,ZOCOR COMP 20MG,SIMVASTATINE,COMPRIME,20MG,HYPOLIPEMIANT STATINE,28,COMPRIMES,SPECIALITE,BOITE,6990,6990,80,TPC
0000588,SIMVA-DENK COMP 40MG,SIMVASTATINE,COMPRIME,40MG,HYPOLIPEMIANT STATINE,30,COMPRIMES,GENERIQUE,BOITE,10330,10330,80,TPC
0004753,ANTITOXINE TETANIQUE SOL INJ 1500UI,ANTITOXINE TETANIQUE,SOLUTION INJECTABLE,1500UI,IMMUN SERUM,1,DOSE,GENERIQUE,BOITE,3500,3500,80,REMBOURSABLE
C000237,SERUM ANTI-TETANIQUE SOL INJ 1500UI,ANTITOXINE TETANIQUE,SOLUTION INJECTABLE,1500UI,IMMUN SERUM,1,DOSE,CAMEG,BOITE,2000,2000,80,REMBOURSABLE
0005016,TETAVIN SOL INJ 1500UI,ANTITOXINE TETANIQUE,SOLUTION INJECTABLE,1500UI,IMMUN SERUM,1,DOSE,GENERIQUE,BOITE,3270,3270,80,REMBOURSABLE
0004489,IMMUNORHO SOL INJ 300µG,IMMUNOGLOBULINE ANTI D,SOLUTION INJECTABLE,300µG,IMMUN SERUM,1,AMPOULE,GENERIQUE,BOITE,27550,27550,80,REMBOURSABLE
0004548,RHOCLONE SOL INJ 300µG,IMMUNOGLOBULINE ANTI D,SOLUTION INJECTABLE,300µG,IMMUN SERUM,1,AMPOULE,SPECIALITE,BOITE,26400,26400,80,REMBOURSABLE
0004205,TEGELINE SOL INJ 50MG/ML,IMMUNOGLOBULINE HUMAINE DE TYPE G INTACTE,SOLUTION INJECTABLE,50MG/ML,IMMUN SERUM,1,FLACON,SPECIALITE,BOITE,471925,441250,80,ENTENTE PREALABLE
C000238,SERUM ANTI-VENIMEUX SOL INJ 1000MG,IMMUNOGLOBULINE POLYVALENT,SOLUTION INJECTABLE,1000MG,IMMUN SERUM,1,FLACON,CAMEG,BOITE,15000,15000,80,REMBOURSABLE
0001483,"PARLODEL COMP 2,5MG",BROMOCRIPTINE,COMPRIME,"2,5MG",INHIBITEUR DE LA PROLACTINE,30,COMPRIMES,SPECIALITE,BOITE,3650,3650,80,REMBOURSABLE
0004607,"DOSTINEX COMP 0,5MG",CABERGOLINE,COMPRIME,"0,5MG",INHIBITEUR DE LA PROLACTINE,8,COMPRIMES,SPECIALITE,BOITE,25680,25680,80,TPC
0000395,LUBENTYL EMULSION 100%,HUILE DE PARAFFINE,GELEE BUVABLE,100%,LAXATIF LUBRIFIANT,250,GRAMMES,SPECIALITE,POT,1870,1870,80,REMBOURSABLE
0001012,HUILE DE PARAFFINE SOL BUV 100%,HUILE DE PARAFFINE,SOLUTION BUVABLE,100%,LAXATIF LUBRIFIANT,250,MILLILITRES,GENERIQUE,FLACON,2535,2535,80,REMBOURSABLE
0001177,"DUPHALAC SOL BUV 66,5%",LACTULOSE,SOLUTION BUVABLE,"66,5%",LAXATIF OSMOTIQUE,200,MILLILITRES,SPECIALITE,FLACON,1515,1515,80,REMBOURSABLE
0001172,DUPHALAC SACHET 10G/15ML,LACTULOSE,SOLUTION BUVABLE EN SACHET,10G/15ML,LAXATIF OSMOTIQUE,20,SACHETS,SPECIALITE,BOITE,2725,2679,80,REMBOURSABLE
0000298,FORLAX SACHET 10G B/10,MACROGOL 4000,POUDRE EN SACHET,10G,LAXATIF OSMOTIQUE,10,SACHETS,SPECIALITE,BOITE,1965,1964,80,REMBOURSABLE
0000295,FORLAX SACHET 10G B/20,MACROGOL 4000,POUDRE EN SACHET,10G,LAXATIF OSMOTIQUE,20,SACHETS,SPECIALITE,BOITE,3570,3570,80,REMBOURSABLE
0005017,MACROGOL SACHET 10G,MACROGOL 4000,POUDRE EN SACHET,10G,LAXATIF OSMOTIQUE,20,SACHETS,GENERIQUE,BOITE,2355,2355,80,REMBOURSABLE
0005101,TRANSITON ADULTE SACHET 10G,MACROGOL 4000,POUDRE EN SACHET,10G,LAXATIF OSMOTIQUE,14,SACHETS,GENERIQUE,BOITE,3100,2758,80,REMBOURSABLE
0000261,"CRISTAL NOURRISSON SUPPO 0,69G",GLYCEROL,SUPPOSITOIRE,"0,69G",LAXATIF RECTAL,10,SUPPOSITOIRES,SPECIALITE,BOITE,1240,1240,80,REMBOURSABLE
0000259,"CRISTAL ENFANT SUPPO 1,29G",GLYCEROL,SUPPOSITOIRE,"1,29G",LAXATIF RECTAL,10,SUPPOSITOIRES,SPECIALITE,BOITE,1275,1275,80,REMBOURSABLE
0000236,"CRISTAL ADULTE SUPPO 2,16G",GLYCEROL,SUPPOSITOIRE,"2,16G",LAXATIF RECTAL,10,SUPPOSITOIRES,SPECIALITE,BOITE,1445,1403,80,REMBOURSABLE
0000626,MICROLAX BEBE SOL REC,SORBITOL+CITRATE DE SODIUM+LAURYLSULFOACETATE DE SODIUM,SOLUTION RECTALE,"2,679G/270MG/38,7MG",LAXATIF RECTAL,4,TUBES,SPECIALITE,BOITE,4890,1265,80,REMBOURSABLE
0000630,MICROLAX ADULTE SOL REC,SORBITOL+CITRATE DE SODIUM+LAURYLSULFOACETATE DE SODIUM,SOLUTION RECTALE,"4,465G/450MG/64,5MG",LAXATIF RECTAL,4,TUBES,SPECIALITE,BOITE,3300,1265,80,REMBOURSABLE
0001353,CONTALAX COMP 5MG,BISACODYL,COMPRIME,5MG,LAXATIF STIMULANT,30,COMPRIMES,GENERIQUE,BOITE,5900,1403,80,REMBOURSABLE
0001345,DULCOLAX COMP 5MG,BISACODYL,COMPRIME,5MG,LAXATIF STIMULANT,20,COMPRIMES,SPECIALITE,BOITE,7495,946,80,REMBOURSABLE
0000506,CHLORUMAGENE PDRE SUSP BUV 100%,HYDROXYDE DE MAGNESIUM,POUDRE POUR SUSPENSION BUVABLE,100%,LAXATIF STIMULANT,100,GRAMMES,SPECIALITE,BOITE,3675,3675,80,REMBOURSABLE
0001404,FRUCTINES COMP 5MG,PICOSULFATE DE SODIUM,COMPRIME,5MG,LAXATIF STIMULANT,30,COMPRIMES,GENERIQUE,BOITE,2275,2275,80,REMBOURSABLE
0001412,"SKILAX GTTE BUV 7,5MG",PICOSULFATE DE SODIUM,GOUTTE BUVABLE,"7,5MG",LAXATIF STIMULANT,15,MILLILITRES,SPECIALITE,FLACON,1550,1550,80,REMBOURSABLE
0005018,NEOSYNEPHRINE COLLYRE 10%,NEOSYNEPHRINE,COLLYRE,10%,MYDRIATIQUE ADRENERGIQUE,10,MILLILITRES,SPECIALITE,FLACON,2145,2145,80,REMBOURSABLE
0001109,ATROPINE ALCON COLLYRE 1%,ATROPINE,COLLYRE,1%,MYDRIATIQUE ANTI-CHOLINERGIQUE,10,MILLILITRES,SPECIALITE,FLACON,2570,2570,80,REMBOURSABLE
0001681,"MYDRIATICUM COLLYRE 0,5%",TROPICAMIDE,COLLYRE,"0,5%",MYDRIATIQUE ANTI-CHOLINERGIQUE,10,MILLILITRES,SPECIALITE,FLACON,1675,1675,80,REMBOURSABLE
0003098,LIORESAL COMP 10MG,BACLOFENE,COMPRIME,10MG,MYORELAXANT,50,COMPRIMES,SPECIALITE,BOITE,5660,5660,80,REMBOURSABLE
0001366,DECONTRACTYL COMP 500MG,MEPHENESINE,COMPRIME,500MG,MYORELAXANT,50,COMPRIMES,SPECIALITE,BOITE,1575,1575,80,REMBOURSABLE
0000253,MIOREL GELULE 4MG,THIOCOLCHICOSIDE,GELULE,4MG,MYORELAXANT,12,GELULES,GENERIQUE,BOITE,2675,2675,80,REMBOURSABLE
0003892,MIOREL SOL INJ 4MG/2ML,THIOCOLCHICOSIDE,SOLUTION INJECTABLE,4MG/2ML,MYORELAXANT,1,AMPOULE,GENERIQUE,BOITE,600,600,80,REMBOURSABLE
0000550,DECONTRACTYL BAUME,MEPHENESINE,BAUME,10MG,MYORELAXANT LOCAL,80,GRAMMES,SPECIALITE,TUBE,2535,2535,80,REMBOURSABLE
0000240,COLPOSEPTINE OVULE 200MG/10MG,CHLORQUINALDOL+PROMESTRIENE,OVULE,200MG/10MG,OESTRO-PROGESTATIF,18,OVULES,SPECIALITE,BOITE,3075,3075,80,REMBOURSABLE
0000501,DUPHASTON COMP 10MG,DYDROGESTERONE,COMPRIME,10MG,OESTRO-PROGESTATIF,10,COMPRIMES,SPECIALITE,BOITE,2615,2615,80,REMBOURSABLE
0001713,PROGYNOVA COMP 2MG,ESTRADIOL,COMPRIME,2MG,OESTRO-PROGESTATIF,20,COMPRIMES,SPECIALITE,BOITE,4685,4685,80,REMBOURSABLE
0002021,"OESTROGEL GEL 0,06%",ESTRADIOL,GEL,"0,06%",OESTRO-PROGESTATIF,80,GRAMMES,SPECIALITE,TUBE,2280,2280,80,REMBOURSABLE
0001717,CLIMENE COMP 2MG/1MG,ESTRADIOL+CYPROTERONE,COMPRIME,2MG/1MG,OESTRO-PROGESTATIF,21,COMPRIMES,SPECIALITE,BOITE,6110,6110,80,REMBOURSABLE
0001850,LUTENYL COMP 5MG,NOMEGESTROL,COMPRIME,5MG,OESTRO-PROGESTATIF,10,COMPRIMES,SPECIALITE,BOITE,3995,3995,80,REMBOURSABLE
0001857,PRIMOLUT NOR COMP 10MG,NORETHISTERONE,COMPRIME,10MG,OESTRO-PROGESTATIF,30,COMPRIMES,SPECIALITE,BOITE,1950,1950,80,REMBOURSABLE
0005019,FEMIGESTON CAPS 100MG,PROGESTERONE,CAPSULE MOLLE,100MG,OESTRO-PROGESTATIF,10,CAPSULES,GENERIQUE,BOITE,1975,1975,80,REMBOURSABLE
0005084,PROGEENEXT CAPS 100MG,PROGESTERONE,CAPSULE MOLLE,100MG,OESTRO-PROGESTATIF,30,CAPSULES,GENERIQUE,BOITE,3730,3730,80,REMBOURSABLE
0005021,PROGEN CAPS 100MG,PROGESTERONE,CAPSULE MOLLE,100MG,OESTRO-PROGESTATIF,20,CAPSULES,GENERIQUE,BOITE,3445,3445,80,REMBOURSABLE
0001974,UTROGESTAN CAPS 100MG,PROGESTERONE,CAPSULE MOLLE,100MG,OESTRO-PROGESTATIF,30,CAPSULES,SPECIALITE,BOITE,5335,5335,80,REMBOURSABLE
0005020,FEMIGESTON CAPS 200MG,PROGESTERONE,CAPSULE MOLLE,200MG,OESTRO-PROGESTATIF,15,CAPSULES,GENERIQUE,BOITE,4040,4040,80,REMBOURSABLE
0005085,PROGEENEXT CAPS 200MG,PROGESTERONE,CAPSULE MOLLE,200MG,OESTRO-PROGESTATIF,15,CAPSULES,GENERIQUE,BOITE,3730,3730,80,REMBOURSABLE
0001986,UTROGESTAN CAPS 200MG,PROGESTERONE,CAPSULE MOLLE,200MG,OESTRO-PROGESTATIF,15,CAPSULES,SPECIALITE,BOITE,5510,5510,80,REMBOURSABLE
0001998,PROGESTOGEL GEL 1%,PROGESTERONE,GEL,1%,OESTRO-PROGESTATIF,80,GRAMMES,SPECIALITE,TUBE,2135,2135,80,REMBOURSABLE
0005086,PROGYNANCE OVULE 200MG,PROGESTERONE,OVULE,200MG,OESTRO-PROGESTATIF,30,OVULES,GENERIQUE,BOITE,5165,5165,80,REMBOURSABLE
0002006,PROGESTERONE RETARD SOL INJ 500MG/2ML,PROGESTERONE,SOLUTION INJECTABLE,500MG/2ML,OESTRO-PROGESTATIF,1,AMPOULE,SPECIALITE,BOITE,2760,2310,80,REMBOURSABLE
0005087,PROGYNANCE SOL INJ 500MG/2ML,PROGESTERONE,SOLUTION INJECTABLE,500MG/2ML,OESTRO-PROGESTATIF,1,AMPOULE,GENERIQUE,BOITE,2320,2310,80,REMBOURSABLE
0002017,SYNERGON SOL INJ 10MG/1MG,PROGESTERONE+ESTRONE,SOLUTION INJECTABLE,10MG/1MG,OESTRO-PROGESTATIF,3,AMPOULES,SPECIALITE,BOITE,1720,1720,80,REMBOURSABLE
0002027,COLPOTROPHINE OVULE 10MG,PROMESTRIENE,OVULE,10MG,OESTRO-PROGESTATIF,10,OVULES,SPECIALITE,BOITE,2100,2100,80,REMBOURSABLE
0001693,RADIOSELECTAN SOL INJ 76% FL/20ML,AMIDOTRIZOATE DE SODIUM+AMIDOTRIZOATE DE MEGLUMINE,SOLUTION INJECTABLE,76%,PRODUIT DE CONTRASTE,20,MILLILITRES,SPECIALITE,FLACON,2780,2780,80,REMBOURSABLE
0001704,RADIOSELECTAN SOL INJ 76% FL/50ML,AMIDOTRIZOATE DE SODIUM+AMIDOTRIZOATE DE MEGLUMINE,SOLUTION INJECTABLE,76%,PRODUIT DE CONTRASTE,50,MILLILITRES,SPECIALITE,FLACON,7880,7645,80,REMBOURSABLE
0005026,CONCENTRE DE GLOBULE ROUGE A DIVISION PEDIATRIQUE (CGRDP),CONCENTRE DE GLOBULE ROUGE A DIVISION PEDIATRIQUE ,SOLUTION INJECTABLE,75ML,PRODUITS SANGUINS ET DERIVES,1,UNITE,PRODUITS SANGUINS ET DERIVES,POCHE,1500,1500,80,REMBOURSABLE
C000351,CONCENTRE DE GLOBULES ROUGES UNITE ADULTE (CGRUA),CONCENTRE DE GLOBULES ROUGES UNITE ADULTE,SOLUTION INJECTABLE,250ML,PRODUITS SANGUINS ET DERIVES,1,POCHE,PRODUITS SANGUINS ET DERIVES,BOITE,6000,6000,80,REMBOURSABLE
C000352,CONCENTRE DE GLOBULES ROUGES UNITE ENFANT (CGRUE),CONCENTRE DE GLOBULES ROUGES UNITE ENFANT,SOLUTION INJECTABLE,125ML,PRODUITS SANGUINS ET DERIVES,1,POCHE,PRODUITS SANGUINS ET DERIVES,BOITE,3500,3500,80,REMBOURSABLE
C000355,CONCENTRE STANDARD DE PLAQUETTES (CSP),CONCENTRE STANDARD DE PLAQUETTES,SOLUTION INJECTABLE,250-300ML,PRODUITS SANGUINS ET DERIVES,1,POCHE,PRODUITS SANGUINS ET DERIVES,BOITE,6000,6000,80,REMBOURSABLE
C000354,CONCENTRE UNITAIRE DE PLAQUETTES (CUP),CONCENTRE UNITAIRE DE PLAQUETTES,SOLUTION INJECTABLE,100-150ML,PRODUITS SANGUINS ET DERIVES,1,POCHE,PRODUITS SANGUINS ET DERIVES,BOITE,2000,2000,80,REMBOURSABLE
C000353,PLASMA FRAIS CONGELE (PFC),PLASMA FRAIS CONGELE,SOLUTION INJECTABLE,200ML,PRODUITS SANGUINS ET DERIVES,1,POCHE,PRODUITS SANGUINS ET DERIVES,BOITE,2000,2000,80,REMBOURSABLE
0003149,DEXERYL CREME,GLYCEROL+VASELINE+PARAFFINE LIQUIDE,CREME,15G/8G/2G,PROTECTEUR TOPIQUE,250,GRAMMES,SPECIALITE,TUBE,3155,3155,80,REMBOURSABLE
0001727,BIAFINE CREME TUBE/186G,TROLAMINE,EMULSION,"0,670G",PROTECTEUR TOPIQUE,186,GRAMMES,SPECIALITE,TUBE,3145,3145,80,REMBOURSABLE
0001675,BIAFINE CREME TUBE/93G,TROLAMINE,EMULSION,"0,670G",PROTECTEUR TOPIQUE,93,GRAMMES,SPECIALITE,TUBE,1800,1731,80,REMBOURSABLE
0001996,BRULEX POMMADE,ZINC+PHENAZONE+PHENOL+SODIUM SALICYLATE+BAUME DE PEROU,POMMADE,"5G/1G/0,5G/30MG/3,6MG",PROTECTEUR TOPIQUE,30,GRAMMES,GENERIQUE,TUBE,2295,2295,80,REMBOURSABLE
0003544,CC-NEFRO COMP 500MG,CALCIUM,COMPRIME,500MG,SEL MINERAL,100,COMPRIMES,GENERIQUE,BOITE,8095,8095,80,REMBOURSABLE
0001591,FIXICAL COMP 500MG TUBE/30,CALCIUM,COMPRIME A CROQUER,500MG,SEL MINERAL,30,COMPRIMES,SPECIALITE,BOITE,2760,2430,80,REMBOURSABLE
0001674,CALSOURCE COMP EFF 500MG,CALCIUM,COMPRIME EFFERVESCENT,500MG,SEL MINERAL,20,COMPRIMES,SPECIALITE,BOITE,1950,1780,80,REMBOURSABLE
0001665,CALCIUM SOL INJ 10%,CALCIUM GLUCONATE,SOLUTION INJECTABLE,10%,SEL MINERAL,1,AMPOULE,GENERIQUE,BOITE,520,182,80,REMBOURSABLE
C000176,CALCIUM SOL INJ 10%,CALCIUM GLUCONATE,SOLUTION INJECTABLE,10%,SEL MINERAL,1,AMPOULE,CAMEG,BOITE,165,165,80,REMBOURSABLE
0001632,FIXICAL D3 COMP 500MG/400UI TUBE/30,CALCIUM+VITAMINE D3,COMPRIME A CROQUER,500MG/400UI,SEL MINERAL,30,COMPRIMES,SPECIALITE,BOITE,2540,2540,80,REMBOURSABLE
0001613,IDEOS COMP 500MG/400UI,CALCIUM+VITAMINE D3,COMPRIME A CROQUER,500MG/400UI,SEL MINERAL,30,COMPRIMES,GENERIQUE,BOITE,3810,2540,80,REMBOURSABLE
0003084,"MAG 2 SOL INJ 0,8%",MAGNESIUM,SOLUTION INJECTABLE,"0,8%",SEL MINERAL,1,AMPOULE,SPECIALITE,BOITE,455,455,80,REMBOURSABLE
C000427,MAGNESIUM SOL INJ 10%,MAGNESIUM,SOLUTION INJECTABLE,10%,SEL MINERAL,1,AMPOULE,CAMEG,BOITE,150,150,80,REMBOURSABLE
0003533,ANTI-KALIUM SACHET ,POLYSTYRENE SULFONATE,POUDRE EN SACHET,12G/15G,SEL MINERAL,20,SACHETS,GENERIQUE,BOITE,17900,17900,80,ENTENTE PREALABLE
0002458,KALEORID LEO COMP LP 600MG,POTASSIUM CHLORURE,COMPRIME LP,600MG,SEL MINERAL,30,COMPRIMES,SPECIALITE,BOITE,1170,1170,80,REMBOURSABLE
0001700,DIFFU-K GELULE LP 600MG,POTASSIUM CHLORURE,GELULE LP,600MG,SEL MINERAL,40,GELULES,SPECIALITE,BOITE,1975,1870,80,REMBOURSABLE
0001711,KCL SOL INJ 10% AMP,POTASSIUM CHLORURE,SOLUTION INJECTABLE,10%,SEL MINERAL,1,AMPOULE,SPECIALITE,BOITE,255,242,80,REMBOURSABLE
C000146,KCL SOL INJ 10% AMP,POTASSIUM CHLORURE,SOLUTION INJECTABLE,10%,SEL MINERAL,1,AMPOULE,CAMEG,BOITE,220,220,80,REMBOURSABLE
C000248,NACL SOL INJ 10% AMP,SODIUM CHLORURE HYPERTONIQUE,SOLUTION INJECTABLE,10%,SEL MINERAL,1,AMPOULE,CAMEG,BOITE,140,140,80,REMBOURSABLE
0000730,"NACL SOL INJ 0,9% AMP",SODIUM CHLORURE ISOTONIQUE,SOLUTION INJECTABLE,"0,9%",SEL MINERAL,1,AMPOULE,GENERIQUE,BOITE,300,198,80,REMBOURSABLE
C000245,"NACL SOL INJ 0,9% AMP",SODIUM CHLORURE ISOTONIQUE,SOLUTION INJECTABLE,"0,9%",SEL MINERAL,1,AMPOULE,CAMEG,BOITE,180,180,80,REMBOURSABLE
0000620,"SERUM BICARBONATE SOL INJ 1,4% FL/250ML",BICARBONATE DE SODIUM,SOLUTION INJECTABLE,"1,4%",SOLUTE MASSIF,250,MILLILITRES,GENERIQUE,BOITE,780,780,80,REMBOURSABLE
0004610,SERUM GLUCOSE DOPHARMA SOL INJ 10% FL/250ML,GLUCOSE HYPERTONIQUE,SOLUTION INJECTABLE,10%,SOLUTE MASSIF,250,MILLILITRES,GENERIQUE,FLACON,470,470,80,REMBOURSABLE
0004611,SERUM GLUCOSE DOPHARMA SOL INJ 10% FL/500ML,GLUCOSE HYPERTONIQUE,SOLUTION INJECTABLE,10%,SOLUTE MASSIF,500,MILLILITRES,GENERIQUE,FLACON,590,590,80,REMBOURSABLE
0001544,SERUM GLUCOSE SOL INJ 10% FL/250ML,GLUCOSE HYPERTONIQUE,SOLUTION INJECTABLE,10%,SOLUTE MASSIF,250,MILLILITRES,GENERIQUE,FLACON,650,650,80,REMBOURSABLE
C000034,SERUM GLUCOSE SOL INJ 10% FL/250ML,GLUCOSE HYPERTONIQUE,SOLUTION INJECTABLE,10%,SOLUTE MASSIF,250,MILLILITRES,CAMEG,BOITE,450,450,80,REMBOURSABLE
0000246,SERUM GLUCOSE SOL INJ 10% FL/500ML,GLUCOSE HYPERTONIQUE,SOLUTION INJECTABLE,10%,SOLUTE MASSIF,500,MILLILITRES,SPECIALITE,FLACON,760,760,80,REMBOURSABLE
C000036,SERUM GLUCOSE SOL INJ 10% FL/500ML,GLUCOSE HYPERTONIQUE,SOLUTION INJECTABLE,10%,SOLUTE MASSIF,500,MILLILITRES,CAMEG,BOITE,590,590,80,REMBOURSABLE
0003727,SERUM GLUCOSE TM SOL INJ 10% FL/500ML,GLUCOSE HYPERTONIQUE,SOLUTION INJECTABLE,10%,SOLUTE MASSIF,500,MILLILITRES,GENERIQUE,FLACON,575,575,80,REMBOURSABLE
0003309,SERUM GLUCOSE UBI SOL INJ 10% FL/250ML,GLUCOSE HYPERTONIQUE,SOLUTION INJECTABLE,10%,SOLUTE MASSIF,250,MILLILITRES,GENERIQUE,FLACON,660,660,80,REMBOURSABLE
0003318,SERUM GLUCOSE UBI SOL INJ 10% FL/500ML,GLUCOSE HYPERTONIQUE,SOLUTION INJECTABLE,10%,SOLUTE MASSIF,500,MILLILITRES,GENERIQUE,FLACON,760,760,80,REMBOURSABLE
0001553,SERUM GLUCOSE SOL INJ 30% FL/250ML,GLUCOSE HYPERTONIQUE,SOLUTION INJECTABLE,30%,SOLUTE MASSIF,250,MILLILITRES,SPECIALITE,FLACON,2135,2135,80,REMBOURSABLE
C000039,SERUM GLUCOSE SOL INJ 30% FL/250ML,GLUCOSE HYPERTONIQUE,SOLUTION INJECTABLE,30%,SOLUTE MASSIF,250,MILLILITRES,CAMEG,BOITE,1035,1035,80,REMBOURSABLE
0001548,SERUM GLUCOSE SOL INJ 30% FL/500ML,GLUCOSE HYPERTONIQUE,SOLUTION INJECTABLE,30%,SOLUTE MASSIF,500,MILLILITRES,SPECIALITE,FLACON,2800,2800,80,REMBOURSABLE
C000040,SERUM GLUCOSE SOL INJ 30% FL/500ML,GLUCOSE HYPERTONIQUE,SOLUTION INJECTABLE,30%,SOLUTE MASSIF,500,MILLILITRES,CAMEG,BOITE,1100,1100,80,REMBOURSABLE
0004612,SERUM GLUCOSE DOPHARMA SOL INJ 5% FL/250ML,GLUCOSE ISOTONIQUE,SOLUTION INJECTABLE,5%,SOLUTE MASSIF,250,MILLILITRES,GENERIQUE,FLACON,455,455,80,REMBOURSABLE
0004613,SERUM GLUCOSE DOPHARMA SOL INJ 5% FL/500ML,GLUCOSE ISOTONIQUE,SOLUTION INJECTABLE,5%,SOLUTE MASSIF,500,MILLILITRES,GENERIQUE,FLACON,550,550,80,REMBOURSABLE
C000032,SERUM GLUCOSE SOL INJ 5% FL/250ML,GLUCOSE ISOTONIQUE,SOLUTION INJECTABLE,5%,SOLUTE MASSIF,250,MILLILITRES,CAMEG,BOITE,455,455,80,REMBOURSABLE
0001556,SERUM GLUCOSE SOL INJ 5% FL/500ML,GLUCOSE ISOTONIQUE,SOLUTION INJECTABLE,5%,SOLUTE MASSIF,500,MILLILITRES,GENERIQUE,FLACON,690,690,80,REMBOURSABLE
C000045,SERUM GLUCOSE SOL INJ 5% FL/500ML,GLUCOSE ISOTONIQUE,SOLUTION INJECTABLE,5%,SOLUTE MASSIF,500,MILLILITRES,CAMEG,BOITE,575,575,80,REMBOURSABLE
0001558,SERUM GLUCOSE TM SOL INJ 5% FL/250ML,GLUCOSE ISOTONIQUE,SOLUTION INJECTABLE,5%,SOLUTE MASSIF,250,MILLILITRES,GENERIQUE,FLACON,600,600,80,REMBOURSABLE
0003726,SERUM GLUCOSE TM SOL INJ 5% FL/500ML,GLUCOSE ISOTONIQUE,SOLUTION INJECTABLE,5%,SOLUTE MASSIF,500,MILLILITRES,GENERIQUE,FLACON,575,575,80,REMBOURSABLE
0003308,SERUM GLUCOSE UBI SOL INJ 5% FL/250ML,GLUCOSE ISOTONIQUE,SOLUTION INJECTABLE,5%,SOLUTE MASSIF,250,MILLILITRES,GENERIQUE,FLACON,650,650,80,REMBOURSABLE
0003316,SERUM GLUCOSE UBI SOL INJ 5% FL/500ML,GLUCOSE ISOTONIQUE,SOLUTION INJECTABLE,5%,SOLUTE MASSIF,500,MILLILITRES,GENERIQUE,FLACON,755,704,80,REMBOURSABLE
0004634,RINGER LACTATE DOPHARMA SOL INJ FL/250ML,RINGER LACTATE,SOLUTION INJECTABLE,PM,SOLUTE MASSIF,250,MILLILITRES,GENERIQUE,FLACON,470,470,80,REMBOURSABLE
0004635,RINGER LACTATE DOPHARMA SOL INJ FL/500ML,RINGER LACTATE,SOLUTION INJECTABLE,PM,SOLUTE MASSIF,500,MILLILITRES,GENERIQUE,FLACON,575,575,80,REMBOURSABLE
0003138,RINGER LACTATE SOL INJ FL/500ML,RINGER LACTATE,SOLUTION INJECTABLE,PM,SOLUTE MASSIF,500,MILLILITRES,GENERIQUE,FLACON,575,575,80,REMBOURSABLE
C000210,RINGER LACTATE SOL INJ FL/500ML,RINGER LACTATE,SOLUTION INJECTABLE,PM,SOLUTE MASSIF,500,MILLILITRES,CAMEG,FLACON,550,550,80,REMBOURSABLE
0003728,RINGER LACTATE TM SOL INJ FL/500ML,RINGER LACTATE,SOLUTION INJECTABLE,PM,SOLUTE MASSIF,500,MILLILITRES,GENERIQUE,FLACON,575,575,80,REMBOURSABLE
0003317,RINGER LACTATE UBI SOL INJ FL/500ML,RINGER LACTATE,SOLUTION INJECTABLE,PM,SOLUTE MASSIF,500,MILLILITRES,GENERIQUE,FLACON,805,633,80,REMBOURSABLE
C000239,SERUM BICARBONATE SOL INJ 1.4%  FL/250ML,SODIUM BICARBONATE,SOLUTION INJECTABLE,"1,4%",SOLUTE MASSIF,250,MILLILITRES,CAMEG,BOITE,925,925,80,REMBOURSABLE
0004597,"SERUM SALE  DOPHARMA SOL INJ 0,9% FL/500ML",SODIUM CHLORURE ISOTONIQUE,SOLUTION INJECTABLE,"0,9%",SOLUTE MASSIF,500,MILLILITRES,GENERIQUE,FLACON,515,515,80,REMBOURSABLE
0004598,"SERUM SALE DO PHARMA SOL INJ 0,9% FL/250ML",SODIUM CHLORURE ISOTONIQUE,SOLUTION INJECTABLE,"0,9%",SOLUTE MASSIF,250,MILLILITRES,GENERIQUE,FLACON,440,440,80,REMBOURSABLE
0000741,"SERUM SALE SOL INJ 0,9% FL/250ML",SODIUM CHLORURE ISOTONIQUE,SOLUTION INJECTABLE,"0,9%",SOLUTE MASSIF,250,MILLILITRES,GENERIQUE,FLACON,600,600,80,REMBOURSABLE
0000738,"SERUM SALE SOL INJ 0,9% FL/500ML",SODIUM CHLORURE ISOTONIQUE,SOLUTION INJECTABLE,"0,9%",SOLUTE MASSIF,500,MILLILITRES,GENERIQUE,FLACON,850,660,80,REMBOURSABLE
0003315,"SERUM SALE SOL INJ 0,9% FL/500ML",SODIUM CHLORURE ISOTONIQUE,SOLUTION INJECTABLE,"0,9%",SOLUTE MASSIF,500,MILLILITRES,GENERIQUE,FLACON,750,567,80,REMBOURSABLE
C000246,"SERUM SALE SOL INJ 0,9% FL/500ML",SODIUM CHLORURE ISOTONIQUE,SOLUTION INJECTABLE,"0,9%",SOLUTE MASSIF,500,MILLILITRES,CAMEG,FLACON,515,515,80,REMBOURSABLE
0003310,"SERUM SALE UBI SOL INJ 0,9% FL/250ML",SODIUM CHLORURE ISOTONIQUE,SOLUTION INJECTABLE,"0,9%",SOLUTE MASSIF,250,MILLILITRES,GENERIQUE,FLACON,660,660,80,REMBOURSABLE
0001419,EAU PPI SOL INJ 100%,EAU POUR PREPARATION INJECTABLE,SOLUTION INJECTABLE,100%,SOLVANT,1,AMPOULE,GENERIQUE,BOITE,100,100,80,REMBOURSABLE
C000077,EAU PPI SOL INJ 100%,EAU POUR PREPARATION INJECTABLE,SOLUTION INJECTABLE,100%,SOLVANT,1,FLACON,CAMEG,BOITE,100,100,80,REMBOURSABLE
0003908,ADRENALINE SOL INJ 1MG,ADRENALINE,SOLUTION INJECTABLE,1MG,STIMULANT CARDIAQUE ADRENERGIQUE,1,AMPOULE,SPECIALITE,BOITE,1000,660,80,REMBOURSABLE
C000037,ADRENALINE SOL INJ 1MG,ADRENALINE,SOLUTION INJECTABLE,1MG,STIMULANT CARDIAQUE ADRENERGIQUE,1,AMPOULE,CAMEG,BOITE,600,600,80,REMBOURSABLE
C000059,"DOBUTAMINE SOL INJ 12,5MG/ML",DOBUTAMINE,SOLUTION INJECTABLE,"12,5MG/ML",STIMULANT CARDIAQUE ADRENERGIQUE,1,AMPOULE,CAMEG,BOITE,1900,1900,80,REMBOURSABLE
C000061,DOPAMINE  SOL INJ 200MG,DOPAMINE,SOLUTION INJECTABLE,200MG,STIMULANT CARDIAQUE ADRENERGIQUE,1,AMPOULE,CAMEG,BOITE,535,535,80,REMBOURSABLE
C000083,EPHEDRINE SOL INJ 30MG/ML,EPHEDRINE,SOLUTION INJECTABLE,30MG/ML,STIMULANT CARDIAQUE ADRENERGIQUE,1,AMPOULE,CAMEG,BOITE,910,910,80,REMBOURSABLE
0001757,EFFORTIL COMP 5MG,ETILEFRINE,COMPRIME,5MG,STIMULANT CARDIAQUE ADRENERGIQUE,30,COMPRIMES,SPECIALITE,BOITE,2225,2225,80,REMBOURSABLE
0001767,"EFFORTIL SOL BUV 7,5MG/ML",ETILEFRINE,SOLUTION BUVABLE,"7,5MG/ML",STIMULANT CARDIAQUE ADRENERGIQUE,30,MILLILITRES,SPECIALITE,FLACON,3090,3090,80,REMBOURSABLE
0005022,NORADRENALINE SOL INJ 2%,NORADRENALINE,SOLUTION INJECTABLE,2%,STIMULANT CARDIAQUE ADRENERGIQUE,1,FLACON,GENERIQUE,BOITE,2250,2250,80,REMBOURSABLE
C000428,"DIGOXINE COMP 0,25MG BLISTER/10",DIGOXINE,COMPRIME,"0,25MG",STIMULANT CARDIAQUE DIGITALIQUE,10,COMPRIMES,CAMEG,BLISTER,500,500,80,TPC
0000231,"DIGOXINE NATIVELLE COMP 0,25MG",DIGOXINE,COMPRIME,"0,25MG",STIMULANT CARDIAQUE DIGITALIQUE,30,COMPRIMES,SPECIALITE,BOITE,1825,1825,80,TPC
0000880,"DIGOXINE NATIVELLE SOL BUV 5µG/0,1ML",DIGOXINE,SOLUTION BUVABLE,"5µG/0,1ML",STIMULANT CARDIAQUE DIGITALIQUE,60,MILLILITRES,SPECIALITE,FLACON,1490,1490,80,TPC
0003917,"DIGOXINE NATIVELLE SOL INJ 0,5MG/2ML",DIGOXINE,SOLUTION INJECTABLE,"0,5MG/2ML",STIMULANT CARDIAQUE DIGITALIQUE,1,AMPOULE,SPECIALITE,BOITE,1515,1515,80,REMBOURSABLE
0000308,"HEPTAMYL COMP 187,8MG",HEPTAMINOL,COMPRIME,"187,8MG",STIMULANT CARDIAQUE DIGITALIQUE,20,COMPRIMES,SPECIALITE,BOITE,1400,1400,80,REMBOURSABLE
0001645,"HEPTAMYL SOL BUV 30,5%",HEPTAMINOL,SOLUTION BUVABLE,"30,5%",STIMULANT CARDIAQUE DIGITALIQUE,20,MILLILITRES,SPECIALITE,FLACON,1975,1975,80,REMBOURSABLE
0000314,"HEPTAMINOL SOL INJ 6,26%",HEPTAMINOL,SOLUTION INJECTABLE,"6,26%",STIMULANT CARDIAQUE DIGITALIQUE,1,AMPOULE,GENERIQUE,BOITE,175,175,80,REMBOURSABLE
C000166,"HEPTAMINOL SOL INJ 6,26%",HEPTAMINOL,SOLUTION INJECTABLE,"6,26%",STIMULANT CARDIAQUE DIGITALIQUE,1,AMPOULE,CAMEG,BOITE,250,250,80,REMBOURSABLE
C000119,GELATINE FLUIDE SOL INJ 3%,GELATINE FLUIDE,SOLUTION INJECTABLE,3%,SUBSTITUT DE PLASMA,1,FLACON,CAMEG,BOITE,3745,3745,80,REMBOURSABLE
0001458,PLASMION SOL INJ 3%,GELATINE FLUIDE,SOLUTION INJECTABLE,3%,SUBSTITUT DE PLASMA,1,FLACON,SPECIALITE,BOITE,5740,4120,80,REMBOURSABLE
0005023,GELOFUSINE SOL INJ 4%,GELATINE FLUIDE,SOLUTION INJECTABLE,4%,SUBSTITUT DE PLASMA,1,FLACON,SPECIALITE,BOITE,3430,3430,80,REMBOURSABLE
0002161,"LACRIFLUID COLLYRE 0,13%",CARBOMERE,COLLYRE,"0,13%",SUBSTITUT LACRYMAL,10,MILLILITRES,SPECIALITE,FLACON,2730,2730,80,REMBOURSABLE
0002170,"GEL LARMES GEL OPHTA 0,3%",CARBOMERE,GEL OPHTALMIQUE,"0,3%",SUBSTITUT LACRYMAL,10,GRAMMES,GENERIQUE,TUBE,2755,2755,80,REMBOURSABLE
0002176,LACRYVISC GEL OPHTA 3%,CARBOMERE,GEL OPHTALMIQUE,3%,SUBSTITUT LACRYMAL,15,GRAMMES,SPECIALITE,TUBE,3915,3915,80,REMBOURSABLE
0004747,"OLYFRESH COLLYRE 0,5%",CARMELLOSE SODIQUE,COLLYRE,"0,5%",SUBSTITUT LACRYMAL,10,MILLILITRES,SPECIALITE,FLACON,2125,2125,80,REMBOURSABLE
0003854,"POLYFRESH COLLYRE 0,20%",HYALURONATE DE SODIUM,COLLYRE,"0,20%",SUBSTITUT LACRYMAL,10,MILLILITRES,GENERIQUE,FLACON,3500,3500,80,REMBOURSABLE
0005032,"POLYFRESH EXTRA COLLYRE 0,20% FL/UNIDOSE",HYALURONATE DE SODIUM,COLLYRE,"0,20%",SUBSTITUT LACRYMAL,30,MILLILITRES,GENERIQUE,FLACON,4935,4935,80,REMBOURSABLE
0000273,"LARMES ARTIFICIELLES COLLYRE 1,4%",SODIUM CHLORURE,COLLYRE,"1,4%",SUBSTITUT LACRYMAL,10,MILLILITRES,SPECIALITE,FLACON,1975,1975,80,REMBOURSABLE
0000859,"CATACOL COLLYRE 0,1%",INOSINE PHOSPHATE DISODIQUE DIHYDRATE,COLLYRE,"0,1%",TONIQUE OPHTALMIQUE,10,MILLILITRES,SPECIALITE,FLACON,1000,1000,80,REMBOURSABLE
0000873,"CORRECTOL COLLYRE 0,1%",INOSINE PHOSPHATE DISODIQUE DIHYDRATE,COLLYRE,"0,1%",TONIQUE OPHTALMIQUE,10,MILLILITRES,GENERIQUE,FLACON,920,920,80,REMBOURSABLE
0000712,"LERIN COMP 0,125MG",METHYLERGOMETRINE,COMPRIME,"0,125MG",UTEROTONIQUE,30,COMPRIMES,GENERIQUE,BOITE,3235,3235,80,REMBOURSABLE
0000693,"METHERGIN COMP 0,125MG",METHYLERGOMETRINE,COMPRIME,"0,125MG",UTEROTONIQUE,20,COMPRIMES,SPECIALITE,BOITE,2910,2373,80,REMBOURSABLE
0000689,"LERIN SOL INJ 0,2MG/ML",METHYLERGOMETRINE,SOLUTION INJECTABLE,"0,2MG/ML",UTEROTONIQUE,1,AMPOULE,GENERIQUE,BOITE,395,395,80,REMBOURSABLE
0000704,"METHERGIN SOL INJ 0,2MG/ML",METHYLERGOMETRINE,SOLUTION INJECTABLE,"0,2MG/ML",UTEROTONIQUE,1,AMPOULE,SPECIALITE,BOITE,410,410,80,REMBOURSABLE
0004995,MISOFEM COMP 200µG,MISOPROSTOL,COMPRIME,200µG,UTEROTONIQUE,4,COMPRIMES,GENERIQUE,BOITE,840,840,80,REMBOURSABLE
C000429,MISOPROSTOL COMP 200µG BLISTER/4,MISOPROSTOL,COMPRIME,200µG,UTEROTONIQUE,4,COMPRIMES,CAMEG,BLISTER,440,440,80,REMBOURSABLE
C000060,OXYTOCINE SOL INJ 10UI/2ML,OXYTOCINE,SOLUTION INJECTABLE,10UI/2ML,UTEROTONIQUE,1,AMPOULE,CAMEG,BOITE,200,200,80,REMBOURSABLE
C000068,OXYTOCINE SOL INJ 5UI/ML,OXYTOCINE,SOLUTION INJECTABLE,5UI/ML,UTEROTONIQUE,1,AMPOULE,CAMEG,BOITE,175,175,80,REMBOURSABLE
0005024,OXYTROY SOL INJ 5UI/ML,OXYTOCINE,SOLUTION INJECTABLE,5UI/ML,UTEROTONIQUE,1,AMPOULE,GENERIQUE,BOITE,385,259,80,REMBOURSABLE
0003091,SYNTOCINON SOL INJ 5UI/ML,OXYTOCINE,SOLUTION INJECTABLE,5UI/ML,UTEROTONIQUE,1,AMPOULE,SPECIALITE,BOITE,370,259,80,REMBOURSABLE
0004381,VITOCIN SOL INJ 5UI/ML,OXYTOCINE,SOLUTION INJECTABLE,5UI/ML,UTEROTONIQUE,1,AMPOULE,GENERIQUE,BOITE,235,235,80,REMBOURSABLE
0004752,VACCIN ANTITETANIQUE SOL INJ 40UI,ANATOXINE TETANIQUE,SOLUTION INJECTABLE,40UI,VACCIN,1,DOSE,GENERIQUE,BOITE,2500,1980,80,REMBOURSABLE
C000308,VACCIN ANTITETANIQUE SOL INJ 40UI,ANATOXINE TETANIQUE,SOLUTION INJECTABLE,40UI,VACCIN,1,DOSE,CAMEG,BOITE,1800,1800,80,REMBOURSABLE
C000296,VACCIN ANTIAMARIL SOL INJ 1000UI,ANTIGENE FIEVRE JAUNE,SOLUTION INJECTABLE,1000UI,VACCIN,1,DOSE,CAMEG,BOITE,1500,1359,80,REMBOURSABLE
C000299,VACCIN ANTI-HEPATITE B ADULTE,ANTIGENE HEPATITE B,SOLUTION INJECTABLE,20µG,VACCIN,1,DOSE,CAMEG,BOITE,2940,2940,80,REMBOURSABLE
0004755,VACCIN HEPATITE B ADULTE SOL INJ 40UI,ANTIGENE HEPATITE B,SOLUTION INJECTABLE,20µG,VACCIN,1,DOSE,GENERIQUE,BOITE,5890,5890,80,REMBOURSABLE
C000311,VACCIN TYPHIM SOL INJ 25µG,ANTIGENE SALMONELLA TYPHI,SOLUTION INJECTABLE,25µG,VACCIN,1,DOSE,CAMEG,BOITE,7000,3575,80,REMBOURSABLE
C000302,VACCIN ANTI-MENINGOCOCCIQUE AC SOL INJ ,ANTIGENES MENINGOCOQUES AC,SOLUTION INJECTABLE,50µG/50µG,VACCIN,1,DOSE,CAMEG,BOITE,1600,1600,80,REMBOURSABLE
C0000405,VACCIN ANTI-MENINGO TETRAVALENT SOL INJ,ANTIGENES MENINGOCOQUES ACYW135,SOLUTION INJECTABLE,10µG/5µG/5µG/5µG,VACCIN,1,DOSE,CAMEG,BOITE,712,712,80,REMBOURSABLE
0004462,EQUIRAB SOL INJ 1000UI,VIRUS ANTIRABIQUE INACTIVE,SOLUTION INJECTABLE,1000UI,VACCIN,1,DOSE,GENERIQUE,BOITE,8720,8720,80,ENTENTE PREALABLE
0004751,RABIVAX-S SOL INJ 1000UI,VIRUS ANTIRABIQUE INACTIVE,SOLUTION INJECTABLE,1000UI,VACCIN,1,DOSE,GENERIQUE,BOITE,8900,8900,80,ENTENTE PREALABLE
C000305,VACCIN ANTIRABIQUE SOL INJ 1000UI,VIRUS ANTIRABIQUE INACTIVE,SOLUTION INJECTABLE,1000UI,VACCIN,1,DOSE,CAMEG,BOITE,8640,8640,80,ENTENTE PREALABLE
C000015,ACIDE ASCORBIQUE SOL INJ 500MG/ML,ACIDE ASCORBIQUE,SOLUTION INJECTABLE,500MG/ML,VITAMINE,1,AMPOULE,CAMEG,BOITE,100,100,80,REMBOURSABLE
0003729,VITAMINE C TM SOL INJ 500MG/ML,ACIDE ASCORBIQUE,SOLUTION INJECTABLE,500MG/ML,VITAMINE,1,AMPOULE,GENERIQUE,BOITE,60,60,80,REMBOURSABLE
