Code produit,Nom du médicament,Classe pharmacothérapeutique,DCI,Forme pharmaceutique,Dosage,Quantité de présentation,Unité de présentation,Type d'emballage,Type de médicament,Prix public,PBR,Taux,Statut
0002300,CARBACTIVE 120,ANTI-DIARRHEIQUE ADSORBANT INTESTINAL,CHARBON ACTIVE,GELULE,120MG,30,GELULES,BOITE,GENERIQUE,2110,1650,80,Remboursable
0000681,POMMADE SALICYLEE 15%,ANALGESIQUE LOCAL,ACIDE ACETYLSALICYLIQUE,Pommade,15%,100,GRAMMES,Pot,GENERIQUE,650,650,80,Remboursable
0000095,EFFERALGAN 500,ANALGESIQUE NON OPIOIDE P1 ANTI-PYRETIQUE,PARACETAMOL,COMPRIME,500MG,16,COMPRIMÉS,BOITE,GENERIQUE,1055,176,80,Remboursable
0000112,APRAMOL 500,ANALGESIQUE NON OPIOIDE P1 ANTI-PYRETIQUE,PARACETAMOL,COMPRIME,500MG,20,COMPRIMES,BOITE,GENERIQUE,745,220,80,Remboursable
0000149,PARACETAMOL TM 500,ANALGESIQUE NON OPIOIDE P1 ANTI-PYRETIQUE,PARACETAMOL,Comprimé sec,500MG,20,COMPRIMÉS,BOITE,GENERIQUE,205,205,80,Remboursable
0000162,PARA DENK 500,ANALGESIQUE NON OPIOIDE P1 ANTI-PYRETIQUE,PARACETAMOL,COMPRIME,500MG,20,COMPRIMES,BOITE,GENERIQUE,1265,220,80,Remboursable
0000169,PARACETAMOL CREAT 500 VRAC,ANALGESIQUE NON OPIOIDE P1 ANTI-PYRETIQUE,PARACETAMOL,COMPRIME,500MG,10,COMPRIMÉS,BLISTER,GENERIQUE,185,110,80,Remboursable
0000172,PARANTAL 500,ANALGESIQUE NON OPIOIDE P1 ANTI-PYRETIQUE,PARACETAMOL,COMPRIME,500MG,20,COMPRIMES,BOITE,GENERIQUE,700,220,80,Remboursable
0000174,PAROL 500,ANALGESIQUE NON OPIOIDE P1 ANTI-PYRETIQUE,PARACETAMOL,COMPRIME,500MG,30,COMPRIMES,BOITE,GENERIQUE,1035,330,80,Remboursable
0000184,ANTIDOL 500,ANALGESIQUE NON OPIOIDE P1 ANTI-PYRETIQUE,PARACETAMOL,COMPRIME,500MG,20,COMPRIMÉS,BOITE,GENERIQUE,655,220,80,Remboursable
0000190,CLARADOL 500,ANALGESIQUE NON OPIOIDE P1 ANTI-PYRETIQUE,PARACETAMOL,COMPRIME EFFERVESCENT,500MG,16,COMPRIMÉS,BOITE,GENERIQUE,870,176,80,Remboursable
0000201,DOLIPRANE 500,ANALGESIQUE NON OPIOIDE P1 ANTI-PYRETIQUE,PARACETAMOL,COMPRIME EFFERVESCENT,500MG,16,COMPRIMÉS,BOITE,GENERIQUE,1045,176,80,Remboursable
0000223,PARANTAL 500,ANALGESIQUE NON OPIOIDE P1 ANTI-PYRETIQUE,PARACETAMOL,COMPRIME EFFERVESCENT,500MG,20,COMPRIMES,BOITE,GENERIQUE,1090,220,80,Remboursable
0000228,DAFALGAN 500,ANALGESIQUE NON OPIOIDE P1 ANTI-PYRETIQUE,PARACETAMOL,GELULE,500MG,16,GELULES,BOITE,GENERIQUE,985,176,80,Remboursable
0000232,DOLIPRANE 500,ANALGESIQUE NON OPIOIDE P1 ANTI-PYRETIQUE,PARACETAMOL,GELULE,500MG,16,GELULE,BOITE,GENERIQUE,1100,176,80,Remboursable
0000268,DOLIPRANE 500,ANALGESIQUE NON OPIOIDE P1 ANTI-PYRETIQUE,PARACETAMOL,POUDRE EN SACHET,500MG,12,SACHETS,BOITE,GENERIQUE,985,132,80,Remboursable
0000285,DOLKO 500,ANALGESIQUE NON OPIOIDE P1 ANTI-PYRETIQUE,PARACETAMOL,POUDRE EN SACHET,500MG,12,SACHETS,BOITE,GENERIQUE,985,132,80,Remboursable
0000290,EFFERALGAN 80,ANALGESIQUE NON OPIOIDE P1 ANTI-PYRETIQUE,PARACETAMOL,SUPPOSITOIRE,80MG,10,SUPPOSITOIRES,BOITE,GENERIQUE,885,885,80,Remboursable
0000339,DOLIPRANE 120MG/5ML,ANALGESIQUE NON OPIOIDE P1 ANTI-PYRETIQUE,PARACETAMOL,Suspension buvable,120MG/5ML,100,MILLILITRES,FLACON,GENERIQUE,1045,908,80,Remboursable
0000391,PARA DENK 125,ANALGESIQUE NON OPIOIDE P1 ANTI-PYRETIQUE,PARACETAMOL,SUPPOSITOIRE,125MG,10,SUPPOSITOIRES,BOITE,GENERIQUE,940,940,80,Remboursable
0000437,PAROL 250MG/5ML,ANALGESIQUE NON OPIOIDE P1 ANTI-PYRETIQUE,PARACETAMOL,Suspension buvable,250MG/5ML,100,MILLILITRES,FLACON,GENERIQUE,1320,1119,80,Remboursable
0000450,DOLKO 60MG/2ML,ANALGESIQUE NON OPIOIDE P1 ANTI-PYRETIQUE,PARACETAMOL,Suspension buvable,60MG/2ML,90,MILLILITRES,FLACON,GENERIQUE,1100,818,80,Remboursable
0000713,PARA DENK 250,ANALGESIQUE NON OPIOIDE P1 ANTI-PYRETIQUE,PARACETAMOL,SUPPOSITOIRE,250MG,10,SUPPOSITOIRES,BOITE,GENERIQUE,1115,1115,80,Remboursable
0000739,EFFERALGAN 300,ANALGESIQUE NON OPIOIDE P1 ANTI-PYRETIQUE,PARACETAMOL,SUPPOSITOIRE,300MG,10,SUPPOSITOIRE,BOITE,GENERIQUE,1055,1055,80,Remboursable
0000779,PARACETAMOL UBI 120MG/5ML,ANALGESIQUE NON OPIOIDE P1 ANTI-PYRETIQUE,PARACETAMOL,Suspension buvable,120MG/5ML,60,MILLILITRES,FLACON,GENERIQUE,690,545,80,Remboursable
0002091,EFFERALGAN 60MG/2ML,ANALGESIQUE NON OPIOIDE P1 ANTI-PYRETIQUE,PARACETAMOL,Suspension buvable,60MG/2ML,90,MILLILITRES,FLACON,GENERIQUE,1090,818,80,Remboursable
0002122,EFFERALGAN 150,ANALGESIQUE NON OPIOIDE P1 ANTI-PYRETIQUE,PARACETAMOL,SUPPOSITOIRE,150MG,10,SUPPOSITOIRES,BOITE,GENERIQUE,955,955,80,Remboursable
0002582,EFFERALGAN 500,ANALGESIQUE NON OPIOIDE P1 ANTI-PYRETIQUE,PARACETAMOL,COMPRIME EFFERVESCENT,500MG,16,COMPRIMÉS,BOITE,GENERIQUE,1195,176,80,Remboursable
0002601,DOLIPRANE 500,ANALGESIQUE NON OPIOIDE P1 ANTI-PYRETIQUE,PARACETAMOL,Comprimé sec,500MG,16,COMPRIMÉS,BOITE,GENERIQUE,985,176,80,Remboursable
0002602,DOLKO 500,ANALGESIQUE NON OPIOIDE P1 ANTI-PYRETIQUE,PARACETAMOL,Comprimé sec,500MG,16,COMPRIMÉS,BOITE,GENERIQUE,985,176,80,Remboursable
0003130,PAVEN 1000,ANALGESIQUE NON OPIOIDE P1 ANTI-PYRETIQUE,PARACETAMOL,Solution pour perfusion,1000MG,100,MILLILITRES,FLACON,GENERIQUE,1550,1419,80,Remboursable
0003273,PARACETAMOL UBI 500 VRAC,ANALGESIQUE NON OPIOIDE P1 ANTI-PYRETIQUE,PARACETAMOL,COMPRIME,500MG,10,COMPRIMÉS,BLISTER,GENERIQUE,100,100,80,Remboursable
0003372,PARACETA-M 1000,ANALGESIQUE NON OPIOIDE P1 ANTI-PYRETIQUE,PARACETAMOL,Solution pour perfusion,1000MG,100,MILLILITRES,FLACON,GENERIQUE,1575,1419,80,Remboursable
0003591,APOTEL MAX 1000,ANALGESIQUE NON OPIOIDE P1 ANTI-PYRETIQUE,PARACETAMOL,Solution pour perfusion,1000MG,100,MILLILITRES,FLACON,GENERIQUE,1450,1419,80,Remboursable
0003828,INTRALGINE 1000,ANALGESIQUE NON OPIOIDE P1 ANTI-PYRETIQUE,PARACETAMOL,Solution pour perfusion,1000MG,100,MILLILITRES,FLACON,GENERIQUE,1895,1419,80,Remboursable
0004261,FEVASTIN 1000,ANALGESIQUE NON OPIOIDE P1 ANTI-PYRETIQUE,PARACETAMOL,Solution pour perfusion,1000MG,100,MILLILITRES,FLACON,GENERIQUE,1435,1419,80,Remboursable
0004264,NESTEFFER 500,ANALGESIQUE NON OPIOIDE P1 ANTI-PYRETIQUE,PARACETAMOL,COMPRIME EFFERVESCENT,500MG,16,COMPRIMÉS,BOITE,GENERIQUE,1035,176,80,Remboursable
0004267,ULTRAMOL 500 VRAC,ANALGESIQUE NON OPIOIDE P1 ANTI-PYRETIQUE,PARACETAMOL,COMPRIME,500MG,10,COMPRIMES,BLISTER,GENERIQUE,100,100,80,Remboursable
0004383,PARAFIZZ 500 VRAC,ANALGESIQUE NON OPIOIDE P1 ANTI-PYRETIQUE,PARACETAMOL,COMPRIME EFFERVESCENT,500MG,4,COMPRIMES,BLISTER,GENERIQUE,200,44,80,Remboursable
0004460,DOLIMEX PERFUSION 1000,ANALGESIQUE NON OPIOIDE P1 ANTI-PYRETIQUE,PARACETAMOL,Solution pour perfusion,1000MG,100,MILLILITRES,FLACON,GENERIQUE,1835,1419,80,Remboursable
0004461,EFFERMOL 1000,ANALGESIQUE NON OPIOIDE P1 ANTI-PYRETIQUE,PARACETAMOL,Solution pour perfusion,1000MG,100,MILLILITRES,POCHE,GENERIQUE,1375,1375,80,Remboursable
0004534,PANOL 250MG/5ML,ANALGESIQUE NON OPIOIDE P1 ANTI-PYRETIQUE,PARACETAMOL,Suspension buvable,250MG/5ML,100,MILLILITRES,FLACON,GENERIQUE,975,975,80,Remboursable
0004536,PARACETAMOL KABI 1000,ANALGESIQUE NON OPIOIDE P1 ANTI-PYRETIQUE,PARACETAMOL,Solution pour perfusion,1000MG,100,MILLILITRES,FLACON,GENERIQUE,1835,1419,80,Remboursable
0004539,PARAFUSIV 1000,ANALGESIQUE NON OPIOIDE P1 ANTI-PYRETIQUE,PARACETAMOL,Solution pour perfusion,1000MG,100,MILLILITRES,FLACON,GENERIQUE,1320,1320,80,Remboursable
0004550,ROIPAR 500,ANALGESIQUE NON OPIOIDE P1 ANTI-PYRETIQUE,PARACETAMOL,COMPRIME EFFERVESCENT,500MG,16,COMPRIMES,BOITE,GENERIQUE,1075,176,80,Remboursable
0004596,CETAMYL 500,ANALGESIQUE NON OPIOIDE P1 ANTI-PYRETIQUE,PARACETAMOL,COMPRIME EFFERVESCENT,500MG,16,COMPRIMES,BOITE,GENERIQUE,1000,176,80,Remboursable
0004605,CREATOL 500,ANALGESIQUE NON OPIOIDE P1 ANTI-PYRETIQUE,PARACETAMOL,COMPRIME EFFERVESCENT,500MG,16,COMPRIMES,BOITE,GENERIQUE,805,176,80,Remboursable
0004630,PARACETAMOL DO PHARMA 1000,ANALGESIQUE NON OPIOIDE P1 ANTI-PYRETIQUE,PARACETAMOL,Solution pour perfusion,1000MG,100,MILLILITRES,FLACON,GENERIQUE,1395,1395,80,Remboursable
0004732,GENPAR 1000,ANALGESIQUE NON OPIOIDE P1 ANTI-PYRETIQUE,PARACETAMOL,Solution pour perfusion,1000MG,100,Millilitre (s),FLACON,GENERIQUE,1435,1419,80,Remboursable
0004750,EFFERMOL 500 VRAC,ANALGESIQUE NON OPIOIDE P1 ANTI-PYRETIQUE,PARACETAMOL,COMPRIME,500MG,10,COMPRIMES,BLISTER,GENERIQUE,150,150,80,Remboursable
0004773,PARA-LUX 1000,ANALGESIQUE NON OPIOIDE P1 ANTI-PYRETIQUE,PARACETAMOL,Solution pour perfusion,1000MG,100,MILLILITRES,FLACON,GENERIQUE,1145,1145,80,Remboursable
0001478,ANALGIN 500,ANALGESIQUE NON OPIOIDE P1 ANTI-PYRETIQUE,METAMIZOLE,COMPRIME,500MG,10,COMPRIMES,BOITE,GENERIQUE,700,700,80,Remboursable
0001482,CALGIN 500,ANALGESIQUE NON OPIOIDE P1 ANTI-PYRETIQUE,METAMIZOLE,COMPRIME,500MG,10,COMPRIMES,BOITE,GENERIQUE,735,735,80,Remboursable
0001485,RESTRIVA 500,ANALGESIQUE NON OPIOIDE P1 ANTI-PYRETIQUE,METAMIZOLE,COMPRIME,500MG,20,COMPRIMES,BOITE,GENERIQUE,1425,1425,80,Remboursable
0004511,MIZOLGAN 500,ANALGESIQUE NON OPIOIDE P1 ANTI-PYRETIQUE,METAMIZOLE,COMPRIME,500MG,20,COMPRIMES,BOITE,GENERIQUE,1035,1035,80,Remboursable
0003793,APRAMOL 500,ANALGESIQUE NON OPIOIDE P1 ANTI-PYRETIQUE,PARACETAMOL,COMPRIME EFFERVESCENT,500MG,16,COMPRIMÉS,BOITE,GENERIQUE,1055,176,80,Remboursable
C000079,PARACETOMOL 1000 SOL PERF,ANALGESIQUE NON OPIOIDE P1 ANTI-PYRETIQUE,PARACETAMOL,Solution pour perfusion,1000MG,100,MILLILITRES,FLACON,CAMEG,1290,1290,80,Remboursable
C000082,PARACETAMOL 500,ANALGESIQUE NON OPIOIDE P1 ANTI-PYRETIQUE,PARACETAMOL,COMPRIME,500MG,10,COMPRIMÉS,BLISTER,CAMEG,100,100,80,Remboursable
C000386,PARACETAMOL 60MG/2ML,ANALGESIQUE NON OPIOIDE P1 ANTI-PYRETIQUE,PARACETAMOL,Sirop,60MG/2ML,100,MILLILITRES,BOITE,CAMEG,825,825,80,Remboursable
C000010,ACIDE ACETYLSALICYLIQUE 500,ANALGESIQUE NON OPIOIDE P1 ANTI-PYRETIQUE,ACIDE ACETYLSALICYLIQUE,COMPRIME,500MG,10,COMPRIMÉS,BOITE,CAMEG,110,110,80,Remboursable
C000003,ACETYLSALCYLATE DE LYSINE 500,ANALGESIQUE NON OPIOIDE P1 ANTI-PYRETIQUE,ACETYL SALICYLATE DE DL- LYSINE,POUDRE POUR SOLUTION INJECTABLE,500MG,1,AMPOULE,BOITE,CAMEG,500,500,80,Remboursable
C000006,ACETYLSALICYLATE DE LYSINE 1000,ANALGESIQUE NON OPIOIDE P1 ANTI-PYRETIQUE,ACETYL SALICYLATE DE DL- LYSINE,POUDRE POUR SOLUTION INJECTABLE,1000MG,1,FLACON,BOITE,CAMEG,600,600,80,Remboursable
0000573,PARACO-DENK 500/30,ANALGESIQUE NON OPIOIDE P1+ANALGESIQUE OPIOIDE MINEUR P2,PARACETAMOL+CODEINE,COMPRIME,500MG/30MG,20,COMPRIMES,BOITE,GENERIQUE,1720,1720,80,Remboursable
0003131,KLIPAL 600/50,ANALGESIQUE NON OPIOIDE P1+ANALGESIQUE OPIOIDE MINEUR P2,PARACETAMOL+CODEINE,COMPRIME,600MG/50MG,12,COMPRIMES,BOITE,GENERIQUE,1950,1136,80,Remboursable
0003347,KLIPAL 300/25,ANALGESIQUE NON OPIOIDE P1+ANALGESIQUE OPIOIDE MINEUR P2,PARACETAMOL+CODEINE,COMPRIME,300MG/25MG,12,COMPRIMES,BOITE,GENERIQUE,1295,1136,80,Remboursable
0003920,MORPHINE CHLOR 10MG/ML,ANALGESIQUE OPIOIDE MAJEUR P3,MORPHINE CHLORHYDRATE,Solution Injectable,10MG/ML,1,AMPOULE,BOITE,GENERIQUE,1035,682,80,Remboursable
C000100,FENTANYL 500µG/10ML,ANALGESIQUE OPIOIDE MAJEUR P3,FENTANYL,Solution Injectable,500µG/10ML,1,AMPOULE,BOITE,CAMEG,875,875,80,Remboursable
C000297,MORPHINE 10MG/ML,ANALGESIQUE OPIOIDE MAJEUR P3,MORPHINE CHLORHYDRATE,Solution Injectable,10MG/ML,1,AMPOULE,BOITE,CAMEG,620,620,80,Remboursable
C000300,MORPHINE 30MG (ACTISKENAN),ANALGESIQUE OPIOIDE MAJEUR P3,MORPHINE CHLORHYDRATE,GELULE,30MG,14,GELULES,BOITE,CAMEG,9880,9880,80,Remboursable
0000415,DOLORA 100,ANALGESIQUE OPIOIDE MINEUR P2,TRAMADOL,COMPRIME,100MG,10,COMPRIMES,BOITE,GENERIQUE,2985,2985,80,Remboursable
0000419,TREMADOL 50,ANALGESIQUE OPIOIDE MINEUR P2,TRAMADOL,COMPRIME,50MG,20,COMPRIMES,BOITE,GENERIQUE,2925,2925,80,Remboursable
0000424,OROZAMUDOL 50,ANALGESIQUE OPIOIDE MINEUR P2,TRAMADOL,COMPRIME DISPERSIBLE,50MG,10,COMPRIMES,BOITE,GENERIQUE,2525,1606,80,Remboursable
0000444,ZAMUDOL LP 100,ANALGESIQUE OPIOIDE MINEUR P2,TRAMADOL,GELULE LP,100MG,10,GELULES,BOITE,GENERIQUE,5050,3284,80,Remboursable
0000448,TRAMADIS 50,ANALGESIQUE OPIOIDE MINEUR P2,TRAMADOL,GELULE,50MG,10,GELULES,BOITE,GENERIQUE,2880,1606,80,Remboursable
0000457,TRABAR 50,ANALGESIQUE OPIOIDE MINEUR P2,TRAMADOL,GELULE,50MG,10,GELULES,BOITE,GENERIQUE,2525,1606,80,Remboursable
0002249,ZAMUDOL LP 50,ANALGESIQUE OPIOIDE MINEUR P2,TRAMADOL,GELULE LP,50MG,10,GELULES,BOITE,GENERIQUE,2525,1606,80,Remboursable
0002255,TRABAR 100MG/2ML,ANALGESIQUE OPIOIDE MINEUR P2,TRAMADOL,Solution Injectable,100MG/2ML,1,AMPOULE,BOITE,GENERIQUE,760,330,80,Remboursable
0002262,TRAMADIS 100MG/2ML,ANALGESIQUE OPIOIDE MINEUR P2,TRAMADOL,Solution Injectable,100MG/2ML,1,AMPOULE,BOITE,GENERIQUE,610,330,80,Remboursable
0003296,TRAMADOL 100MG/2ML Sol Inj,ANALGESIQUE OPIOIDE MINEUR P2,TRAMADOL,Solution Injectable,100MG/2ML,1,AMPOULE,BOITE,GENERIQUE,480,480,80,Remboursable
0003521,TRAMFIZ 50,ANALGESIQUE OPIOIDE MINEUR P2,TRAMADOL,GELULE,50MG,10,GELULE,BOITE,GENERIQUE,2295,1606,80,Remboursable
0003628,TRAMACLASS 50,ANALGESIQUE OPIOIDE MINEUR P2,TRAMADOL,GELULE,50MG,10,GELULES,BOITE,GENERIQUE,2300,1606,80,Remboursable
0003873,TRAMADOL DENK 50,ANALGESIQUE OPIOIDE MINEUR P2,TRAMADOL,COMPRIME EFFERVESCENT,50MG,10,COMPRIMES,BOITE,GENERIQUE,2410,1606,80,Remboursable
0003882,ZITRAM 100MG/2ML,ANALGESIQUE OPIOIDE MINEUR P2,TRAMADOL,Solution Injectable,100MG/2ML,1,AMPOULE,BOITE,GENERIQUE,485,330,80,Remboursable
0003883,ZITRAM SR 100,ANALGESIQUE OPIOIDE MINEUR P2,TRAMADOL,COMPRIME SR,100MG,20,COMPRIMÉS,BOITE,GENERIQUE,3375,3375,80,Remboursable
0003905,TRAMACLASS 100MG/2ML,ANALGESIQUE OPIOIDE MINEUR P2,TRAMADOL,Solution Injectable,100MG/2ML,1,AMPOULE,BOITE,GENERIQUE,575,330,80,Remboursable
0004307,TRAMFIZ 100MG/2ML,ANALGESIQUE OPIOIDE MINEUR P2,TRAMADOL,Solution Injectable,100MG/2ML,1,AMPOULE,BOITE,GENERIQUE,575,330,80,Remboursable
0004573,T-DOL 100MG/2ML,ANALGESIQUE OPIOIDE MINEUR P2,TRAMADOL,Solution Injectable,100MG/2ML,1,AMPOULE,BOITE,GENERIQUE,635,330,80,Remboursable
C000291,TRAMADOL 100MG/2ML,ANALGESIQUE OPIOIDE MINEUR P2,TRAMADOL,Solution Injectable,100MG/2ML,1,AMPOULE,BOITE,CAMEG,300,300,80,Remboursable
C000242,KETAMINE 50MG/ML,ANESTHESIQUE GENERAL,KETAMINE,Solution Injectable,50MG,1,AMPOULE,BOITE,CAMEG,1000,1000,80,Remboursable
C000073,PANCURONIUM 2MG/ML,ANESTHESIQUE GENERAL,PANCURONIUM,Solution Injectable,2MG/ML,1,AMPOULE,BOITE,CAMEG,925,925,80,Remboursable
C000164,PROPOFOL 10MG/ML,ANESTHESIQUE GENERAL,PROPOFOL,Solution Injectable,10MG/ML,1,AMPOULE,BOITE,CAMEG,1560,1560,80,Remboursable
C000270,THIOPENTAL 1000,ANESTHESIQUE GENERAL,THIOPENTAL,POUDRE POUR SOLUTION INJECTABLE,1000MG,1,AMPOULE,BOITE,CAMEG,2660,2660,80,Remboursable
C000272,THIOPENTHAL 500MG,ANESTHESIQUE GENERAL,THIOPENTAL,Solution Injectable,500MG,1,AMPOULE,BOITE,CAMEG,1160,1160,80,Remboursable
C000258,MEPIVACAINE 3% CAPSULE,ANESTHESIQUE LOCAL,MEPIVACAINE,Solution Injectable,3%/,1,AMPOULE,BOITE,CAMEG,300,300,80,Remboursable
C000260,MEPIVACAINE 2%,ANESTHESIQUE LOCAL,MEPIVACAINE,Solution Injectable,2%,10,MILLILITRES,BOITE,CAMEG,450,450,80,Remboursable
C000158,BUPIVACAINE ADRENALINEE,ANESTHESIQUE LOCAL,BUPIVACAINE+ADRENALINE,Solution Injectable,0.5%,1,AMPOULE,BOITE,CAMEG,1900,1900,80,Remboursable
C000152,"BUPIVACAINE 0,5%",ANESTHESIQUE LOCAL,BUPIVACAINE,Solution Injectable,0.5%,1,AMPOULE,BOITE,CAMEG,1740,1740,80,Remboursable
C000244,LIDOCAINE 2% ,ANESTHESIQUE LOCAL,LIDOCAINE,Solution Injectable,2%,20,MILLILITRES,BOITE,CAMEG,865,865,80,Remboursable
C000163,BUPIVACAINE POUR RACHIANESTHESIE ,ANESTHESIQUE LOCAL,BUPIVACAINE POUR RACHIANESTHESIE,Solution Injectable,0.5%,1,AMPOULE,BOITE,CAMEG,840,840,80,Remboursable
0000772,RODERA 5,ANTI-ALLERGIQUE ANTI-H1,DESLORATADINE,Comprimé sec,5MG,10,COMPRIMÉS,BOITE,GENERIQUE,1915,1915,80,Remboursable
0000782,DESLOR 5,ANTI-ALLERGIQUE ANTI-H1,DESLORATADINE,Comprimé sec,5MG,15,COMPRIMÉS,BOITE,GENERIQUE,3615,3564,80,Remboursable
0004130,SAGADES 5,ANTI-ALLERGIQUE ANTI-H1,DESLORATADINE,Comprimé sec,5MG,30,COMPRIMES,BOITE,GENERIQUE,2720,2720,80,Remboursable
0004458,DESLORA-DENK 5,ANTI-ALLERGIQUE ANTI-H1,DESLORATADINE,Comprimé sec,5MG,10,COMPRIMÉS,BOITE,GENERIQUE,2295,2295,80,Remboursable
0004776,SOTADINE 0.5MG/ML,ANTI-ALLERGIQUE ANTI-H1,DESLORATADINE,Solution buvable,0.5MG/ML,60,MILLILITRES,BOITE,GENERIQUE,2870,2870,80,Remboursable
0000129,ALLERGINE 10,ANTI-ALLERGIQUE ANTI-H1,LORATADINE,COMPRIME DISPERSIBLE,10MG,15,COMPRIMÉS,BOITE,GENERIQUE,3595,2657,80,Remboursable
0000133,BILOR 10,ANTI-ALLERGIQUE ANTI-H1,LORATADINE,Comprimé sec,10MG,10,COMPRIMÉS,BOITE,GENERIQUE,2410,1771,80,Remboursable
0000151,TIRLOR 10,ANTI-ALLERGIQUE ANTI-H1,LORATADINE,Comprimé sec,10MG,10,COMPRIMÉS,BOITE,GENERIQUE,2675,1771,80,Remboursable
0000156,LORHIST 10,ANTI-ALLERGIQUE ANTI-H1,LORATADINE,Comprimé sec,10MG,10,COMPRIMÉS,BOITE,GENERIQUE,1605,1605,80,Remboursable
0000164,LORINOL 10,ANTI-ALLERGIQUE ANTI-H1,LORATADINE,Comprimé sec,10MG,10,COMPRIMÉS,BOITE,GENERIQUE,1400,1400,80,Remboursable
0003501,CLARTEC 5MG/5ML,ANTI-ALLERGIQUE ANTI-H1,LORATADINE,Suspension buvable,5MG/5ML,120,MILLILITRES,FLACON,GENERIQUE,2870,2508,80,Remboursable
0003507,CLARTEC 10,ANTI-ALLERGIQUE ANTI-H1,LORATADINE,Comprimé sec,10MG,15,COMPRIMÉS,BOITE,GENERIQUE,2870,2657,80,Remboursable
0004222,LORHIST 5MG/5ML,ANTI-ALLERGIQUE ANTI-H1,LORATADINE,Suspension buvable,5MG/5ML,60,MILLILITRES,FLACON,GENERIQUE,1150,1150,80,Remboursable
0002060,ALLERGYL 5MG/5ML,ANTI-ALLERGIQUE ANTI-H1,PROMETHAZINE,Solution buvable,5MG/5ML,60,MILLILITRES,FLACON,GENERIQUE,530,530,80,Remboursable
0003573,LE-CET 5,ANTI-ALLERGIQUE ANTI-H1,LEVOCETIRIZINE,Comprimé sec,5MG,10,COMPRIMÉS,BOITE,GENERIQUE,1930,1930,80,Remboursable
0002269,ZYLPREX 10,ANTI-ALLERGIQUE ANTI-H1,CETIRIZINE,Comprimé sec,10MG,10,COMPRIMÉS,BOITE,GENERIQUE,2445,605,80,Remboursable
0002273,ALERID 10,ANTI-ALLERGIQUE ANTI-H1,CETIRIZINE,Comprimé sec,10MG,30,COMPRIMÉS,BOITE,GENERIQUE,1720,1720,80,Remboursable
0002289,CURTEC 10,ANTI-ALLERGIQUE ANTI-H1,CETIRIZINE,Comprimé sec,10MG,15,COMPRIMÉS,BOITE,GENERIQUE,4020,908,80,Remboursable
0002294,ZYLPREX 5MG/5ML,ANTI-ALLERGIQUE ANTI-H1,CETIRIZINE,Solution buvable,5MG/5ML,30,MILLILITRES,FLACON,GENERIQUE,1150,1150,80,Remboursable
0003503,CURTEC 5MG/5ML,ANTI-ALLERGIQUE ANTI-H1,CETIRIZINE,Solution buvable,5MG/5ML,60,MILLILITRES,FLACON,GENERIQUE,1835,1835,80,Remboursable
0004733,GENSET 5MG/5ML,ANTI-ALLERGIQUE ANTI-H1,CETIRIZINE,Solution buvable,5MG/5ML,60,Millilitre (s),FLACON,GENERIQUE,920,920,80,Remboursable
0004759,ALLERGICA 10,ANTI-ALLERGIQUE ANTI-H1,CETIRIZINE,COMPRIME,10MG,30,COMPRIMES,BOITE,GENERIQUE,1930,1815,80,Remboursable
0004760,ALLERGICA 5MG/5ML,ANTI-ALLERGIQUE ANTI-H1,CETIRIZINE,Solution buvable,5MG/5ML,150,MILLILITRES,FLACON,GENERIQUE,1445,1445,80,Remboursable
0004766,GENSET 10,ANTI-ALLERGIQUE ANTI-H1,CETIRIZINE,COMPRIME,10MG,30,COMPRIMES,BOITE,GENERIQUE,2295,1815,80,Remboursable
0004081,BILAXTEN 20,ANTI-ALLERGIQUE ANTI-H1,BILASTINE,COMPRIME,20MG,10,COMPRIMES,BOITE,GENERIQUE,3580,3580,80,Remboursable
0004145,KESTINE 20,ANTI-ALLERGIQUE ANTI-H1,EBASTINE,Comprimé sec,20MG,20,COMPRIMÉS,BOITE,GENERIQUE,3445,3445,80,Remboursable
0004146,KESTINE 10,ANTI-ALLERGIQUE ANTI-H1,EBASTINE,Comprimé sec,10MG,10,COMPRIMÉS,BOITE,GENERIQUE,2085,2085,80,Remboursable
C000217,CHLORPHENIRAMINE MALEATE 4MG/COMP,ANTI-ALLERGIQUE ANTI-H1,CHLORPHENAMINE,Comprimé sec,4MG,20,COMPRIMÉS,BOITE,CAMEG,100,100,80,Remboursable
0001307,CROMSOL 2%,ANTI-ALLERGIQUE LOCAL ANTI-DEGRANULANT MASTOCYTAIRE,CROMOGLICATE,COLLYRE,2%,5,MILLILITRES,FLACON,GENERIQUE,885,885,80,Remboursable
0003845,ORCHAZID 0.025%,ANTI-ALLERGIQUE LOCAL ANTI-H1,KETOTIFENE,COLLYRE,0.025%,5,MILLILITRES,FLACON,GENERIQUE,2800,2800,80,Remboursable
0004772,ORCHAZID 0.025% UNIDOSE VRAC,ANTI-ALLERGIQUE LOCAL ANTI-H1,KETOTIFENE,COLLYRE UNIDOSE,0.025%,15x0.4,MILLILITRES,FLACON,GENERIQUE,2295,2295,80,Remboursable
0004615,IO-PAT 1MG/ML,ANTI-ALLERGIQUE LOCAL ANTI-H1,OLOPATADINE,COLLYRE,1MG/ML,5,MILLILITRES,FLACON,GENERIQUE,2295,2295,80,Remboursable
0000340,ACFOL 5MG,ANTI-ANEMIQUE,ACIDE FOLIQUE,COMPRIME DISPERSIBLE,5MG,25,COMPRIMES,BOITE,GENERIQUE,1700,413,80,Remboursable
0002539,ACIDE FOLIQUE GGIA,ANTI-ANEMIQUE,ACIDE FOLIQUE,Comprimé sec,5MG,20,COMPRIMÉS,BOITE,GENERIQUE,550,330,80,Remboursable
0003303,ACIDE FOLIQUE TM 5MG,ANTI-ANEMIQUE,ACIDE FOLIQUE,Comprimé sec,5MG,40,COMPRIMÉS,BOITE,GENERIQUE,590,590,80,Remboursable
0001962,FOLIFER VRAC,ANTI-ANEMIQUE,FER+ACIDE FOLIQUE,COMPRIME,90MG/1MG,10,COMPRIMES,BOITE,GENERIQUE,435,330,80,Remboursable
0001989,FERFOLTONE,ANTI-ANEMIQUE,FER+ACIDE FOLIQUE,GELULE,300MG/100MG,30,GELULES,BOITE,GENERIQUE,830,830,80,Remboursable
0002354,VITAFER LP,ANTI-ANEMIQUE,FER+ACIDE FOLIQUE,GELULE,45MG/500µG,30,GELULES,BOITE,GENERIQUE,1835,1650,80,Remboursable
0003299,ELERON,ANTI-ANEMIQUE,FER+ACIDE FOLIQUE,COMPRIME,100MG/550µG,10,COMPRIMÉS,BOITE,GENERIQUE,550,550,80,Remboursable
0003336,FUMARATE FERREUX+ACIDE FOLIQUE TM,ANTI-ANEMIQUE,FER+ACIDE FOLIQUE,COMPRIME,200MG/200µG,100,COMPRIMES,BOITE,GENERIQUE,1100,1100,80,Remboursable
0003391,HEMAFER FOL,ANTI-ANEMIQUE,FER+ACIDE FOLIQUE,COMPRIME EFFERVESCENT,100MG/375µG,12,COMPRIMÉS,BOITE,GENERIQUE,3790,660,80,Remboursable
0002419,FUMAFER GGIA,ANTI-ANEMIQUE,FER FUMARATE,Comprimé sec,66MG,40,COMPRIMÉS,BOITE,GENERIQUE,350,350,80,Remboursable
0003323,FUMARATE FERREUX TM,ANTI-ANEMIQUE,FER FUMARATE,Comprimé sec,200MG,100,COMPRIMÉS,BOITE,GENERIQUE,880,880,80,Remboursable
0002567,MUMFER,ANTI-ANEMIQUE,FER FERRIQUE,Suspension buvable,50MG/5ML,150,MILLILITRES,FLACON,GENERIQUE,2490,1980,80,Remboursable
0003640,ELERON,ANTI-ANEMIQUE,FER FERRIQUE,Sirop,50MG/5ML,200,MILLILITRES,FLACON,GENERIQUE,2390,2390,80,Remboursable
0004123,HEMAFER,ANTI-ANEMIQUE,FER FERRIQUE,Sirop,50MG/5ML,125,MILLILITRES,FLACON,GENERIQUE,2755,1650,80,Remboursable
0004633,RBC 100MG/5ML,ANTI-ANEMIQUE,FER SACHARROSE,SOLUTION INJECTABLE,100MG/5ML,1,AMPOULE,BOITE,GENERIQUE,2275,2275,80,Remboursable
0004730,AMIFER 100MG/5ML,ANTI-ANEMIQUE,FER SACHARROSE,SOLUTION INJECTABLE,100MG/5ML,1,AMPOULE,BOITE,GENERIQUE,2755,2503,80,Remboursable
0001334,VITAMINE B12 TM,ANTI-ANEMIQUE,VITAMINE B12(CYANOCOBALAMINE),Solution Injectable,1000µG,1,AMPOULE,BOITE,GENERIQUE,90,90,80,Remboursable
0001969,OROFER,ANTI-ANEMIQUE,FER+ACIDE FOLIQUE,GELULE,100MG/550µG,40,GELULE,BOITE,GENERIQUE,2100,2100,80,Remboursable
C000113,FUMARATE FERREUX 200MG BLISTER,ANTI-ANEMIQUE,FER,Comprimé sec,66MG,10,COMPRIMÉS,BOITE,CAMEG,100,99,80,Remboursable
C000020,ACIDE FOLIQUE 5MG/COMP BLISTER/10,ANTI-ANEMIQUE,ACIDE FOLIQUE,Comprimé sec,5MG,10,COMPRIMÉS,BOITE,CAMEG,60,55,80,Remboursable
C000102,FER FUMARATE+ACIDE FOLIQUE,ANTI-ANEMIQUE,FER+ACIDE FOLIQUE,COMPRIME,200MG/250µG,10,COMPRIMES,BLISTER,CAMEG,100,100,80,Remboursable
C000411,FER+VITAMINE B12,ANTI-ANEMIQUE,FER+VITAMINE B12,Solution buvable,50MG,180,Millilitre (s),FLACON,CAMEG,1125,1125,80,Remboursable
0003599,FOLICAL-M,ANTI-ANEMIQUE SPECIFIQUE,ACIDE FOLINIQUE,Solution Injectable,50MG/5ML,1,AMPOULE,BOITE,GENERIQUE,5000,5000,80,TPC
0004713,HEMAX 2000UI/ML,ANTI-ANEMIQUE SPECIFIQUE,EPOETINE ALPHA,SOLUTION INJECTABLE,2000UI/ML,1,AMPOULE,BOITE,GENERIQUE,9760,9760,80,Entente prealable
0004714,HEMAX 4000UI/ML,ANTI-ANEMIQUE SPECIFIQUE,EPOETINE ALPHA,SOLUTION INJECTABLE,4000UI/ML,1,AMPOULE,BOITE,GENERIQUE,18365,18365,80,Entente prealable
0003579,MYONIT SR 2.6,ANTI-ANGOREUX DERIVE NITRE,TRINITRATE DE GLYCERINE,COMPRIME SR,2.6MG,30,COMPRIMÉS,BOITE,GENERIQUE,4065,4065,80,TPC
0003679,MYONIT SR 6.4,ANTI-ANGOREUX DERIVE NITRE,TRINITRATE DE GLYCERINE,COMPRIME SR,6.4MG,30,COMPRIMES,BOITE,GENERIQUE,5575,5575,80,TPC
0001626,VASCOR 20,ANTI-ANGOREUX DIVERS,TRIMETAZIDINE,COMPRIME ORODISPERSIBLE,20MG,60,COMPRIMÉS,BOITE,GENERIQUE,4670,4670,80,Remboursable
0001649,TRIMAREL 20,ANTI-ANGOREUX DIVERS,TRIMETAZIDINE,COMPRIME,20MG,60,COMPRIMÉS,BOITE,GENERIQUE,4820,4820,80,Remboursable
0001740,VASCOR GOUTTE,ANTI-ANGOREUX DIVERS,TRIMETAZIDINE,GOUTTE BUVABLE,20MG,60,MILLILITRES,FLACON,GENERIQUE,4590,4590,80,Remboursable
0003840,METAGARD 35,ANTI-ANGOREUX DIVERS,TRIMETAZIDINE,COMPRIME,35MG,30,COMPRIMES,BOITE,GENERIQUE,2160,2160,80,Remboursable
0004308,TRICOZ 35,ANTI-ANGOREUX DIVERS,TRIMETAZIDINE,COMPRIME,35MG,60,COMPRIMES,BOITE,GENERIQUE,5165,5165,80,Remboursable
0004024,EURYTHMIC 200,ANTI-ARYTHMIQUE CLASSE III,AMIODARONE,COMPRIME,200MG,30,COMPRIMES,BOITE,GENERIQUE,7230,7230,80,TPC
C000055,AMIODARONE 200MG,ANTI-ARYTHMIQUE CLASSE III,AMIODARONE,Comprimé sec,200MG,28,COMPRIMÉS,BOITE,CAMEG,8225,8225,80,TPC
0000422,BUTO-ASMA 2MG,ANTI-ASTHMATIQUE BETA-2-MIMETIQUE,SALBUTAMOL,Comprimé sec,2MG,40,COMPRIMÉS,BOITE,GENERIQUE,2010,2010,80,Remboursable
0000438,LOXAIR 100µG,ANTI-ASTHMATIQUE BETA-2-MIMETIQUE,SALBUTAMOL,AEROSOL,100µG,200,DOSES,FLACON,GENERIQUE,2745,2745,80,Remboursable
0000447,SALBUTUS 2MG/5ML,ANTI-ASTHMATIQUE BETA-2-MIMETIQUE,SALBUTAMOL,Solution buvable,2MG/5ML,100,MILLILITRES,FLACON,GENERIQUE,1150,1150,80,Remboursable
0000838,BUTO-ASMA 100µG,ANTI-ASTHMATIQUE BETA-2-MIMETIQUE,SALBUTAMOL,AEROSOL,100µG,200,DOSES,FLACON,GENERIQUE,2700,2700,80,Remboursable
0000851,BUTO-ASMA 2MG/5ML,ANTI-ASTHMATIQUE BETA-2-MIMETIQUE,SALBUTAMOL,Solution buvable,2MG/5ML,100,MILLILITRES,FLACON,GENERIQUE,1605,1265,80,Remboursable
0003671,AEROL 100µG,ANTI-ASTHMATIQUE BETA-2-MIMETIQUE,SALBUTAMOL,AEROSOL,100µG,200,DOSES,FLACON,GENERIQUE,1895,1895,80,Remboursable
C000215,SALBUTAMOL 0.5MG/ML,ANTI-ASTHMATIQUE BETA-2-MIMETIQUE,SALBUTAMOL,Solution Injectable,0.5MG/ML,1,AMPOULE,BOITE,CAMEG,310,310,80,Remboursable
C000234,SALBUTAMOL 4MG,ANTI-ASTHMATIQUE BETA-2-MIMETIQUE,SALBUTAMOL,COMPRIME,4MG,10,COMPRIMES,BLISTER,CAMEG,650,650,80,Remboursable
0004593,BEXITROL-F  250/25,ANTI-ASTHMATIQUE BITHERAPIE CORTICOIDE INHALE+BETA-2 MIMETIQUE,FLUTICASONE+SALMETEROL,AEROSOL,250µG/25µG,120,DOSES,FLACON,GENERIQUE,4595,4595,80,TPC
0004594,BEXITROL-F 125/25,ANTI-ASTHMATIQUE BITHERAPIE CORTICOIDE INHALE+BETA-2 MIMETIQUE,FLUTICASONE+SALMETEROL,AEROSOL,125µG/25µG,120,DOSES,FLACON,GENERIQUE,3445,3445,80,TPC
0002020,OXALAIR 125,ANTI-ASTHMATIQUE CORTICOIDE INHALE,FLUTICASONE,AEROSOL,125µG,120,DOSES,FLACON,GENERIQUE,6610,6610,80,Remboursable
0002039,FLIXOTIDE 50 AEROSOL,ANTI-ASTHMATIQUE CORTICOIDE INHALE,FLUTICASONE,AEROSOL,50µG,120,DOSES,FLACON,GENERIQUE,1930,1930,80,Remboursable
0003402,CORTIS 250,ANTI-ASTHMATIQUE CORTICOIDE INHALE,BECLOMETHASONE,AEROSOL,250µG,60,DOSES,FLACON,GENERIQUE,5165,5165,80,Remboursable
0000097,GENTAMICINE 80 TM,ANTIBIOTIQUE AMINOSIDE,GENTAMICINE,Solution Injectable,80MG,1,AMPOULE,BOITE,GENERIQUE,155,155,80,Remboursable
0000100,PHILCO GENTA 80,ANTIBIOTIQUE AMINOSIDE,GENTAMICINE,Solution Injectable,80MG,1,AMPOULE,BOITE,GENERIQUE,100,100,80,Remboursable
C000129,GENTAMICINE 10,ANTIBIOTIQUE AMINOSIDE,GENTAMICINE,Solution Injectable,10MG,1,AMPOULE,BOITE,CAMEG,225,225,80,Remboursable
C000132,GENTAMICINE 40,ANTIBIOTIQUE AMINOSIDE,GENTAMICINE,Solution Injectable,40MG,1,AMPOULE,BOITE,CAMEG,245,245,80,Remboursable
C000135,GENTAMICINE 80,ANTIBIOTIQUE AMINOSIDE,GENTAMICINE,Solution Injectable,80MG,1,AMPOULE,BOITE,CAMEG,150,150,80,Remboursable
0003259,MERONIA 500,ANTIBIOTIQUE BETA-LACTAMINE CARBAPENEME,MEROPENEME,POUDRE POUR SOLUTION INJECTABLE,500MG,1,FLACON,BOITE,GENERIQUE,6880,6314,80,Entente prealable
0003260,MERONIA 1000,ANTIBIOTIQUE BETA-LACTAMINE CARBAPENEME,MEROPENEME,POUDRE POUR SOLUTION INJECTABLE,1000MG,1,FLACON,BOITE,GENERIQUE,11480,11363,80,Entente prealable
0003530,MEROCLASS 500,ANTIBIOTIQUE BETA-LACTAMINE CARBAPENEME,MEROPENEME,POUDRE POUR SOLUTION INJECTABLE,500MG,1,FLACON,BOITE,GENERIQUE,5740,5740,80,Entente prealable
0003537,MEROCLASS 1000,ANTIBIOTIQUE BETA-LACTAMINE CARBAPENEME,MEROPENEME,POUDRE POUR SOLUTION INJECTABLE,1000MG,1,FLACON,BOITE,GENERIQUE,10330,10330,80,Entente prealable
0004234,ZAXTER 1000,ANTIBIOTIQUE BETA-LACTAMINE CARBAPENEME,MEROPENEME,POUDRE POUR SOLUTION INJECTABLE,1000MG,1,AMPOULE,BOITE,GENERIQUE,12050,11363,80,Entente prealable
0004717,ACTOPENUM 500,ANTIBIOTIQUE BETA-LACTAMINE CARBAPENEME,MEROPENEME,POUDRE POUR SOLUTION INJECTABLE,500MG,1,FLACON,BOITE,GENERIQUE,5290,5290,80,Entente prealable
0004718,ACTOPENUM 1000,ANTIBIOTIQUE BETA-LACTAMINE CARBAPENEME,MEROPENEME,POUDRE POUR SOLUTION INJECTABLE,1000MG,1,FLACON,BOITE,GENERIQUE,9895,9895,80,Entente prealable
0004769,IMI-LUX 500/500,ANTIBIOTIQUE BETA-LACTAMINE CARBAPENEME+INHIBITEUR DE LA DIPEPTDASE RENALE,IMIPENEME+CILASTATINE,POUDRE POUR SOLUTION INJECTABLE,500MG/500MG,1,FLACON,BOITE,GENERIQUE,7460,7460,80,Entente prealable
0003487,KEFROX 250,ANTIBIOTIQUE BETA-LACTAMINE CEPHALOSPORINE,CEFUROXIME,COMPRIME,250MG,10,COMPRIMES,BOITE,GENERIQUE,3765,3765,80,Remboursable
0004737,AXCEL CEFUROXIME 250,ANTIBIOTIQUE BETA-LACTAMINE CEPHALOSPORINE,CEFUROXIME,GELULE,250MG,10,GELULES,BOITE,GENERIQUE,4800,4142,80,Remboursable
0003762,ADORA 500,ANTIBIOTIQUE BETA-LACTAMINE CEPHALOSPORINE,CEFADROXIL,Comprimé sec,500MG,20,COMPRIMÉS,BOITE,GENERIQUE,3090,3090,80,Remboursable
0004412,ACUDROX 250MG/5ML,ANTIBIOTIQUE BETA-LACTAMINE CEPHALOSPORINE,CEFADROXIL,POUDRE POUR SUSPENSION BUVABLE,250MG/5ML,30,MILLILITRES,FLACON,GENERIQUE,1270,1270,80,Remboursable
0004475,FEDROX 250MG/5ML,ANTIBIOTIQUE BETA-LACTAMINE CEPHALOSPORINE,CEFADROXIL,POUDRE POUR SUSPENSION BUVABLE,250MG/5ML,50,MILLILITRES,FLACON,GENERIQUE,2555,2475,80,Remboursable
0002457,CEPODEM 200,ANTIBIOTIQUE BETA-LACTAMINE CEPHALOSPORINE,CEFPODOXIME,COMPRIME DISPERSIBLE,200MG,10,COMPRIMÉS,BOITE,GENERIQUE,6855,6855,80,Remboursable
0002460,CEPODEM 40MG/5ML,ANTIBIOTIQUE BETA-LACTAMINE CEPHALOSPORINE,CEFPODOXIME,Suspension buvable,40MG/5ML,100,MILLILITRES,FLACON,GENERIQUE,7000,7000,80,Remboursable
0004096,SWICH 200,ANTIBIOTIQUE BETA-LACTAMINE CEPHALOSPORINE,CEFPODOXIME,Comprimé sec,200MG,10,COMPRIMÉS,BOITE,GENERIQUE,6120,6120,80,Remboursable
0004582,ZEPOTIL 100,ANTIBIOTIQUE BETA-LACTAMINE CEPHALOSPORINE,CEFPODOXIME,Comprimé,100MG,10,COMPRIMÉS,BOITE,GENERIQUE,4015,4015,80,Remboursable
0004583,ZEPOTIL 200,ANTIBIOTIQUE BETA-LACTAMINE CEPHALOSPORINE,CEFPODOXIME,Comprimé,200MG,10,COMPRIMÉS,BOITE,GENERIQUE,4595,4595,80,Remboursable
0004584,ZEPOTIL 50MG/5ML,ANTIBIOTIQUE BETA-LACTAMINE CEPHALOSPORINE,CEFPODOXIME,POUDRE POUR SUSPENSION BUVABLE,50MG/5ML,60,MILLILITRES,FLACON,GENERIQUE,4520,4520,80,Remboursable
0002025,MESPORIN 1000 IV,ANTIBIOTIQUE BETA-LACTAMINE CEPHALOSPORINE,CEFTRIAXONE,POUDRE POUR SUSPENSION INJECTABLE,1000MG,1,FLACON,BOITE,GENERIQUE,4880,1034,80,Remboursable
0002038,ACCUZON 1000,ANTIBIOTIQUE BETA-LACTAMINE CEPHALOSPORINE,CEFTRIAXONE,POUDRE POUR SUSPENSION INJECTABLE,1000MG,1,FLACON,BOITE,GENERIQUE,2035,1034,80,Remboursable
0002046,C-TRI 1000,ANTIBIOTIQUE BETA-LACTAMINE CEPHALOSPORINE,CEFTRIAXONE,POUDRE POUR SUSPENSION INJECTABLE,1000MG,1,FLACON,BOITE,GENERIQUE,2295,1034,80,Remboursable
0002053,CETAZONE 1000,ANTIBIOTIQUE BETA-LACTAMINE CEPHALOSPORINE,CEFTRIAXONE,POUDRE POUR SUSPENSION INJECTABLE,1000MG,1,FLACON,BOITE,GENERIQUE,2870,1034,80,Remboursable
0002057,CIPLACEF 1000,ANTIBIOTIQUE BETA-LACTAMINE CEPHALOSPORINE,CEFTRIAXONE,POUDRE POUR SUSPENSION INJECTABLE,1000MG,1,FLACON,BOITE,GENERIQUE,1435,1034,80,Remboursable
0002065,IMMUNOX 1000,ANTIBIOTIQUE BETA-LACTAMINE CEPHALOSPORINE,CEFTRIAXONE,POUDRE POUR SUSPENSION INJECTABLE,1000MG,1,FLACON,BOITE,GENERIQUE,1325,1034,80,Remboursable
0002079,MESPORIN 1000 IM,ANTIBIOTIQUE BETA-LACTAMINE CEPHALOSPORINE,CEFTRIAXONE,POUDRE POUR SUSPENSION INJECTABLE,1000MG,1,FLACON,BOITE,GENERIQUE,4880,1034,80,Remboursable
0002120,ACCUZON 250,ANTIBIOTIQUE BETA-LACTAMINE CEPHALOSPORINE,CEFTRIAXONE,POUDRE POUR SUSPENSION INJECTABLE,250MG,1,FLACON,BOITE,GENERIQUE,825,825,80,Remboursable
0002125,CETAZONE 250,ANTIBIOTIQUE BETA-LACTAMINE CEPHALOSPORINE,CEFTRIAXONE,POUDRE POUR SUSPENSION INJECTABLE,250MG,1,FLACON,BOITE,GENERIQUE,1380,908,80,Remboursable
0002158,CETAZONE 500,ANTIBIOTIQUE BETA-LACTAMINE CEPHALOSPORINE,CEFTRIAXONE,POUDRE POUR SUSPENSION INJECTABLE,500MG,1,FLACON,BOITE,GENERIQUE,2295,1034,80,Remboursable
0002179,CEFTRIAZ 1000,ANTIBIOTIQUE BETA-LACTAMINE CEPHALOSPORINE,CEFTRIAXONE,POUDRE POUR SUSPENSION INJECTABLE,1000MG,1,FLACON,BOITE,GENERIQUE,3415,1034,80,Remboursable
0002190,CEFTRIAZ 250,ANTIBIOTIQUE BETA-LACTAMINE CEPHALOSPORINE,CEFTRIAXONE,POUDRE POUR SUSPENSION INJECTABLE,250MG ,1,FLACON,BOITE,GENERIQUE,1435,908,80,Remboursable
0002194,CEFTRIAZ 500,ANTIBIOTIQUE BETA-LACTAMINE CEPHALOSPORINE,CEFTRIAXONE,POUDRE POUR SUSPENSION INJECTABLE,500MG,1,FLACON,BOITE,GENERIQUE,1750,1034,80,Remboursable
0003448,UTRIXONE 1000,ANTIBIOTIQUE BETA-LACTAMINE CEPHALOSPORINE,CEFTRIAXONE,POUDRE POUR SUSPENSION INJECTABLE,1000MG,1,FLACON,BOITE,GENERIQUE,1250,1034,80,Remboursable
0003454,CETAFOR 500,ANTIBIOTIQUE BETA-LACTAMINE CEPHALOSPORINE,CEFTRIAXONE,POUDRE POUR SUSPENSION INJECTABLE,500MG,1,FLACON,BOITE,GENERIQUE,1720,1034,80,Remboursable
0003470,XONE 1000,ANTIBIOTIQUE BETA-LACTAMINE CEPHALOSPORINE,CEFTRIAXONE,POUDRE POUR SUSPENSION INJECTABLE,1000MG,1,FLACON,FLACON,GENERIQUE,1895,1034,80,Remboursable
0003531,CEFTRIAXONE TM 1000,ANTIBIOTIQUE BETA-LACTAMINE CEPHALOSPORINE,CEFTRIAXONE,POUDRE POUR SUSPENSION INJECTABLE,1000MG,1,FLACON,BOITE,GENERIQUE,1910,1034,80,Remboursable
0003549,CETAFOR 1000,ANTIBIOTIQUE BETA-LACTAMINE CEPHALOSPORINE,CEFTRIAXONE,POUDRE POUR SUSPENSION INJECTABLE,1000MG,1,FLACON,BOITE,GENERIQUE,2250,1034,80,Remboursable
0003585,STACEF 1000,ANTIBIOTIQUE BETA-LACTAMINE CEPHALOSPORINE,CEFTRIAXONE,POUDRE POUR SUSPENSION INJECTABLE,1000MG,1,FLACON,BOITE,GENERIQUE,2295,1034,80,Remboursable
0003613,INDOZONE 1000,ANTIBIOTIQUE BETA-LACTAMINE CEPHALOSPORINE,CEFTRIAXONE,POUDRE POUR SUSPENSION INJECTABLE,1000MG,1,FLACON,BOITE,GENERIQUE,2295,1034,80,Remboursable
0003656,CEFEZONE 1000,ANTIBIOTIQUE BETA-LACTAMINE CEPHALOSPORINE,CEFTRIAXONE,POUDRE POUR SUSPENSION INJECTABLE,1000MG,1,FLACON,BOITE,GENERIQUE,1725,1034,80,Remboursable
0003709,ZOUCEF 1000,ANTIBIOTIQUE BETA-LACTAMINE CEPHALOSPORINE,CEFTRIAXONE,POUDRE POUR SUSPENSION INJECTABLE,1000MG,1,AMPOULE,BOITE,GENERIQUE,1610,1034,80,Remboursable
0003763,EXEPHIN 1000,ANTIBIOTIQUE BETA-LACTAMINE CEPHALOSPORINE,CEFTRIAXONE,POUDRE POUR SUSPENSION INJECTABLE,1000MG,1,FLACON,BOITE,GENERIQUE,2650,1034,80,Remboursable
0003809,CEFTRIAXONE LDP 500,ANTIBIOTIQUE BETA-LACTAMINE CEPHALOSPORINE,CEFTRIAXONE,POUDRE POUR SUSPENSION INJECTABLE,500MG,1,FLACON,BOITE,GENERIQUE,2065,1034,80,Remboursable
0003810,CEFTRIAXONE LDP 1000,ANTIBIOTIQUE BETA-LACTAMINE CEPHALOSPORINE,CEFTRIAXONE,POUDRE POUR SUSPENSION INJECTABLE,1000MG,1,FLACON,BOITE,GENERIQUE,2870,1034,80,Remboursable
0003811,CELLTRIAXON 1000,ANTIBIOTIQUE BETA-LACTAMINE CEPHALOSPORINE,CEFTRIAXONE,POUDRE POUR SUSPENSION INJECTABLE,1000MG,1,FLACON,BOITE,GENERIQUE,2870,1034,80,Remboursable
0003869,STERICEF 1000,ANTIBIOTIQUE BETA-LACTAMINE CEPHALOSPORINE,CEFTRIAXONE,POUDRE POUR SUSPENSION INJECTABLE,1000MG,1,FLACON,BOITE,GENERIQUE,1940,1034,80,Remboursable
0004097,ARTXON 1000,ANTIBIOTIQUE BETA-LACTAMINE CEPHALOSPORINE,CEFTRIAXONE,POUDRE POUR SUSPENSION INJECTABLE,1000MG,1,FLACON,BOITE,GENERIQUE,1700,1034,80,Remboursable
0004099,CEFOCIAN 1000,ANTIBIOTIQUE BETA-LACTAMINE CEPHALOSPORINE,CEFTRIAXONE,POUDRE POUR SUSPENSION INJECTABLE,1000MG,1,FLACON,BOITE,GENERIQUE,1975,1034,80,Remboursable
0004100,CEFOCIAN 500,ANTIBIOTIQUE BETA-LACTAMINE CEPHALOSPORINE,CEFTRIAXONE,POUDRE POUR SUSPENSION INJECTABLE,500MG,1,FLACON,BOITE,GENERIQUE,1500,1034,80,Remboursable
0004101,ONECEF 1000,ANTIBIOTIQUE BETA-LACTAMINE CEPHALOSPORINE,CEFTRIAXONE,POUDRE POUR SUSPENSION INJECTABLE,1000MG,1,FLACON,BOITE,GENERIQUE,1725,1034,80,Remboursable
0004102,TRAXOL 1000,ANTIBIOTIQUE BETA-LACTAMINE CEPHALOSPORINE,CEFTRIAXONE,POUDRE POUR SUSPENSION INJECTABLE,1000MG,1,FLACON,BOITE,GENERIQUE,2010,1034,80,Remboursable
0004425,AUROXONE 1000,ANTIBIOTIQUE BETA-LACTAMINE CEPHALOSPORINE,CEFTRIAXONE,POUDRE POUR SUSPENSION INJECTABLE,1000MG,1,FLACON,BOITE,GENERIQUE,2090,1034,80,Remboursable
0004440,CEFTRI 500,ANTIBIOTIQUE BETA-LACTAMINE CEPHALOSPORINE,CEFTRIAXONE,POUDRE POUR SUSPENSION INJECTABLE,500MG,1,FLACON,FLACON,GENERIQUE,1720,1034,80,Remboursable
0004463,FAIRCEF 1000,ANTIBIOTIQUE BETA-LACTAMINE CEPHALOSPORINE,CEFTRIAXONE,POUDRE POUR SUSPENSION INJECTABLE,1000MG,1,FLACON,BOITE,GENERIQUE,1775,1034,80,Remboursable
0004465,FAIRCEF 500,ANTIBIOTIQUE BETA-LACTAMINE CEPHALOSPORINE,CEFTRIAXONE,POUDRE POUR SUSPENSION INJECTABLE,500MG,1,FLACON,BOITE,GENERIQUE,2100,1034,80,Remboursable
0004520,NOVAZONE 1000,ANTIBIOTIQUE BETA-LACTAMINE CEPHALOSPORINE,CEFTRIAXONE,POUDRE POUR SOLUTION INJECTABLE,1000MG,1,FLACON,BOITE,GENERIQUE,2250,1034,80,Remboursable
0004555,ROXONE 1000,ANTIBIOTIQUE BETA-LACTAMINE CEPHALOSPORINE,CEFTRIAXONE,POUDRE POUR SUSPENSION INJECTABLE,1000MG,1,FLACON,BOITE,GENERIQUE,2275,1034,80,Remboursable
0004580,VAXCEL CEFTRIAXONE 1000,ANTIBIOTIQUE BETA-LACTAMINE CEPHALOSPORINE,CEFTRIAXONE,POUDRE POUR SUSPENSION INJECTABLE,1000MG,1,FLACON,BOITE,GENERIQUE,3005,1034,80,Remboursable
0004788,G-CEFTRIA 1000,ANTIBIOTIQUE BETA-LACTAMINE CEPHALOSPORINE,CEFTRIAXONE,SOLUTION INJECTABLE,1000MG,1,FLACON,BOITE,GENERIQUE,1720,1034,80,Remboursable
0004799,UNITRAX 1000,ANTIBIOTIQUE BETA-LACTAMINE CEPHALOSPORINE,CEFTRIAXONE,POUDRE POUR SOLUTION INJECTABLE,1000MG,1,FLACON,BOITE,GENERIQUE,1500,1034,80,Remboursable
0002421,KEFOTAX 1000,ANTIBIOTIQUE BETA-LACTAMINE CEPHALOSPORINE,CEFOTAXIME,POUDRE POUR SUSPENSION INJECTABLE,1000MG,1,FLACON,BOITE,GENERIQUE,3150,3150,80,Remboursable
0002425,KEFOTAX 500,ANTIBIOTIQUE BETA-LACTAMINE CEPHALOSPORINE,CEFOTAXIME,POUDRE POUR SUSPENSION INJECTABLE,500MG,1,FLACON,BOITE,GENERIQUE,1400,1400,80,Remboursable
0004433,BAXIM 1000,ANTIBIOTIQUE BETA-LACTAMINE CEPHALOSPORINE,CEFOTAXIME,POUDRE POUR SUSPENSION INJECTABLE,1000MG,1,FLACON,BOITE,GENERIQUE,1150,1150,80,Remboursable
0002375,CEFALORAL 200,ANTIBIOTIQUE BETA-LACTAMINE CEPHALOSPORINE,CEFIXIME,COMPRIME,200MG,10,COMPRIMES,BOITE,GENERIQUE,4200,3790,80,Remboursable
0002385,CEFALORAL 100,ANTIBIOTIQUE BETA-LACTAMINE CEPHALOSPORINE,CEFIXIME,COMPRIME DISPERSIBLE,100MG,10,COMPRIMES,BOITE,GENERIQUE,3675,3675,80,Remboursable
0002388,CEFIM 200,ANTIBIOTIQUE BETA-LACTAMINE CEPHALOSPORINE,CEFIXIME,GELULE,200MG,12,GELULES,BOITE,GENERIQUE,6885,4554,80,Remboursable
0002389,CEFIM 400,ANTIBIOTIQUE BETA-LACTAMINE CEPHALOSPORINE,CEFIXIME,GELULE,400MG,6,GELULES,BOITE,GENERIQUE,4925,4502,80,Remboursable
0002404,NOVACEF 50MG/5ML,ANTIBIOTIQUE BETA-LACTAMINE CEPHALOSPORINE,CEFIXIME,POUDRE POUR SUSPENSION BUVABLE,50MG/5ML,30,MILLILITRES,FLACON,GENERIQUE,2495,1584,80,Remboursable
0002409,CEFIM 100MG/5ML,ANTIBIOTIQUE BETA-LACTAMINE CEPHALOSPORINE,CEFIXIME,POUDRE POUR SUSPENSION BUVABLE,100MG/5ML,60,MILLILITRES,FLACON,GENERIQUE,4855,2706,80,Remboursable
0002565,C-TAX,ANTIBIOTIQUE BETA-LACTAMINE CEPHALOSPORINE,CEFIXIME,POUDRE POUR SUSPENSION BUVABLE,50MG/5ML,100,MILLILITRES,FLACON,GENERIQUE,4705,4705,80,Remboursable
0003566,ZEXIM 100MG/5ML,ANTIBIOTIQUE BETA-LACTAMINE CEPHALOSPORINE,CEFIXIME,POUDRE POUR SUSPENSION BUVABLE,100MG/5ML,30,MILLILITRES,FLACON,GENERIQUE,4820,1353,80,Remboursable
0003575,ZEXIM 200/5ML,ANTIBIOTIQUE BETA-LACTAMINE CEPHALOSPORINE,CEFIXIME,Suspension buvable,200MG/5ML,30,MILLILITRES,FLACON,GENERIQUE,5225,5225,80,Remboursable
0003632,UMEXIM 200,ANTIBIOTIQUE BETA-LACTAMINE CEPHALOSPORINE,CEFIXIME,GELULE,200MG,10,GELULES,BOITE,GENERIQUE,3605,3605,80,Remboursable
0003681,ZEXIM 400,ANTIBIOTIQUE BETA-LACTAMINE CEPHALOSPORINE,CEFIXIME,GELULE,400MG,5,GELULE,BOITE,GENERIQUE,4820,3751,80,Remboursable
0003695,FIXIM 200,ANTIBIOTIQUE BETA-LACTAMINE CEPHALOSPORINE,CEFIXIME,COMPRIME,200MG,10,COMPRIMES,BOITE,GENERIQUE,6025,3790,80,Remboursable
0003697,FIXIM 100MG/5ML,ANTIBIOTIQUE BETA-LACTAMINE CEPHALOSPORINE,CEFIXIME,POUDRE POUR SUSPENSION BUVABLE,100MG/5ML,60,MILLILITRES,FLACON,GENERIQUE,6025,2706,80,Remboursable
0004092,GRAMOCEF-O 4000,ANTIBIOTIQUE BETA-LACTAMINE CEPHALOSPORINE,CEFIXIME,GELULE,400MG,6,GELULES,BOITE,GENERIQUE,5510,4502,80,Remboursable
0004093,TAXIM-O 200,ANTIBIOTIQUE BETA-LACTAMINE CEPHALOSPORINE,CEFIXIME,COMPRIME,200MG,10,COMPRIMES,BOITE,GENERIQUE,5670,3790,80,Remboursable
0004094,TOCFIM,ANTIBIOTIQUE BETA-LACTAMINE CEPHALOSPORINE,CEFIXIME,POUDRE POUR SUSPENSION BUVABLE,100MG/5ML,60,MILLILITRES,FLACON,GENERIQUE,3445,2706,80,Remboursable
0004095,TOCFIM 200,ANTIBIOTIQUE BETA-LACTAMINE CEPHALOSPORINE,CEFIXIME,COMPRIME DISPERSIBLE,200MG,10,COMPRIMÉS,BOITE,GENERIQUE,3445,3445,80,Remboursable
0004437,CEFEXOL 100MG/5ML,ANTIBIOTIQUE BETA-LACTAMINE CEPHALOSPORINE,CEFIXIME,POUDRE POUR SUSPENSION BUVABLE,100MG/5ML,30,MILLILITRES,FLACON,GENERIQUE,2010,1353,80,Remboursable
0004438,CEFICAP 100MG/5ML,ANTIBIOTIQUE BETA-LACTAMINE CEPHALOSPORINE,CEFIXIME,POUDRE POUR SUSPENSION BUVABLE,100MG/5ML,50,MILLILITRES,FLACON,GENERIQUE,4305,2255,80,Remboursable
0004439,CEFICAP 400,ANTIBIOTIQUE BETA-LACTAMINE CEPHALOSPORINE,CEFIXIME,GELULE,400MG,10,GELULES,BOITE,GENERIQUE,5425,5425,80,Remboursable
0004531,OROCEF 50MG/5ML,ANTIBIOTIQUE BETA-LACTAMINE CEPHALOSPORINE,CEFIXIME,POUDRE POUR SUSPENSION BUVABLE,50MG/5ML,30,MILLILITRES,FLACON,GENERIQUE,2295,1584,80,Remboursable
0004532,OROCEF 400,ANTIBIOTIQUE BETA-LACTAMINE CEPHALOSPORINE,CEFIXIME,Comprimé sec,400MG,10,COMPRIMÉS,BOITE,GENERIQUE,5735,5735,80,Remboursable
0004554,ROXIME,ANTIBIOTIQUE BETA-LACTAMINE CEPHALOSPORINE,CEFIXIME,Comprimé sec,200MG,10,COMPRIMÉS,BOITE,GENERIQUE,2295,2295,80,Remboursable
0004562,SOLEXIM 200,ANTIBIOTIQUE BETA-LACTAMINE CEPHALOSPORINE,CEFIXIME,COMPRIME,200MG,10,COMPRIMES,BOITE,GENERIQUE,3695,3695,80,Remboursable
0004563,SOLEXIM-N 50MG/5ML,ANTIBIOTIQUE BETA-LACTAMINE CEPHALOSPORINE,CEFIXIME,POUDRE POUR SUSPENSION BUVABLE,50MG/5ML,60,MILLILITRES,FLACON,GENERIQUE,2870,2870,80,Remboursable
0004777,TAXIM-O FORTE 100MG/5ML,ANTIBIOTIQUE BETA-LACTAMINE CEPHALOSPORINE,CEFIXIME,POUDRE POUR SUSPENSION BUVABLE,100MG/5ML,60,MILLILITRES,FLACON,GENERIQUE,3845,2706,80,Remboursable
0004789,MEILUROXIME 200,ANTIBIOTIQUE BETA-LACTAMINE CEPHALOSPORINE,CEFIXIME,COMPRIME,200MG,10,COMPRIMES,BOITE,GENERIQUE,2960,2960,80,Remboursable
0002003,BETAZIDIM 1000,ANTIBIOTIQUE BETA-LACTAMINE CEPHALOSPORINE,CEFTAZIDIME,POUDRE POUR SOLUTION INJECTABLE,1000MG,1,FLACON,BOITE,GENERIQUE,9185,9185,80,Entente prealable
C000195,CEFTRIAXONE 1000,ANTIBIOTIQUE BETA-LACTAMINE CEPHALOSPORINE,CEFTRIAXONE,POUDRE POUR SUSPENSION INJECTABLE,1000MG,1,FLACON,FLACON,CAMEG,940,940,80,Remboursable
C000202,CEFTRIAXONE 500,ANTIBIOTIQUE BETA-LACTAMINE CEPHALOSPORINE,CEFTRIAXONE,POUDRE POUR SUSPENSION INJECTABLE,500MG,1,FLACON,FLACON,CAMEG,940,940,80,Remboursable
0003502,INDOZONE-S 1000/500,ANTIBIOTIQUE BETA-LACTAMINE CEPHALOSPORINE+INHIBITEUR DES BETA-LACTAMASES,CEFTRIAXONE+SULBACTAM,POUDRE POUR SOLUTION INJECTABLE,1000MG/500MG,1,FLACON,BOITE,GENERIQUE,3445,2778,80,Remboursable
0003506,CEFEZONE-S 1000/500,ANTIBIOTIQUE BETA-LACTAMINE CEPHALOSPORINE+INHIBITEUR DES BETA-LACTAMASES,CEFTRIAXONE+SULBACTAM,POUDRE POUR SOLUTION INJECTABLE,1000MG/500MG,1,FLACON,BOITE,GENERIQUE,2585,2585,80,Remboursable
0004098,CEFOCIAN-S 1000/500,ANTIBIOTIQUE BETA-LACTAMINE CEPHALOSPORINE+INHIBITEUR DES BETA-LACTAMASES,CEFTRIAXONE+SULBACTAM,POUDRE POUR SOLUTION INJECTABLE,1000MG/500MG,1,FLACON,BOITE,GENERIQUE,2975,2778,80,Remboursable
0004103,ONECEF+SB 1000/500,ANTIBIOTIQUE BETA-LACTAMINE CEPHALOSPORINE+INHIBITEUR DES BETA-LACTAMASES,CEFTRIAXONE+SULBACTAM,POUDRE POUR SOLUTION INJECTABLE,1000MG/500MG,1,FLACON,BOITE,GENERIQUE,2525,2525,80,Remboursable
0004556,ROXONE PLUS 1000/500,ANTIBIOTIQUE BETA-LACTAMINE CEPHALOSPORINE+INHIBITEUR DES BETA-LACTAMASES,CEFTRIAXONE+SULBACTAM,POUDRE POUR SUSPENSION INJECTABLE,1000MG/500MG,1,FLACON,BOITE,GENERIQUE,4020,3795,80,Remboursable
0004719,SULBACEF 1000/500,ANTIBIOTIQUE BETA-LACTAMINE CEPHALOSPORINE+INHIBITEUR DES BETA-LACTAMASES,CEFTRIAXONE+SULBACTAM,POUDRE POUR SOLUTION INJECTABLE,1000MG/500MG,1,FLACON,BOITE,GENERIQUE,3445,2778,80,Remboursable
0004741,SULBACEF 500/250,ANTIBIOTIQUE BETA-LACTAMINE CEPHALOSPORINE+INHIBITEUR DES BETA-LACTAMASES,CEFTRIAXONE+SULBACTAM,POUDRE POUR SOLUTION INJECTABLE,500MG/250MG,1,FLACON,BOITE,GENERIQUE,2065,2065,80,Remboursable
0004736,VAXCEL CEFOBACTAM 500/500,ANTIBIOTIQUE BETA-LACTAMINE CEPHALOSPORINE+INHIBITEUR DES BETA-LACTAMASES,CEFOPERAZONE+SULBACTAM,POUDRE POUR SOLUTION INJECTABLE,500MG/500MG,1,FLACON,BOITE,GENERIQUE,5495,5495,80,Remboursable
0002159,OSPAMOX 500,ANTIBIOTIQUE BETA-LACTAMINE PENICILLINE,AMOXICILLINE,Comprimé sec,500MG,12,COMPRIMÉS,BOITE,GENERIQUE,1885,396,80,Remboursable
0002171,AMOXI DENK 500,ANTIBIOTIQUE BETA-LACTAMINE PENICILLINE,AMOXICILLINE,Comprimé sec,500MG,20,COMPRIMÉS,BOITE,GENERIQUE,2295,660,80,Remboursable
0002182,OSPAMOX 500,ANTIBIOTIQUE BETA-LACTAMINE PENICILLINE,AMOXICILLINE,COMPRIME DISPERSIBLE,500MG,12,COMPRIMÉS,BOITE,GENERIQUE,1800,396,80,Remboursable
0002205,AMITRON 500,ANTIBIOTIQUE BETA-LACTAMINE PENICILLINE,AMOXICILLINE,GELULE,500MG,12,GELULES,BOITE,GENERIQUE,1150,396,80,Remboursable
0002214,AMODEX 500,ANTIBIOTIQUE BETA-LACTAMINE PENICILLINE,AMOXICILLINE,GELULE,500MG,12,GELULES,BOITE,GENERIQUE,1195,396,80,Remboursable
0002220,BACTOX 500,ANTIBIOTIQUE BETA-LACTAMINE PENICILLINE,AMOXICILLINE,GELULE,500MG,12,GELULES,BOITE,GENERIQUE,1870,396,80,Remboursable
0002253,LINMOX 500,ANTIBIOTIQUE BETA-LACTAMINE PENICILLINE,AMOXICILLINE,GELULE,500MG,12,GELULES,BOITE,GENERIQUE,1230,396,80,Remboursable
0002274,RANOXYL 500,ANTIBIOTIQUE BETA-LACTAMINE PENICILLINE,AMOXICILLINE,GELULE,500MG,20,GELULES,BOITE,GENERIQUE,1745,660,80,Remboursable
0002374,AMOXICILLINE UBI 125MG/5ML,ANTIBIOTIQUE BETA-LACTAMINE PENICILLINE,AMOXICILLINE,POUDRE POUR SUSPENSION BUVABLE,125MG/5ML,60,MILLILITRES,FLACON,GENERIQUE,630,594,80,Remboursable
0002382,BACTOX 250MG/5ML,ANTIBIOTIQUE BETA-LACTAMINE PENICILLINE,AMOXICILLINE,POUDRE POUR SUSPENSION BUVABLE,250MG/5ML,60,MILLILITRES,FLACON,GENERIQUE,1400,726,80,Remboursable
0002392,BACTOX 500MG/5ML,ANTIBIOTIQUE BETA-LACTAMINE PENICILLINE,AMOXICILLINE,POUDRE POUR SUSPENSION BUVABLE,500MG/5ML,60,MILLILITRES,FLACON,GENERIQUE,2470,1617,80,Remboursable
0002408,BACTOX 125MG/5ML,ANTIBIOTIQUE BETA-LACTAMINE PENICILLINE,AMOXICILLINE,POUDRE POUR SUSPENSION BUVABLE,125MG/5ML,60,MILLILITRES,FLACON,GENERIQUE,1045,594,80,Remboursable
0002439,AMOXICILLINE CREAT 125MG/5ML,ANTIBIOTIQUE BETA-LACTAMINE PENICILLINE,AMOXICILLINE,POUDRE POUR SUSPENSION BUVABLE,125MG/5ML,60,MILLILITRES,FLACON,GENERIQUE,1265,594,80,Remboursable
0002447,AMODEX 250MG/5ML,ANTIBIOTIQUE BETA-LACTAMINE PENICILLINE,AMOXICILLINE,POUDRE POUR SUSPENSION BUVABLE,250MG/5ML,60,MILLILITRES,FLACON,GENERIQUE,1240,726,80,Remboursable
0002451,AMOXICILLINE UBI 250MG/5ML,ANTIBIOTIQUE BETA-LACTAMINE PENICILLINE,AMOXICILLINE,POUDRE POUR SUSPENSION BUVABLE,250MG/5ML,60,MILLILITRES,FLACON,GENERIQUE,790,726,80,Remboursable
0002456,AMOXICILLINE CREAT 250MG/5ML,ANTIBIOTIQUE BETA-LACTAMINE PENICILLINE,AMOXICILLINE,POUDRE POUR SUSPENSION BUVABLE,250MG/5ML,60,MILLILITRES,FLACON,GENERIQUE,1380,726,80,Remboursable
0002464,AMITRON 250MG/5ML,ANTIBIOTIQUE BETA-LACTAMINE PENICILLINE,AMOXICILLINE,POUDRE POUR SUSPENSION BUVABLE,250MG/5ML,60,MILLILITRES,FLACON,GENERIQUE,920,726,80,Remboursable
0002483,OSPAMOX 250MG/5ML,ANTIBIOTIQUE BETA-LACTAMINE PENICILLINE,AMOXICILLINE,POUDRE POUR SUSPENSION BUVABLE,250MG/5ML,60,MILLILITRES,FLACON,GENERIQUE,1400,726,80,Remboursable
0003300,AMOXICILLINE SANDOZ 500 VRAC,ANTIBIOTIQUE BETA-LACTAMINE PENICILLINE,AMOXICILLINE,Comprimé sec,500MG,10,COMPRIMÉS,BOITE,GENERIQUE,560,330,80,Remboursable
0003311,AMOXICILLINE UBI 500 VRAC,ANTIBIOTIQUE BETA-LACTAMINE PENICILLINE,AMOXICILLINE,GELULE,500MG,12,GELULES,BOITE,GENERIQUE,690,396,80,Remboursable
0003322,AMOXICILLINE TM 500,ANTIBIOTIQUE BETA-LACTAMINE PENICILLINE,AMOXICILLINE,Comprimé sec,500MG,12,COMPRIMÉS,BOITE,GENERIQUE,880,396,80,Remboursable
0003825,IMOX 500,ANTIBIOTIQUE BETA-LACTAMINE PENICILLINE,AMOXICILLINE,GELULE,500MG,20,GELULES,BOITE,GENERIQUE,1375,660,80,Remboursable
0004034,ALFAMOX 500,ANTIBIOTIQUE BETA-LACTAMINE PENICILLINE,AMOXICILLINE,SACHET POUDRE,500MG,14,SACHETS,BOITE,GENERIQUE,2700,462,80,Remboursable
0004035,ALFAMOX 250MG/5ML,ANTIBIOTIQUE BETA-LACTAMINE PENICILLINE,AMOXICILLINE,POUDRE POUR SUSPENSION BUVABLE,250MG/5ML,100,MILLILITRES,FLACON,GENERIQUE,2295,1210,80,Remboursable
0004036,CIANMOX 500,ANTIBIOTIQUE BETA-LACTAMINE PENICILLINE,AMOXICILLINE,GELULE,500MG,10,GELULES,BOITE,GENERIQUE,730,330,80,Remboursable
0004037,CIANMOX 125MG/5ML,ANTIBIOTIQUE BETA-LACTAMINE PENICILLINE,AMOXICILLINE,POUDRE POUR SUSPENSION BUVABLE,125MG/5ML,60,MILLILITRES,FLACON,GENERIQUE,550,550,80,Remboursable
0004347,AMOXYN 500 VRAC,ANTIBIOTIQUE BETA-LACTAMINE PENICILLINE,AMOXICILLINE,GELULE,500MG,10,GELULES,BLISTER,GENERIQUE,430,330,80,Remboursable
0004503,MEDOMOX 250MG/5ML,ANTIBIOTIQUE BETA-LACTAMINE PENICILLINE,AMOXICILLINE,POUDRE POUR SUSPENSION BUVABLE,250MG/5ML,60,MILLILITRES,FLACON,GENERIQUE,1150,726,80,Remboursable
0004504,MEDOMOX 500,ANTIBIOTIQUE BETA-LACTAMINE PENICILLINE,AMOXICILLINE,GELULE,500MG,12,GELULES,BOITE,GENERIQUE,1150,396,80,Remboursable
0002477,AMPICILLINE UBI 500 VRAC,ANTIBIOTIQUE BETA-LACTAMINE PENICILLINE,AMPICILLINE,GELULE,500MG,12,GELULES,BOITE,GENERIQUE,690,690,80,Remboursable
0002486,AMPICILLINE UBI 1000 VRAC,ANTIBIOTIQUE BETA-LACTAMINE PENICILLINE,AMPICILLINE,POUDRE POUR SOLUTION INJECTABLE,1000MG,1,FLACON,BOITE,GENERIQUE,290,171,80,Remboursable
0003283,AMPICILLINE TM 1000 SOL INJ,ANTIBIOTIQUE BETA-LACTAMINE PENICILLINE,AMPICILLINE,POUDRE POUR SOLUTION INJECTABLE,1000MG,1,FLACON,BOITE,GENERIQUE,170,170,80,Remboursable
0000906,BENZATHINE BENZYLPENICILLINE UBI 2.4MUI,ANTIBIOTIQUE BETA-LACTAMINE PENICILLINE,BENZATHINE BENZYLPENICILINE,POUDRE POUR SUSPENSION INJECTABLE,2.4MUI,1,AMPOULE,BOITE,GENERIQUE,920,920,80,Remboursable
0001159,PHILCO CLOXA 500MG,ANTIBIOTIQUE BETA-LACTAMINE PENICILLINE,CLOXACILLINE,GELULE,500MG,10,GELULES,BOITE,GENERIQUE,500,500,80,Remboursable
0001627,FUCLO 500,ANTIBIOTIQUE BETA-LACTAMINE PENICILLINE,FLUCLOXACILLINE,GELULE,500MG,24,GELULES,BOITE,GENERIQUE,3790,3790,80,Remboursable
0001656,FUCLO 250MG/5ML,ANTIBIOTIQUE BETA-LACTAMINE PENICILLINE,FLUCLOXACILLINE,POUDRE POUR SUSPENSION BUVABLE,250MG/5ML,100,MILLILITRES,FLACON,GENERIQUE,4360,4360,80,Remboursable
0001669,ASTAPH 250MG/5ML,ANTIBIOTIQUE BETA-LACTAMINE PENICILLINE,FLUCLOXACILLINE,POUDRE POUR SUSPENSION BUVABLE,250MG/5ML,60,MILLILITRES,FLACON,GENERIQUE,2585,2585,80,Remboursable
0003459,ASTAPH 500,ANTIBIOTIQUE BETA-LACTAMINE PENICILLINE,FLUCLOXACILLINE,GELULE,500MG,12,GELULES,BOITE,GENERIQUE,3445,2086,80,Remboursable
0003532,ASTAPH 125MG/5ML,ANTIBIOTIQUE BETA-LACTAMINE PENICILLINE,FLUCLOXACILLINE,POUDRE POUR SUSPENSION BUVABLE,125MG/5ML,60,MILLILITRES,FLACON,GENERIQUE,1915,1915,80,Remboursable
0004175,ASTAPH 500,ANTIBIOTIQUE BETA-LACTAMINE PENICILLINE,FLUCLOXACILLINE,GELULE,500MG,24,GELULES,BOITE,GENERIQUE,6100,4172,80,Remboursable
0004176,ASTAPH 250MG/5ML,ANTIBIOTIQUE BETA-LACTAMINE PENICILLINE,FLUCLOXACILLINE,POUDRE POUR SUSPENSION BUVABLE,250MG/5ML,100,MILLILITRES,FLACON,GENERIQUE,3880,3880,80,Remboursable
0004477,FLUKOCIN 500,ANTIBIOTIQUE BETA-LACTAMINE PENICILLINE,FLUCLOXACILLINE,GELULE,500MG,20,GELULES,BOITE,GENERIQUE,3445,3445,80,Remboursable
0002437,ACLAV 500/62.5 SACHET,ANTIBIOTIQUE BETA-LACTAMINE PENICILLINE,AMOXICILLINE+ACIDE CLAVULANIQUE,SACHET POUDRE,500MG/62.5MG,12,SACHETS,BOITE,GENERIQUE,4590,2838,80,Remboursable
0001181,BETACLOX 250/250,ANTIBIOTIQUE BETA-LACTAMINE PENICILLINE,CLOXACILLINE+AMOXICILLINE,GELULE,250MG/250MG,12,GELULES,BOITE,GENERIQUE,4375,4375,80,Remboursable
C000065,AMOXICILLINE 125MG,ANTIBIOTIQUE BETA-LACTAMINE PENICILLINE,AMOXICILLINE,POUDRE POUR SUSPENSION BUVABLE,125MG/5ML,60,MILLILITRES,FLACON,CAMEG,525,525,80,Remboursable
C000069,AMOXICILLINE 250MG/5ML,ANTIBIOTIQUE BETA-LACTAMINE PENICILLINE,AMOXICILLINE,POUDRE POUR SUSPENSION BUVABLE,250MG/5ML,60,MILLILITRES,FLACON,CAMEG,660,660,80,Remboursable
C000071,AMOXICILLINE 500,ANTIBIOTIQUE BETA-LACTAMINE PENICILLINE,AMOXICILLINE,Comprimé sec,500MG,10,COMPRIMÉS,BOITE,CAMEG,200,200,80,Remboursable
C000075,AMOXICILLINE 500,ANTIBIOTIQUE BETA-LACTAMINE PENICILLINE,AMOXICILLINE,GELULE,500MG,10,GELULES,BLISTER,CAMEG,300,300,80,Remboursable
C000088,AMPICILLINE 1000 SOL INJ,ANTIBIOTIQUE BETA-LACTAMINE PENICILLINE,AMPICILLINE,POUDRE POUR SOLUTION INJECTABLE,1000MG,1,FLACON,BOITE,CAMEG,155,155,80,Remboursable
C000091,AMPICILLINE 500MG SOL INJ,ANTIBIOTIQUE BETA-LACTAMINE PENICILLINE,AMPICILLINE,POUDRE POUR SOLUTION INJECTABLE,500MG,1,AMPOULE,BOITE,CAMEG,375,375,80,Remboursable
C000128,BENZATHINE-BENZYLPENICILLINE 2.4MUI,ANTIBIOTIQUE BETA-LACTAMINE PENICILLINE,BENZATHINE BENZYLPENICILINE,POUDRE POUR SOLUTION INJECTABLE,2.4MUI,1,FLACON,BOITE,CAMEG,290,290,80,Remboursable
0002334,AMOXICLAV-DENK 500/62.5,ANTIBIOTIQUE BETA-LACTAMINE PENICILLINE+INHIBITEUR DES BETA-LACTAMASES,AMOXICILLINE+ACIDE CLAVULANIQUE,Comprimé sec,500MG/62.5MG,16,COMPRIMÉS,BOITE,GENERIQUE,4020,3784,80,Remboursable
0002338,ENHANCIN 500/62.5,ANTIBIOTIQUE BETA-LACTAMINE PENICILLINE+INHIBITEUR DES BETA-LACTAMASES,AMOXICILLINE+ACIDE CLAVULANIQUE,Comprimé sec,500MG/62.5MG,16,COMPRIMÉS,BOITE,GENERIQUE,5075,3784,80,Remboursable
0002381,ENHANCIN 1000/200,ANTIBIOTIQUE BETA-LACTAMINE PENICILLINE+INHIBITEUR DES BETA-LACTAMASES,AMOXICILLINE+ACIDE CLAVULANIQUE,POUDRE POUR SUSPENSION INJECTABLE,1000MG/200MG,1,FLACON,BOITE,GENERIQUE,2445,1892,80,Remboursable
0002387,ACLAV 100/12.5 SIROP,ANTIBIOTIQUE BETA-LACTAMINE PENICILLINE+INHIBITEUR DES BETA-LACTAMASES,AMOXICILLINE+ACIDE CLAVULANIQUE,POUDRE POUR SUSPENSION BUVABLE,100MG/12.5MG,60,MILLILITRES,FLACON,GENERIQUE,4135,4135,80,Remboursable
0002407,CLAVICIN 1000/200,ANTIBIOTIQUE BETA-LACTAMINE PENICILLINE+INHIBITEUR DES BETA-LACTAMASES,AMOXICILLINE+ACIDE CLAVULANIQUE,POUDRE POUR SOLUTION INJECTABLE,1000MG/200MG,1,FLACON,BOITE,GENERIQUE,1720,1720,80,Remboursable
0002413,CURAM 1000/200,ANTIBIOTIQUE BETA-LACTAMINE PENICILLINE+INHIBITEUR DES BETA-LACTAMASES,AMOXICILLINE+ACIDE CLAVULANIQUE,POUDRE POUR SOLUTION INJECTABLE,1000MG/200MG,1,FLACON,BOITE,GENERIQUE,2675,1892,80,Remboursable
0002417,CURAM 500/100,ANTIBIOTIQUE BETA-LACTAMINE PENICILLINE+INHIBITEUR DES BETA-LACTAMASES,AMOXICILLINE+ACIDE CLAVULANIQUE,POUDRE POUR SOLUTION INJECTABLE,500MG/100MG,1,FLACON,BOITE,GENERIQUE,1605,1605,80,Remboursable
0002424,CLAVUMOCID 1000/125,ANTIBIOTIQUE BETA-LACTAMINE PENICILLINE+INHIBITEUR DES BETA-LACTAMASES,AMOXICILLINE+ACIDE CLAVULANIQUE,Comprimé sec,1000MG/125MG,10,COMPRIMÉS,BOITE,GENERIQUE,5165,3597,80,Remboursable
0002427,ACLAV 1000/125 SACHET,ANTIBIOTIQUE BETA-LACTAMINE PENICILLINE+INHIBITEUR DES BETA-LACTAMASES,AMOXICILLINE+ACIDE CLAVULANIQUE,SACHET POUDRE,1000MG/125MG,12,SACHETS,BOITE,GENERIQUE,4625,4317,80,Remboursable
0002440,CLAVUMOCID 500/62.5,ANTIBIOTIQUE BETA-LACTAMINE PENICILLINE+INHIBITEUR DES BETA-LACTAMASES,AMOXICILLINE+ACIDE CLAVULANIQUE,Comprimé sec,500MG/62.5MG,12,COMPRIMÉS,BOITE,GENERIQUE,3675,2838,80,Remboursable
0003223,CURAM 1000/125,ANTIBIOTIQUE BETA-LACTAMINE PENICILLINE+INHIBITEUR DES BETA-LACTAMASES,AMOXICILLINE+ACIDE CLAVULANIQUE,SACHET POUDRE,1000MG/125MG,12,SACHETS,BOITE,GENERIQUE,6200,4317,80,Remboursable
0003396,ZAMOX 500/62.5,ANTIBIOTIQUE BETA-LACTAMINE PENICILLINE+INHIBITEUR DES BETA-LACTAMASES,AMOXICILLINE+ACIDE CLAVULANIQUE,SACHET POUDRE,500MG/62.5MG,12,SACHETS,BOITE,GENERIQUE,4250,2838,80,Remboursable
0003398,CLAVAM 500/62.5,ANTIBIOTIQUE BETA-LACTAMINE PENICILLINE+INHIBITEUR DES BETA-LACTAMASES,AMOXICILLINE+ACIDE CLAVULANIQUE,POUDRE POUR SUSPENSION BUVABLE,500MG/62.5MG,60,MILLILITRES,FLACON,GENERIQUE,3180,3180,80,Remboursable
0003410,CLAVAM 500/62.5,ANTIBIOTIQUE BETA-LACTAMINE PENICILLINE+INHIBITEUR DES BETA-LACTAMASES,AMOXICILLINE+ACIDE CLAVULANIQUE,Comprimé sec,500MG/62.5MG,16,COMPRIMÉS,BOITE,GENERIQUE,4395,3784,80,Remboursable
0003436,CLAVAM 1000/125,ANTIBIOTIQUE BETA-LACTAMINE PENICILLINE+INHIBITEUR DES BETA-LACTAMASES,AMOXICILLINE+ACIDE CLAVULANIQUE,Comprimé sec,1000MG/125MG,12,COMPRIMÉS,BOITE,GENERIQUE,5245,4317,80,Remboursable
0003442,ZAMOX NOURRISSON 100/12.5,ANTIBIOTIQUE BETA-LACTAMINE PENICILLINE+INHIBITEUR DES BETA-LACTAMASES,AMOXICILLINE+ACIDE CLAVULANIQUE,POUDRE POUR SUSPENSION BUVABLE,100MG/12.5MG,30,MILLILITRES,FLACON,GENERIQUE,2710,2211,80,Remboursable
0003556,ZAMOX 1000/125,ANTIBIOTIQUE BETA-LACTAMINE PENICILLINE+INHIBITEUR DES BETA-LACTAMASES,AMOXICILLINE+ACIDE CLAVULANIQUE,SACHET POUDRE,1000MG/125MG,16,SACHETS,BOITE,GENERIQUE,5225,5225,80,Remboursable
0003559,CLAVAM 250/31.25,ANTIBIOTIQUE BETA-LACTAMINE PENICILLINE+INHIBITEUR DES BETA-LACTAMASES,AMOXICILLINE+ACIDE CLAVULANIQUE,Suspension buvable,250MG/31.25MG,60,MILLILITRES,FLACON,GENERIQUE,2940,2940,80,Remboursable
0003560,ZAMOX ENFANT 100/12.5,ANTIBIOTIQUE BETA-LACTAMINE PENICILLINE+INHIBITEUR DES BETA-LACTAMASES,AMOXICILLINE+ACIDE CLAVULANIQUE,POUDRE POUR SUSPENSION BUVABLE,100MG/12.5MG,60,MILLILITRES,FLACON,GENERIQUE,3800,3800,80,Remboursable
0003665,IMUCLAV 1000/200,ANTIBIOTIQUE BETA-LACTAMINE PENICILLINE+INHIBITEUR DES BETA-LACTAMASES,AMOXICILLINE+ACIDE CLAVULANIQUE,POUDRE POUR SOLUTION INJECTABLE,1000MG/200MG,1,FLACON,BOITE,GENERIQUE,2490,1892,80,Remboursable
0003703,ZAMOX 1000/125,ANTIBIOTIQUE BETA-LACTAMINE PENICILLINE+INHIBITEUR DES BETA-LACTAMASES,AMOXICILLINE+ACIDE CLAVULANIQUE,SACHET POUDRE,1000MG/125MG,12,SACHETS,BOITE,GENERIQUE,4360,4317,80,Remboursable
0004040,ACINET 1000/200,ANTIBIOTIQUE BETA-LACTAMINE PENICILLINE+INHIBITEUR DES BETA-LACTAMASES,AMOXICILLINE+ACIDE CLAVULANIQUE,POUDRE POUR SOLUTION INJECTABLE,1000MG/200MG,1,FLACON,BOITE,GENERIQUE,1895,1892,80,Remboursable
0004042,CLAVAM 1000/200,ANTIBIOTIQUE BETA-LACTAMINE PENICILLINE+INHIBITEUR DES BETA-LACTAMASES,AMOXICILLINE+ACIDE CLAVULANIQUE,POUDRE POUR SOLUTION INJECTABLE,1000MG/200MG,1,FLACON,BOITE,GENERIQUE,1895,1892,80,Remboursable
0004051,SOTAMOX 1000/200,ANTIBIOTIQUE BETA-LACTAMINE PENICILLINE+INHIBITEUR DES BETA-LACTAMASES,AMOXICILLINE+ACIDE CLAVULANIQUE,POUDRE POUR SOLUTION INJECTABLE,1000MG/200MG,1,FLACON,BOITE,GENERIQUE,1700,1700,80,Remboursable
0004337,CLAVIMOX 1000/200,ANTIBIOTIQUE BETA-LACTAMINE PENICILLINE+INHIBITEUR DES BETA-LACTAMASES,AMOXICILLINE+ACIDE CLAVULANIQUE,POUDRE POUR SUSPENSION INJECTABLE,1000MG/200MG,1,FLACON,FLACON,GENERIQUE,1720,1720,80,Remboursable
0004421,AMOXICLAV-DENK 1000/125,ANTIBIOTIQUE BETA-LACTAMINE PENICILLINE+INHIBITEUR DES BETA-LACTAMASES,AMOXICILLINE+ACIDE CLAVULANIQUE,SACHET POUDRE,1000MG/125MG,12,SACHETS,BOITE,GENERIQUE,5625,4317,80,Remboursable
0004422,AMOXICLAV-DENK 1000/125,ANTIBIOTIQUE BETA-LACTAMINE PENICILLINE+INHIBITEUR DES BETA-LACTAMASES,AMOXICILLINE+ACIDE CLAVULANIQUE,SACHET POUDRE,1000MG/125MG,8,SACHETS,BOITE,GENERIQUE,4020,2878,80,Remboursable
0004445,CLAVUMOCCID 250/31.5,ANTIBIOTIQUE BETA-LACTAMINE PENICILLINE+INHIBITEUR DES BETA-LACTAMASES,AMOXICILLINE+ACIDE CLAVULANIQUE,Suspension buvable,250MG/31.25MG,60,MILLILITRES,FLACON,GENERIQUE,5795,3234,80,Remboursable
0004446,CLAVUNOVA 500/100,ANTIBIOTIQUE BETA-LACTAMINE PENICILLINE+INHIBITEUR DES BETA-LACTAMASES,AMOXICILLINE+ACIDE CLAVULANIQUE,POUDRE POUR SOLUTION INJECTABLE,500MG/100MG,1,AMPOULE,BOITE,GENERIQUE,1065,1065,80,Remboursable
0004447,CLAVUNOVA 1000/200,ANTIBIOTIQUE BETA-LACTAMINE PENICILLINE+INHIBITEUR DES BETA-LACTAMASES,AMOXICILLINE+ACIDE CLAVULANIQUE,POUDRE POUR SOLUTION INJECTABLE,1000MG/200MG,1,AMPOULE,BOITE,GENERIQUE,1715,1715,80,Remboursable
0004452,CURAM 100/12.5,ANTIBIOTIQUE BETA-LACTAMINE PENICILLINE+INHIBITEUR DES BETA-LACTAMASES,AMOXICILLINE+ACIDE CLAVULANIQUE,POUDRE POUR SUSPENSION BUVABLE,100MG/12.5MG,30,MILLILITRES,FLACON,GENERIQUE,2135,2135,80,Remboursable
0004453,CURAM 500/62.5,ANTIBIOTIQUE BETA-LACTAMINE PENICILLINE+INHIBITEUR DES BETA-LACTAMASES,AMOXICILLINE+ACIDE CLAVULANIQUE,Comprimé sec,500MG/62.5MG,16,COMPRIMÉS,BOITE,GENERIQUE,4135,3784,80,Remboursable
0004454,CURAM 100/12.5,ANTIBIOTIQUE BETA-LACTAMINE PENICILLINE+INHIBITEUR DES BETA-LACTAMASES,AMOXICILLINE+ACIDE CLAVULANIQUE,POUDRE POUR SUSPENSION BUVABLE,100MG/12.5MG,60,MILLILITRES,FLACON,GENERIQUE,3790,3790,80,Remboursable
0004482,GENCLAV 250/31.25,ANTIBIOTIQUE BETA-LACTAMINE PENICILLINE+INHIBITEUR DES BETA-LACTAMASES,AMOXICILLINE+ACIDE CLAVULANIQUE,SACHET POUDRE,250MG/31.25MG,12,SACHETS,BOITE,GENERIQUE,2870,2870,80,Remboursable
0004483,GENCLAV 500/62.5,ANTIBIOTIQUE BETA-LACTAMINE PENICILLINE+INHIBITEUR DES BETA-LACTAMASES,AMOXICILLINE+ACIDE CLAVULANIQUE,SACHET POUDRE,500MG/62.5MG,12,SACHETS,BOITE,GENERIQUE,4020,2838,80,Remboursable
0004484,GENCLAV 1000/125,ANTIBIOTIQUE BETA-LACTAMINE PENICILLINE+INHIBITEUR DES BETA-LACTAMASES,AMOXICILLINE+ACIDE CLAVULANIQUE,SACHET POUDRE,1000MG/125MG,16,SACHETS,BOITE,GENERIQUE,5740,5740,80,Remboursable
0004558,SOCLAV 100/12.5,ANTIBIOTIQUE BETA-LACTAMINE PENICILLINE+INHIBITEUR DES BETA-LACTAMASES,AMOXICILLINE+ACIDE CLAVULANIQUE,POUDRE POUR SUSPENSION BUVABLE,100MG/12.5MG,30,MILLILITRES,FLACON,GENERIQUE,2870,2211,80,Remboursable
0004559,SOCLAV 500/62.5,ANTIBIOTIQUE BETA-LACTAMINE PENICILLINE+INHIBITEUR DES BETA-LACTAMASES,AMOXICILLINE+ACIDE CLAVULANIQUE,SACHET POUDRE,500MG/62.5MG,16,SACHETS,BOITE,GENERIQUE,5625,3784,80,Remboursable
0004560,SOCLAV 100/12.5,ANTIBIOTIQUE BETA-LACTAMINE PENICILLINE+INHIBITEUR DES BETA-LACTAMASES,AMOXICILLINE+ACIDE CLAVULANIQUE,POUDRE POUR SUSPENSION BUVABLE,100MG/12.5MG,60,MILLILITRES,FLACON,GENERIQUE,3675,3675,80,Remboursable
0004561,SOCLAV 1000/125,ANTIBIOTIQUE BETA-LACTAMINE PENICILLINE+INHIBITEUR DES BETA-LACTAMASES,AMOXICILLINE+ACIDE CLAVULANIQUE,SACHET POUDRE,1000MG/125MG,16,SACHETS,BOITE,GENERIQUE,7000,5756,80,Remboursable
0004601,CREACLAV 500/62.5,ANTIBIOTIQUE BETA-LACTAMINE PENICILLINE+INHIBITEUR DES BETA-LACTAMASES,AMOXICILLINE+ACIDE CLAVULANIQUE,Comprimé,500MG/62.5MG,16,COMPRIMÉS,BOITE,GENERIQUE,3385,3385,80,Remboursable
0004602,CREACLAV 1000/125,ANTIBIOTIQUE BETA-LACTAMINE PENICILLINE+INHIBITEUR DES BETA-LACTAMASES,AMOXICILLINE+ACIDE CLAVULANIQUE,SACHET POUDRE,1000MG/125MG,12,SACHETS,BOITE,GENERIQUE,4020,4020,80,Remboursable
0004603,CREACLAV 100/12.5,ANTIBIOTIQUE BETA-LACTAMINE PENICILLINE+INHIBITEUR DES BETA-LACTAMASES,AMOXICILLINE+ACIDE CLAVULANIQUE,POUDRE POUR SUSPENSION BUVABLE,100MG/12.5MG,60,MILLILITRES,FLACON,GENERIQUE,2470,2470,80,Remboursable
0004604,CREACLAV 100/12.5,ANTIBIOTIQUE BETA-LACTAMINE PENICILLINE+INHIBITEUR DES BETA-LACTAMASES,AMOXICILLINE+ACIDE CLAVULANIQUE,POUDRE POUR SUSPENSION BUVABLE,100MG/12.5MG,30,MILLILITRES,FLACON,GENERIQUE,1720,1720,80,Remboursable
0004662,KOACT 1000/200,ANTIBIOTIQUE BETA-LACTAMINE PENICILLINE+INHIBITEUR DES BETA-LACTAMASES,AMOXICILLINE+ACIDE CLAVULANIQUE,POUDRE POUR SOLUTION INJECTABLE,1000MG/200MG,1,FLACON,BOITE,GENERIQUE,2705,1892,80,Remboursable
0004722,CLAVOX 1000/200,ANTIBIOTIQUE BETA-LACTAMINE PENICILLINE+INHIBITEUR DES BETA-LACTAMASES,AMOXICILLINE+ACIDE CLAVULANIQUE,POUDRE POUR SOLUTION INJECTABLE,1000MG/200MG,1,FLACON,BOITE,GENERIQUE,1940,1892,80,Remboursable
0004765,AMPLEX 1000/125,ANTIBIOTIQUE BETA-LACTAMINE PENICILLINE+INHIBITEUR DES BETA-LACTAMASES,AMOXICILLINE+ACIDE CLAVULANIQUE,COMPRIME,1000MG/125MG,14,COMPRIMES,BOITE,GENERIQUE,5165,5036,80,Remboursable
0004770,IMUCLAV DUO 100/12.5,ANTIBIOTIQUE BETA-LACTAMINE PENICILLINE+INHIBITEUR DES BETA-LACTAMASES,AMOXICILLINE+ACIDE CLAVULANIQUE,SUSPENSION BUVABLE,100MG/12.5MG,60,MILLILITRES,FLACON,GENERIQUE,3400,3400,80,Remboursable
0004771,IMUCLAV ULTRA 250/31.25,ANTIBIOTIQUE BETA-LACTAMINE PENICILLINE+INHIBITEUR DES BETA-LACTAMASES,AMOXICILLINE+ACIDE CLAVULANIQUE,SUSPENSION BUVABLE,250MG/31.25MG,60,MILLILITRES,FLACON,GENERIQUE,3905,3234,80,Remboursable
0004792,ACLAV 100/12.5 SIROP,ANTIBIOTIQUE BETA-LACTAMINE PENICILLINE+INHIBITEUR DES BETA-LACTAMASES,AMOXICILLINE+ACIDE CLAVULANIQUE,POUDRE POUR SUSPENSION BUVABLE,100MG/12.5MG,30,MILLILITRES,FLACON,GENERIQUE,2065,2065,80,Remboursable
0004793,ACLAV 1000/125 SACHET,ANTIBIOTIQUE BETA-LACTAMINE PENICILLINE+INHIBITEUR DES BETA-LACTAMASES,AMOXICILLINE+ACIDE CLAVULANIQUE,SACHET EN POUDRE,1000MG/125MG,16,SACHETS,BOITE,GENERIQUE,6830,5756,80,Remboursable
0004801,AMOXICLA-M 1000/200,ANTIBIOTIQUE BETA-LACTAMINE PENICILLINE+INHIBITEUR DES BETA-LACTAMASES,AMOXICILLINE+ACIDE CLAVULANIQUE,POUDRE POUR SOLUTION INJECTABLE,1000MG/200MG,1,FLACON,BOITE,GENERIQUE,1905,1892,80,Remboursable
0003440,LA PIPERA  400/500,ANTIBIOTIQUE BETA-LACTAMINE PENICILLINE+INHIBITEUR DES BETA-LACTAMASES,PIPERACILLINE+TAZOBACTAM,POUDRE POUR SOLUTION INJECTABLE,4000MG/500MG,1,FLACON,BOITE,GENERIQUE,6275,6275,80,Entente prealable
0004494,KLAVMOX 1000/200,ANTIBIOTIQUE BETA-LACTAMINE PENICILLINE+INHIBITEUR DES BETA-LACTAMASES,AMOXICILLINE+ACIDE CLAVULANIQUE,POUDRE POUR SUSPENSION INJECTABLE,1000MG/200MG,1,AMPOULE,FLACON,GENERIQUE,1495,1495,80,Remboursable
C000406,AMOXICLAV 1000MG/200MG,ANTIBIOTIQUE BETA-LACTAMINE PENICILLINE+INHIBITEUR DES BETA-LACTAMASES,AMOXICILLINE+ACIDE CLAVULANIQUE,POUDRE POUR SOLUTION INJECTABLE,1000MG/200MG,1,FLACON,BOITE,CAMEG,1495,1495,80,Remboursable
0000459,DOXYNOR 100,ANTIBIOTIQUE CYCLINE,DOXYCYCLINE,COMPRIME,100MG,20,COMPRIMES,BOITE,GENERIQUE,3445,770,80,Remboursable
0000465,GYNECLINE 200,ANTIBIOTIQUE CYCLINE,DOXYCYCLINE,Comprimé sec,200MG,10,COMPRIMÉS,BOITE,GENERIQUE,2160,990,80,Remboursable
0000470,DOXY 200,ANTIBIOTIQUE CYCLINE,DOXYCYCLINE,Comprimé sec,200MG,8,COMPRIMÉS,BOITE,GENERIQUE,1735,792,80,Remboursable
0000472,LONGAMYCINE 200,ANTIBIOTIQUE CYCLINE,DOXYCYCLINE,Comprimé sec,200MG,8,COMPRIMÉS,BOITE,GENERIQUE,1665,792,80,Remboursable
0000476,DOXYCYCLINE CREAT 200 VRAC,ANTIBIOTIQUE CYCLINE,DOXYCYCLINE,Comprimé sec,200MG,10,COMPRIMÉS,BLISTER,GENERIQUE,900,900,80,Remboursable
0000181,TETRACYCLINE GGIA 250,ANTIBIOTIQUE CYCLINE,TETRACYCLINE,GELULE,250MG,16,GELULES,BOITE,GENERIQUE,705,705,80,Remboursable
C000063,DOXYCYCLINE 100MG,ANTIBIOTIQUE CYCLINE,DOXYCYCLINE,COMPRIME,100MG,10,COMPRIMES,BLISTER,CAMEG,350,350,80,Remboursable
C000067,DOXYCYCLINE 200MG,ANTIBIOTIQUE CYCLINE,DOXYCYCLINE,COMPRIME,200MG,10,COMPRIMES,BLISTER,CAMEG,560,560,80,Remboursable
0004479,FOSMOL 3G,ANTIBIOTIQUE DIVERS,FOSFOMYCINE TROMETAMOL,SACHET POUDRE,3G,1,SACHET,BOITE,GENERIQUE,4570,4570,80,Remboursable
0004661,UROFAST 3G,ANTIBIOTIQUE DIVERS,FOSFOMYCINE TROMETAMOL,SACHET POUDRE,3G,1,SACHET,BOITE,GENERIQUE,5050,5050,80,Remboursable
0000014,LINCOMYCINE CREAT 500,ANTIBIOTIQUE LINCOSAMIDE,LINCOMYCINE,GELULE,500MG,12,GELULES,BOITE,GENERIQUE,1265,1265,80,Remboursable
0000068,GENTASOL 0.3%,ANTIBIOTIQUE LOCAL AMINOSIDE,GENTAMICINE,COLLYRE,0.3%,5,MILLILITRES,FLACON,GENERIQUE,885,885,80,Remboursable
0004185,OPHTACINE 0.3%,ANTIBIOTIQUE LOCAL AMINOSIDE,GENTAMICINE,COLLYRE,0.3%,5,MILLILITRES,FLACON,GENERIQUE,1150,974,80,Remboursable
0004413,ACUIGEN 0.3%,ANTIBIOTIQUE LOCAL AMINOSIDE,GENTAMICINE,COLLYRE,0.3%,5,MILLILITRES,FLACON,GENERIQUE,860,860,80,Remboursable
0004426,AVAZIR 0.3%,ANTIBIOTIQUE LOCAL AMINOSIDE,TOBRAMYCINE,COLLYRE,0.3%,10,MILLILITRES,FLACON,GENERIQUE,1925,1925,80,Remboursable
C000122,GENTAMICINE 0.3%,ANTIBIOTIQUE LOCAL AMINOSIDE,GENTAMICINE,COLLYRE,0.3%,5,MILLILITRES,FLACON,CAMEG,505,505,80,Remboursable
0000370,RAMIDEX,ANTIBIOTIQUE LOCAL ASSOCIATION,TOBRAMYCINE+DEXAMETHASONE,COLLYRE,0.3%/0.1%,5,MILLILITRES,FLACON,GENERIQUE,1720,1720,80,Remboursable
0004449,CO-AVAZIR,ANTIBIOTIQUE LOCAL ASSOCIATION,TOBRAMYCINE+DEXAMETHASONE,COLLYRE,0.3%/0.1%,5,MILLILITRES,FLACON,GENERIQUE,1575,1575,80,Remboursable
0001070,NEOMDEXSOL,ANTIBIOTIQUE LOCAL ASSOCIATION,NEOMYCINE+DEXAMETHASONE,COLLYRE,"350MUI/109,3MG",5,MILLILITRES,FLACON,GENERIQUE,805,805,80,Remboursable
0004513,NEODEX,ANTIBIOTIQUE LOCAL ASSOCIATION,NEOMYCINE+DEXAMETHASONE,COLLYRE,"350MUI/109,3MG",5,MILLILITRES,FLACON,GENERIQUE,1545,1545,80,Remboursable
0001088,POSITON,ANTIBIOTIQUE LOCAL ASSOCIATION,NEOMYCINE+POLYMYXINE B,Crème dermique,250MG/10MUI/100MG,30,GRAMMES,Tube,GENERIQUE,2525,2525,80,Remboursable
0001092,POSITON,ANTIBIOTIQUE LOCAL ASSOCIATION,NEOMYCINE+POLYMYXINE B,Pommade,250MG/10MUI/100MG,30,GRAMMES,Tube,GENERIQUE,2525,2525,80,Remboursable
0003465,NECIN-3,ANTIBIOTIQUE LOCAL ASSOCIATION,POLYMYXINE B+BACITRACINE+NEOMYCINE,Crème dermique,5000UI/400UI/3400UI,15,GRAMMES,Tube,GENERIQUE,2180,2180,80,Remboursable
0004303,BURNCOOL,ANTIBIOTIQUE LOCAL ASSOCIATION,SULFADIAZINE ARGENTIQUE+CHLORHEXIDINE,Crème dermique,1%/0.20%,15,GRAMMES,Tube,GENERIQUE,2295,908,80,Remboursable
0000427,AUREOMYCINE VALDA 3%,ANTIBIOTIQUE LOCAL CYCLINE,CHLORTETRACYCLINE,Pommade,3%,15,GRAMMES,Tube,GENERIQUE,515,515,80,Remboursable
0003304,FUSIDERM 2%,ANTIBIOTIQUE LOCAL DIVERS,ACIDE FUSIDIQUE,Crème dermique,2%,15,GRAMMES,Tube,GENERIQUE,1720,1720,80,Remboursable
0004527,OFUSIDIC 1%,ANTIBIOTIQUE LOCAL DIVERS,ACIDE FUSIDIQUE,COLLYRE,1%,5,MILLILITRES,FLACON,GENERIQUE,3500,3500,80,Remboursable
0004729,NADICLOX 2%,ANTIBIOTIQUE LOCAL DIVERS,ACIDE FUSIDIQUE,POMMADE,2%,15,Gramme (s),Tube,GENERIQUE,1870,1870,80,Remboursable
0001818,CIPRO 0.3%,ANTIBIOTIQUE LOCAL QUINOLONE,CIPROFLOXACINE,COLLYRE,0.3%,5,MILLILITRES,FLACON,GENERIQUE,2780,2525,80,Remboursable
0004441,CIPROCON 0.3%,ANTIBIOTIQUE LOCAL QUINOLONE,CIPROFLOXACINE,COLLYRE,0.3%,5,MILLILITRES,FLACON,GENERIQUE,1605,1605,80,Remboursable
0004731,BONCIPRO 0.3%,ANTIBIOTIQUE LOCAL QUINOLONE,CIPROFLOXACINE,COLLYRE,0.3%,5,Millilitre (s),FLACON,GENERIQUE,1720,1720,80,Remboursable
0001865,FLOXSOL 0.3%,ANTIBIOTIQUE LOCAL QUINOLONE,NORFLOXACINE,COLLYRE,0.3%,5,MILLILITRES,FLACON,GENERIQUE,885,885,80,Remboursable
0004516,"NORCINE 0,3%",ANTIBIOTIQUE LOCAL QUINOLONE,NORFLOXACINE,COLLYRE,0.3%,5,MILLILITRES,FLACON,GENERIQUE,2090,2090,80,Remboursable
0003822,GATISTAR 0.3%,ANTIBIOTIQUE LOCAL QUINOLONE,GATIFLOXACINE,COLLYRE,0.3%,5,MILLILITRES,FLACON,GENERIQUE,2895,2895,80,Remboursable
0004589,APDROPS 5MG/ML,ANTIBIOTIQUE LOCAL QUINOLONE,MOXIFLOXACINE,COLLYRE,5MG/ML,3,MILLILITRES,FLACON,GENERIQUE,2585,1392,80,Remboursable
0004627,MOXICON 5MG/ML,ANTIBIOTIQUE LOCAL QUINOLONE,MOXIFLOXACINE,COLLYRE,5MG/ML,5,MILLILITRES,FLACON,GENERIQUE,2125,2125,80,Remboursable
0004802,FORTYMOX 5MG/ML,ANTIBIOTIQUE LOCAL QUINOLONE,MOXIFLOXACINE,COLLYRE,5MG/ML,10,MILLILITRES,FLACON,GENERIQUE,4880,4675,80,Remboursable
0000449,ZOCIN 250,ANTIBIOTIQUE MACROLIDE,AZITHROMYCINE,Comprimé sec,250MG,6,COMPRIMÉS,BOITE,GENERIQUE,5810,2528,80,Remboursable
0000461,AZICURE 250,ANTIBIOTIQUE MACROLIDE,AZITHROMYCINE,Comprimé sec,250MG,6,COMPRIMÉS,BOITE,GENERIQUE,3570,2528,80,Remboursable
0000467,AZITRINE 250,ANTIBIOTIQUE MACROLIDE,AZITHROMYCINE,Comprimé sec,250MG,6,COMPRIMÉS,BOITE,GENERIQUE,2295,2295,80,Remboursable
0000480,TRIDOSIL 500,ANTIBIOTIQUE MACROLIDE,AZITHROMYCINE,COMPRIME,500MG,3,COMPRIMES,BOITE,GENERIQUE,1435,1435,80,Remboursable
0000490,AZIX 500,ANTIBIOTIQUE MACROLIDE,AZITHROMYCINE,Comprimé sec,500MG,3,COMPRIMÉS,BOITE,GENERIQUE,5510,2532,80,Remboursable
0000776,AZICURE 200MG/5ML,ANTIBIOTIQUE MACROLIDE,AZITHROMYCINE,POUDRE POUR SUSPENSION BUVABLE,200MG/5ML,15,MILLILITRES,FLACON,GENERIQUE,3530,2525,80,Remboursable
0000783,BINOZYT 200MG/5ML,ANTIBIOTIQUE MACROLIDE,AZITHROMYCINE,POUDRE POUR SUSPENSION BUVABLE,200MG/5ML,15,MILLILITRES,FLACON,GENERIQUE,3605,2525,80,Remboursable
0001141,ZOCIN 500,ANTIBIOTIQUE MACROLIDE,AZITHROMYCINE,Comprimé sec,500MG,3,COMPRIMÉS,BOITE,GENERIQUE,4590,2532,80,Remboursable
0001148,ZOCIN 200MG/5ML,ANTIBIOTIQUE MACROLIDE,AZITHROMYCINE,POUDRE POUR SUSPENSION BUVABLE,200MG/5ML,15,MILLILITRES,FLACON,GENERIQUE,3155,2525,80,Remboursable
0001154,AZEE 500,ANTIBIOTIQUE MACROLIDE,AZITHROMYCINE,Comprimé sec,500MG,3,COMPRIMÉS,BOITE,GENERIQUE,2640,2532,80,Remboursable
0001163,AZICURE 500,ANTIBIOTIQUE MACROLIDE,AZITHROMYCINE,Comprimé sec,500MG,3,COMPRIMÉS,BOITE,GENERIQUE,3955,2532,80,Remboursable
0001173,BINOZYT 500,ANTIBIOTIQUE MACROLIDE,AZITHROMYCINE,Comprimé sec,500MG,3,COMPRIMÉS,BOITE,GENERIQUE,4590,2532,80,Remboursable
0003378,AZITHRO 100,ANTIBIOTIQUE MACROLIDE,AZITHROMYCINE,SACHET POUDRE,100MG,3,SACHETS,BOITE,GENERIQUE,1605,1264,80,Remboursable
0003394,CAZITHRO 500,ANTIBIOTIQUE MACROLIDE,AZITHROMYCINE,Comprimé sec,500MG,3,COMPRIMÉS,BOITE,GENERIQUE,3455,2532,80,Remboursable
0003411,AZITHRIN 250,ANTIBIOTIQUE MACROLIDE,AZITHROMYCINE,Comprimé sec,250MG,6,COMPRIMÉS,BOITE,GENERIQUE,2640,2528,80,Remboursable
0003445,AZITHRIN 500,ANTIBIOTIQUE MACROLIDE,AZITHROMYCINE,Comprimé sec,500MG,3,COMPRIMÉS,BOITE,GENERIQUE,6760,2532,80,Remboursable
0003450,UZET 500,ANTIBIOTIQUE MACROLIDE,AZITHROMYCINE,Comprimé sec,500MG,3,COMPRIMÉS,BOITE,GENERIQUE,3710,2532,80,Remboursable
0003461,IZ-500,ANTIBIOTIQUE MACROLIDE,AZITHROMYCINE,Comprimé sec,500MG,3,COMPRIMÉS,BOITE,GENERIQUE,3445,2532,80,Remboursable
0003483,AZITHRO 250,ANTIBIOTIQUE MACROLIDE,AZITHROMYCINE,GELULE,250MG,6,GELULES,BOITE,GENERIQUE,3445,2528,80,Remboursable
0003499,VIKTHRO 500,ANTIBIOTIQUE MACROLIDE,AZITHROMYCINE,Comprimé sec,500MG,3,COMPRIMÉS,BOITE,GENERIQUE,2295,2295,80,Remboursable
0003570,AZITHRO 200,ANTIBIOTIQUE MACROLIDE,AZITHROMYCINE,SACHET POUDRE,200MG,3,SACHETS,BOITE,GENERIQUE,2295,1264,80,Remboursable
0003596,CAZITHRO 200MG/5ML,ANTIBIOTIQUE MACROLIDE,AZITHROMYCINE,POUDRE POUR SUSPENSION BUVABLE,200MG/5ML,15,MILLILITRES,FLACON,GENERIQUE,2295,2295,80,Remboursable
0003612,AZITHRIN 200MG/5ML,ANTIBIOTIQUE MACROLIDE,AZITHROMYCINE,POUDRE POUR SUSPENSION BUVABLE,200MG/5ML,15,MILLILITRES,BOITE,GENERIQUE,2295,2295,80,Remboursable
0003666,IZ-200/5ML,ANTIBIOTIQUE MACROLIDE,AZITHROMYCINE,POUDRE POUR SUSPENSION BUVABLE,200MG/5ML,15,MILLILITRES,FLACON,GENERIQUE,2490,2490,80,Remboursable
0003798,AZIBACT 500,ANTIBIOTIQUE MACROLIDE,AZITHROMYCINE,Comprimé sec,500MG,3,COMPRIMÉS,BOITE,GENERIQUE,3880,2532,80,Remboursable
0004070,AZIC 500,ANTIBIOTIQUE MACROLIDE,AZITHROMYCINE,Comprimé sec,500MG,3,COMPRIMÉS,BOITE,GENERIQUE,2595,2530,80,Remboursable
0004071,AZIC 250,ANTIBIOTIQUE MACROLIDE,AZITHROMYCINE,Comprimé sec,250MG,6,COMPRIMÉS,BOITE,GENERIQUE,2585,2528,80,Remboursable
0004072,AZIC 100MG/5ML,ANTIBIOTIQUE MACROLIDE,AZITHROMYCINE,Suspension buvable,100MG/5ML,15,MILLILITRES,FLACON,GENERIQUE,1625,1625,80,Remboursable
0004075,MACROMAX,ANTIBIOTIQUE MACROLIDE,AZITHROMYCINE,Comprimé sec,500MG,3,COMPRIMÉS,BOITE,GENERIQUE,5165,2532,80,Remboursable
0004077,UNOZIT 500,ANTIBIOTIQUE MACROLIDE,AZITHROMYCINE,Comprimé sec,500MG,3,COMPRIMÉS,BOITE,GENERIQUE,3560,2532,80,Remboursable
0004078,VIKTHRO 200MG/5ML,ANTIBIOTIQUE MACROLIDE,AZITHROMYCINE,POUDRE POUR SUSPENSION BUVABLE,200MG/5ML,15,MILLILITRES,FLACON,GENERIQUE,1400,1400,80,Remboursable
0004427,AZIFAIR 500,ANTIBIOTIQUE MACROLIDE,AZITHROMYCINE,Comprimé sec,500MG,3,COMPRIMÉS,BOITE,GENERIQUE,2780,2532,80,Remboursable
0004428,AZIFAIR 250MG/5ML,ANTIBIOTIQUE MACROLIDE,AZITHROMYCINE,Suspension buvable,200MG/5ML,15,MILLILITRES,FLACON,GENERIQUE,2630,2525,80,Remboursable
0004502,MACROMAX 200MG/5ML,ANTIBIOTIQUE MACROLIDE,AZITHROMYCINE,POUDRE POUR SUSPENSION BUVABLE,200MG/5ML,30,MILLILITRES,FLACON,GENERIQUE,4880,4880,80,Remboursable
0004585,ZITHROTIL 500,ANTIBIOTIQUE MACROLIDE,AZITHROMYCINE,Comprimé sec,500MG,3,COMPRIMÉS,BOITE,GENERIQUE,3450,2532,80,Remboursable
0004654,CRONOPEN 500,ANTIBIOTIQUE MACROLIDE,AZITHROMYCINE,Comprimé sec,500MG,3,COMPRIMES,BOITE,GENERIQUE,2885,2530,80,Remboursable
0001452,CLARIVA 250,ANTIBIOTIQUE MACROLIDE,CLARITHROMYCINE,Comprimé sec,250MG,14,COMPRIMÉS,BOITE,GENERIQUE,4590,4590,80,Remboursable
0002587,CLARIVA 500,ANTIBIOTIQUE MACROLIDE,CLARITHROMYCINE,Comprimé sec,500MG,14,COMPRIMÉS,BOITE,GENERIQUE,7460,7460,80,Remboursable
0003449,CLARITRON 500,ANTIBIOTIQUE MACROLIDE,CLARITHROMYCINE,Comprimé sec,500MG,10,COMPRIMÉS,BOITE,GENERIQUE,5740,5740,80,Remboursable
0004499,LARITH XL 500,ANTIBIOTIQUE MACROLIDE,CLARITHROMYCINE,COMPRIME,500MG,10,COMPRIMES,BOITE,GENERIQUE,3575,3575,80,Remboursable
0000632,SPIRALIDE 3MUI,ANTIBIOTIQUE MACROLIDE,SPIRAMYCINE,Comprimé sec,3MUI,16,COMPRIMÉS,BOITE,GENERIQUE,4995,4995,80,Remboursable
0000746,SPIRALIDE 3MUI,ANTIBIOTIQUE MACROLIDE,SPIRAMYCINE,Comprimé sec,3MUI,10,COMPRIMÉS,BOITE,GENERIQUE,4135,3435,80,Remboursable
0001089,DONTOMYCINE 1.5UI,ANTIBIOTIQUE MACROLIDE,SPIRAMYCINE,Comprimé sec,1.5MUI,16,COMPRIMÉS,BOITE,GENERIQUE,3790,3790,80,Remboursable
0001094,DONTOMYCINE 3MUI,ANTIBIOTIQUE MACROLIDE,SPIRAMYCINE,Comprimé sec,3MUI,10,COMPRIMÉS,BOITE,GENERIQUE,3905,3435,80,Remboursable
0003876,UNISPIRA 3MUI,ANTIBIOTIQUE MACROLIDE,SPIRAMYCINE,Comprimé sec,3MUI,10,COMPRIMÉS,BOITE,GENERIQUE,2985,2985,80,Remboursable
0001635,CARY 500,ANTIBIOTIQUE MACROLIDE,ERYTHROMYCINE,COMPRIME,500MG,10,COMPRIMÉS,BOITE,GENERIQUE,1190,1045,80,Remboursable
0001671,CARY 250MG/5ML,ANTIBIOTIQUE MACROLIDE,ERYTHROMYCINE,Suspension buvable,250MG/5ML,60,MILLILITRES,FLACON,GENERIQUE,1080,1080,80,Remboursable
0000797,ROXYL 300,ANTIBIOTIQUE MACROLIDE,ROXYTHROMYCINE,Comprimé sec,300MG,5,COMPRIMÉS,BOITE,GENERIQUE,4375,4375,80,Remboursable
0003552,ROX-MYCIN 150,ANTIBIOTIQUE MACROLIDE,ROXYTHROMYCINE,Comprimé sec,150MG,10,COMPRIMÉS,BOITE,GENERIQUE,2890,2890,80,Remboursable
C000407,AZITHROMYCINE 250MG,ANTIBIOTIQUE MACROLIDE,AZITHROMYCINE,Comprimé,250MG,6,COMPRIMES,BLISTER,CAMEG,1920,1920,80,Remboursable
C000089,ERYTHROMYCINE 250MG,ANTIBIOTIQUE MACROLIDE,ERYTHROMYCINE,COMPRIME,250MG,10,COMPRIMES,BOITE,CAMEG,450,450,80,Remboursable
C000090,ERYTHROMYCINE 500MG,ANTIBIOTIQUE MACROLIDE,ERYTHROMYCINE,COMPRIME,500MG,10,COMPRIMES,BLISTER,CAMEG,950,950,80,Remboursable
0003547,BISPIRAZOLE 1.5/250,ANTIBIOTIQUE MACROLIDE+ANTI-PARASITAIRE ANTI-AMIBIEN,SPIRAMYCINE+METRONIDAZOLE,Comprimé sec,1.5MUI/250MG,15,COMPRIMÉS,BOITE,GENERIQUE,4640,4640,80,Remboursable
0003682,BIDONTOGYL 1.5/250,ANTIBIOTIQUE MACROLIDE+ANTI-PARASITAIRE ANTI-AMIBIEN,SPIRAMYCINE+METRONIDAZOLE,Comprimé sec,1.5MUI/250MG,15,COMPRIMÉS,BOITE,GENERIQUE,5740,5099,80,Remboursable
0002319,CHLORAMPHENICOL GGIA 250,ANTIBIOTIQUE PHENICOLE,CHLORAMPHENICOL,GELULE,250MG,12,GELULES,BOITE,GENERIQUE,800,800,80,Remboursable
0000243,SULFOBACTIN 250,ANTIBIOTIQUE PHENICOLE,THIAMPHENICOLE,Comprimé sec,250MG,16,COMPRIMÉS,BOITE,GENERIQUE,2390,2390,80,Remboursable
0002152,GBACTIN 500,ANTIBIOTIQUE PHENICOLE,THIAMPHENICOLE,Comprimé sec,500MG,24,COMPRIMÉS,BOITE,GENERIQUE,4135,4135,80,Remboursable
0002168,SULFOBACTIN 500,ANTIBIOTIQUE PHENICOLE,THIAMPHENICOLE,Comprimé sec,500MG,20,COMPRIMÉS,BOITE,GENERIQUE,5680,3791,80,Remboursable
0001570,BONCIPRO 500,ANTIBIOTIQUE QUINOLONE,CIPROFLOXACINE,Comprimé sec,500MG,20,COMPRIMÉS,BOITE,GENERIQUE,4020,1254,80,Remboursable
0001576,CIPFIL 500,ANTIBIOTIQUE QUINOLONE,CIPROFLOXACINE,COMPRIME,500MG,10,COMPRIMES,BOITE,GENERIQUE,550,550,80,Remboursable
0001587,BEUFLOX 750,ANTIBIOTIQUE QUINOLONE,CIPROFLOXACINE,Comprimé sec,750MG,20,COMPRIMÉS,BOITE,GENERIQUE,2895,1782,80,Remboursable
0001600,CIPRONAT 750,ANTIBIOTIQUE QUINOLONE,CIPROFLOXACINE,Comprimé sec,750MG,14,COMPRIMÉS,BOITE,GENERIQUE,4880,1248,80,Remboursable
0001604,SERVIFLOX 750,ANTIBIOTIQUE QUINOLONE,CIPROFLOXACINE,Comprimé sec,750MG,10,COMPRIMÉS,BOITE,GENERIQUE,3800,891,80,Remboursable
0001620,ZOFLOX 750,ANTIBIOTIQUE QUINOLONE,CIPROFLOXACINE,Comprimé sec,750MG,10,COMPRIMÉS,BOITE,GENERIQUE,2870,891,80,Remboursable
0001629,BONCIPRO 750,ANTIBIOTIQUE QUINOLONE,CIPROFLOXACINE,Comprimé sec,750MG,20,COMPRIMÉS,BOITE,GENERIQUE,5740,1782,80,Remboursable
0001667,CIPROFLOXACINE TM 2MG/ML SOL PERF,ANTIBIOTIQUE QUINOLONE,CIPROFLOXACINE,Solution pour perfusion,2MG/ML,100,MILLILITRES,FLACON,GENERIQUE,590,590,80,Remboursable
0001672,CIPROFLOXACINE UBI SOL PERF,ANTIBIOTIQUE QUINOLONE,CIPROFLOXACINE,Solution pour perfusion,2MG/ML,50,MILLILITRES,FLACON,GENERIQUE,1150,330,80,Remboursable
0001699,CIPRONAT 2MG/ML SOL PERF,ANTIBIOTIQUE QUINOLONE,CIPROFLOXACINE,Solution pour perfusion,2MG/ML,100,MILLILITRES,FLACON,GENERIQUE,6315,704,80,Remboursable
0001724,CIFRAN,ANTIBIOTIQUE QUINOLONE,CIPROFLOXACINE,Comprimé sec,500MG,10,COMPRIMÉS,BOITE,GENERIQUE,5945,627,80,Remboursable
0001746,FLOXIN 750,ANTIBIOTIQUE QUINOLONE,CIPROFLOXACINE,Comprimé sec,750MG,10,COMPRIMÉS,BOITE,GENERIQUE,4360,891,80,Remboursable
0001842,CIPRONAT 250,ANTIBIOTIQUE QUINOLONE,CIPROFLOXACINE,COMPRIME,250MG,14,COMPRIMES,BOITE,GENERIQUE,2010,1749,80,Remboursable
0001860,SERVIFLOX 250,ANTIBIOTIQUE QUINOLONE,CIPROFLOXACINE,COMPRIME,250MG,10,COMPRIMES,BOITE,GENERIQUE,2410,1749,80,Remboursable
0001880,CIPROFLOXACINE TM 250,ANTIBIOTIQUE QUINOLONE,CIPROFLOXACINE,COMPRIME,250MG,10,COMPRIMES,BOITE,GENERIQUE,1590,1590,80,Remboursable
0001891,BEUFLOX 500,ANTIBIOTIQUE QUINOLONE,CIPROFLOXACINE,Comprimé sec,500MG,20,COMPRIMÉS,BOITE,GENERIQUE,1770,1254,80,Remboursable
0001908,CIPROFLOXACINE TM 500,ANTIBIOTIQUE QUINOLONE,CIPROFLOXACINE,Comprimé sec,500MG,20,COMPRIMÉS,BOITE,GENERIQUE,2880,1254,80,Remboursable
0001917,CIPRO DENK 500,ANTIBIOTIQUE QUINOLONE,CIPROFLOXACINE,Comprimé sec,500MG,10,COMPRIMÉS,BOITE,GENERIQUE,3445,627,80,Remboursable
0001933,CIPRONAT 500,ANTIBIOTIQUE QUINOLONE,CIPROFLOXACINE,Comprimé sec,500MG,14,COMPRIMÉS,BOITE,GENERIQUE,2580,878,80,Remboursable
0001938,CIPROMED 500,ANTIBIOTIQUE QUINOLONE,CIPROFLOXACINE,Comprimé sec,500MG,10,COMPRIMÉS,BOITE,GENERIQUE,1380,627,80,Remboursable
0001942,CIPROX 500,ANTIBIOTIQUE QUINOLONE,CIPROFLOXACINE,Comprimé sec,500MG,10,COMPRIMÉS,BOITE,GENERIQUE,2275,627,80,Remboursable
0001959,MICROFLOX 500,ANTIBIOTIQUE QUINOLONE,CIPROFLOXACINE,Comprimé sec,500MG,10,COMPRIMÉS,BOITE,GENERIQUE,1745,627,80,Remboursable
0001967,Q-BACT 500,ANTIBIOTIQUE QUINOLONE,CIPROFLOXACINE,Comprimé sec,500MG,10,COMPRIMÉS,BOITE,GENERIQUE,1015,627,80,Remboursable
0001971,SERVIFLOX 500,ANTIBIOTIQUE QUINOLONE,CIPROFLOXACINE,Comprimé sec,500MG,10,COMPRIMÉS,BOITE,GENERIQUE,3215,627,80,Remboursable
0001976,TYFLOX 500,ANTIBIOTIQUE QUINOLONE,CIPROFLOXACINE,Comprimé sec,500MG,10,COMPRIMÉS,BOITE,GENERIQUE,6315,627,80,Remboursable
0002541,CIPLOX 500,ANTIBIOTIQUE QUINOLONE,CIPROFLOXACINE,Comprimé sec,500MG,20,COMPRIMÉS,BOITE,GENERIQUE,1150,1150,80,Remboursable
0002552,CIPLOX 2MG/ML SOL PERF,ANTIBIOTIQUE QUINOLONE,CIPROFLOXACINE,Solution pour perfusion,2MG/ML,100,MILLILITRES,FLACON,GENERIQUE,690,690,80,Remboursable
0003295,CIPROX 2MG/ML SOL PERF,ANTIBIOTIQUE QUINOLONE,CIPROFLOXACINE,Solution pour perfusion,2MG/ML,100,MILLILITRES,FLACON,GENERIQUE,720,704,80,Remboursable
0003321,CIPROFLOXACINE UBI 500 VRAC,ANTIBIOTIQUE QUINOLONE,CIPROFLOXACINE,Comprimé sec,750MG,10,COMPRIMÉS,BOITE,GENERIQUE,805,805,80,Remboursable
0003554,CIPROZED 750,ANTIBIOTIQUE QUINOLONE,CIPROFLOXACINE,Comprimé sec,750MG,10,COMPRIMÉS,BOITE,GENERIQUE,4590,891,80,Remboursable
0003638,FLUOXINE 500,ANTIBIOTIQUE QUINOLONE,CIPROFLOXACINE,Comprimé sec,500MG,10,COMPRIMÉS,BOITE,GENERIQUE,1950,627,80,Remboursable
0003799,BD LOX 750,ANTIBIOTIQUE QUINOLONE,CIPROFLOXACINE,Comprimé sec,750MG,10,COMPRIMÉS,BOITE,GENERIQUE,2870,891,80,Remboursable
0003803,CACIP 500,ANTIBIOTIQUE QUINOLONE,CIPROFLOXACINE,Comprimé sec,500MG,10,COMPRIMÉS,BOITE,GENERIQUE,1050,627,80,Remboursable
0004115,CICIAN 500,ANTIBIOTIQUE QUINOLONE,CIPROFLOXACINE,COMPRIME,500MG,10,COMPRIMES,BOITE,GENERIQUE,600,600,80,Remboursable
0004116,DANCIFLOX 500,ANTIBIOTIQUE QUINOLONE,CIPROFLOXACINE,Comprimé sec,500MG,20,COMPRIMÉS,BOITE,GENERIQUE,1366,1254,80,Remboursable
0004442,CIPROFLOXACINE KABI 2MG/ML SOL PERF,ANTIBIOTIQUE QUINOLONE,CIPROFLOXACINE,Solution pour perfusion,2MG/ML,100,MILLILITRES,FLACON,GENERIQUE,2585,660,80,Remboursable
0004443,CIPROFLOXACINE KABI 2MG/ML SOL PERF,ANTIBIOTIQUE QUINOLONE,CIPROFLOXACINE,Solution pour perfusion,2MG/ML,200,MILLILITRES,FLACON,GENERIQUE,4890,1320,80,Remboursable
0004599,CIPROFLOXACINE DO PHARMA 2MG/ML SOL PERF,ANTIBIOTIQUE QUINOLONE,CIPROFLOXACINE,Solution pour perfusion,2MG/ML,100,MILLILITRES,FLACON,GENERIQUE,590,590,80,Remboursable
0001885,UROCTAL 400,ANTIBIOTIQUE QUINOLONE,NORFLOXACINE,Comprimé sec,400MG,14,COMPRIMÉS,BOITE,GENERIQUE,7785,2896,80,Remboursable
0001893,FLEX NOR 400,ANTIBIOTIQUE QUINOLONE,NORFLOXACINE,Comprimé sec,400MG,10,COMPRIMÉS,BOITE,GENERIQUE,1575,1452,80,Remboursable
0001899,NORFEN 400,ANTIBIOTIQUE QUINOLONE,NORFLOXACINE,Comprimé sec,400MG,10,COMPRIMÉS,BOITE,GENERIQUE,4935,2068,80,Remboursable
0001904,NORFIX 400,ANTIBIOTIQUE QUINOLONE,NORFLOXACINE,Comprimé sec,400MG,10,COMPRIMÉS,BOITE,GENERIQUE,4020,2068,80,Remboursable
0001909,NORFLOXACINE TM 400,ANTIBIOTIQUE QUINOLONE,NORFLOXACINE,Comprimé sec,400MG,10,COMPRIMÉS,BOITE,GENERIQUE,1880,1880,80,Remboursable
0001918,NORFLOXINE CINFA 400,ANTIBIOTIQUE QUINOLONE,NORFLOXACINE,Comprimé sec,400MG,14,COMPRIMÉS,BOITE,GENERIQUE,5740,2896,80,Remboursable
0001302,GLEVO 500,ANTIBIOTIQUE QUINOLONE,LEVOFLOXACINE,Comprimé sec,500MG,5,COMPRIMÉS,BOITE,GENERIQUE,6890,3790,80,Remboursable
0001311,MEPAFLOXIN 750,ANTIBIOTIQUE QUINOLONE,LEVOFLOXACINE,Comprimé sec,750MG,5,COMPRIMÉS,BOITE,GENERIQUE,4730,4730,80,Remboursable
0003482,LIVOZED 500,ANTIBIOTIQUE QUINOLONE,LEVOFLOXACINE,Comprimé sec,500MG,10,COMPRIMÉS,BOITE,GENERIQUE,6890,6890,80,Remboursable
0003516,LEVOTOP 500,ANTIBIOTIQUE QUINOLONE,LEVOFLOXACINE,Comprimé sec,500MG,10,COMPRIMÉS,BOITE,GENERIQUE,7230,7230,80,Remboursable
0003527,VIKLEVO 500,ANTIBIOTIQUE QUINOLONE,LEVOFLOXACINE,Comprimé sec,500MG,10,COMPRIMÉS,BOITE,GENERIQUE,4995,4995,80,Remboursable
0003689,LEVORAY 500,ANTIBIOTIQUE QUINOLONE,LEVOFLOXACINE,Comprimé sec,500MG,5,COMPRIMÉS,BOITE,GENERIQUE,2915,2915,80,Remboursable
0003711,ZOLINE 500,ANTIBIOTIQUE QUINOLONE,LEVOFLOXACINE,Comprimé sec,500MG,10,COMPRIMÉS,BOITE,GENERIQUE,5740,5740,80,Remboursable
0003835,LEVO DENK 500,ANTIBIOTIQUE QUINOLONE,LEVOFLOXACINE,Comprimé sec,500MG,5,COMPRIMÉS,BOITE,GENERIQUE,6315,3790,80,Remboursable
0003836,LEVO DENK 250,ANTIBIOTIQUE QUINOLONE,LEVOFLOXACINE,Comprimé sec,250MG,10,COMPRIMÉS,BOITE,GENERIQUE,4365,4365,80,Remboursable
0003838,LEVOBACT 500,ANTIBIOTIQUE QUINOLONE,LEVOFLOXACINE,Comprimé sec,500MG,5,COMPRIMÉS,BOITE,GENERIQUE,7000,3790,80,Remboursable
0003839,LEVOBACT 750,ANTIBIOTIQUE QUINOLONE,LEVOFLOXACINE,Comprimé sec,750MG,10,COMPRIMÉS,BOITE,GENERIQUE,8745,8745,80,Remboursable
0004215,ALEVO 500,ANTIBIOTIQUE QUINOLONE,LEVOFLOXACINE,Comprimé sec,500MG,5,COMPRIMÉS,BOITE,GENERIQUE,2985,2985,80,Remboursable
0002032,OFLOCINE 200,ANTIBIOTIQUE QUINOLONE,OFLOXACINE,Comprimé sec,200MG,10,COMPRIMÉS,BOITE,GENERIQUE,3445,2332,80,Remboursable
0002040,OFLOMAC 400,ANTIBIOTIQUE QUINOLONE,OFLOXACINE,Comprimé sec,200MG,10,COMPRIMÉS,BOITE,GENERIQUE,2120,2120,80,Remboursable
0002048,QUINOLOX 200,ANTIBIOTIQUE QUINOLONE,OFLOXACINE,Comprimé sec,200MG,10,COMPRIMÉS,BOITE,GENERIQUE,4020,2332,80,Remboursable
0002054,OFLOXACINE TM 200,ANTIBIOTIQUE QUINOLONE,OFLOXACINE,Comprimé sec,200MG,10,COMPRIMÉS,BOITE,GENERIQUE,3445,2332,80,Remboursable
0002074,OFLOMAC 2MG/ML SOL PERF,ANTIBIOTIQUE QUINOLONE,OFLOXACINE,Solution Injectable,2MG/ML,100,MILLILITRES,FLACON,GENERIQUE,1490,1490,80,Remboursable
0003126,KETAFLOX 200,ANTIBIOTIQUE QUINOLONE,OFLOXACINE,Comprimé sec,200MG,10,COMPRIMÉS,BOITE,GENERIQUE,2295,2295,80,Remboursable
0003127,KETAFLOX 400,ANTIBIOTIQUE QUINOLONE,OFLOXACINE,Comprimé sec,400MG,10,COMPRIMÉS,BOITE,GENERIQUE,4020,4020,80,Remboursable
0004414,ALBACT 200,ANTIBIOTIQUE QUINOLONE,OFLOXACINE,Comprimé sec,200MG,10,COMPRIMÉS,BOITE,GENERIQUE,3075,2332,80,Remboursable
0004577,UMEFLOX 200,ANTIBIOTIQUE QUINOLONE,OFLOXACINE,Comprimé sec,200MG,10,COMPRIMÉS,BOITE,GENERIQUE,3850,2332,80,Remboursable
0004790,ORIXO 200,ANTIBIOTIQUE QUINOLONE,OFLOXACINE,COMPRIME,200MG,10,COMPRIMES,BOITE,GENERIQUE,2870,2332,80,Remboursable
0001936,OFLOCINE 2MG/ML SOL PERF,ANTIBIOTIQUE QUINOLONE,OFLOXACINE,Solution pour perfusion,2MG/ML,100,MILLILITRES,FLACON,GENERIQUE,4020,1650,80,Remboursable
C000221,CIPROFLOXACINE 2MG/ML SOL PERF,ANTIBIOTIQUE QUINOLONE,CIPROFLOXACINE,Solution Injectable,2MG/ML,100,MILLILITRES,BOITE,CAMEG,640,640,80,Remboursable
C000223,CIPROFLOXACINE 500MG,ANTIBIOTIQUE QUINOLONE,CIPROFLOXACINE,Comprimé sec,500MG,10,COMPRIMÉS,BOITE,CAMEG,350,350,80,Remboursable
0001266,UCLAPRIM 480,ANTIBIOTIQUE SULFAMIDE+DIAMINOPYRIMIDINE,SULFAMETHOXAZOLE+TRIMETHOPRIME,COMPRIME,400MG/80MG,20,COMPRIMÉS,BOITE,GENERIQUE,1390,1390,80,Remboursable
0001314,UCLAPRIM FORTE,ANTIBIOTIQUE SULFAMIDE+DIAMINOPYRIMIDINE,SULFAMETHOXAZOLE+TRIMETHOPRIME,Comprimé sec,800MG/160MG,10,COMPRIMÉS,BOITE,GENERIQUE,1380,633,80,Remboursable
0001410,UCLAPRIM 240,ANTIBIOTIQUE SULFAMIDE+DIAMINOPYRIMIDINE,SULFAMETHOXAZOLE+TRIMETHOPRIME,Suspension buvable,200MG/40MG,100,MILLILITRES,FLACON,GENERIQUE,1720,1392,80,Remboursable
0001436,BIBACTIN 240,ANTIBIOTIQUE SULFAMIDE+DIAMINOPYRIMIDINE,SULFAMETHOXAZOLE+TRIMETHOPRIME,Suspension buvable,200MG/40MG,100,MILLILITRES,FLACON,GENERIQUE,1265,1265,80,Remboursable
0001450,COTRIMOXAZOLE UBI 480MG/5ML,ANTIBIOTIQUE SULFAMIDE+DIAMINOPYRIMIDINE,SULFAMETHOXAZOLE+TRIMETHOPRIME,Suspension buvable,480MG/5ML,100,MILLILITRES,FLACON,GENERIQUE,920,920,80,Remboursable
0003285,COTRIMOXAZOLE UBI 480 VRAC,ANTIBIOTIQUE SULFAMIDE+DIAMINOPYRIMIDINE,SULFAMETHOXAZOLE+TRIMETHOPRIME,Comprimé sec,400MG/80MG,10,COMPRIMÉS,BOITE,GENERIQUE,220,165,80,Remboursable
0003302,COTRIMOXAZOLE UBI FORT,ANTIBIOTIQUE SULFAMIDE+DIAMINOPYRIMIDINE,SULFAMETHOXAZOLE+TRIMETHOPRIME,Comprimé sec,800MG/160MG,10,COMPRIMÉS,BOITE,GENERIQUE,575,575,80,Remboursable
0004392,COTRIMOXAZOLE TM 480 VRAC,ANTIBIOTIQUE SULFAMIDE+DIAMINOPYRIMIDINE,SULFAMETHOXAZOLE+TRIMETHOPRIME,Comprimé sec,400MG/80MG,10,COMPRIMÉS,BLISTER,GENERIQUE,150,146,80,Remboursable
C000016,COTRIMOXAZOLE 240MG,ANTIBIOTIQUE SULFAMIDE+DIAMINOPYRIMIDINE,SULFAMETHOXAZOLE+TRIMETHOPRIME,SUSPENSION BUVABLE,200MG/40MG,100,MILLILITRES,FLACON,CAMEG,700,700,80,Remboursable
C000018,COTRIMOXAZOLE 480MG VRAC,ANTIBIOTIQUE SULFAMIDE+DIAMINOPYRIMIDINE,SULFAMETHOXAZOLE+TRIMETHOPRIME,COMPRIME,400MG/80MG,10,COMPRIMES,BLISTER,CAMEG,150,150,80,Remboursable
0003609,CYCLOPHOSPHAMIDE (ENDOXAN 500),ANTICANCEREUX AGENT ALKYLANT,CYCLOPHOSPHAMIDE,Solution pour perfusion,500MG,1,FLACON,BOITE,GENERIQUE,3000,3000,80,TPC
0004663,CISPLATINE 1MG/ML,ANTICANCEREUX AGENT ALKYLANT,CISPLATINE,Solution pour perfusion,1MG/ML,1,FLACON,BOITE,GENERIQUE,18600,18600,80,TPC
0004664,CARBOPLATINE 150MG/15ML,ANTICANCEREUX AGENT ALKYLANT,CARBOPLATINE,Solution pour perfusion,150MG/15ML,1,FLACON,BOITE,GENERIQUE,17500,17500,80,TPC
0004665,CARBOPLATINE 450MG/45ML,ANTICANCEREUX AGENT ALKYLANT,CARBOPLATINE,Solution pour perfusion,450MG/45ML,1,FLACON,BOITE,GENERIQUE,53000,53000,80,TPC
0003629,DOXORUBICINE 50MG/25ML,ANTICANCEREUX AGENT INTERCALANT,DOXORUBICINE,Solution pour perfusion,50MG/25ML,1,FLACON,BOITE,GENERIQUE,34150,34150,80,TPC
0003633,EPIRUBICINE 2MG/ML,ANTICANCEREUX AGENT INTERCALANT,EPIRUBICINE,Solution pour perfusion,2MG/ML,1,FLACON,BOITE,GENERIQUE,50000,50000,80,TPC
0004666,ETOPOSIDE 100MG/5ML,ANTICANCEREUX AGENT INTERCALANT,ETOPOSIDE,Solution pour perfusion,100MG/5ML,1,FLACON,BOITE,GENERIQUE,46675,46675,80,TPC
0003923,TAMOXIFENE 20MG,ANTICANCEREUX ANTI-ANDROGENE NON STEROIDIEN,TAMOXIFENE,COMPRIME,20MG,30,COMPRIMÉS,BOITE,GENERIQUE,6980,6980,80,TPC
0004404,LUPRODEX 3.75,ANTICANCEREUX ANTI-ANDROGENE STEROIDIEN,LEUPROLIDE ACETATE,Solution Injectable,3.75MG,1,AMPOULE,BOITE,GENERIQUE,80355,80355,80,TPC
0004588,ANASTROZOLE-DENK,ANTICANCEREUX ANTI-ANDROGENE STEROIDIEN,ANASTROZOLE,Comprimé,1MG,30,COMPRIMÉS,BOITE,GENERIQUE,20090,20090,80,TPC
0004621,LETROZOLE-DENK,ANTICANCEREUX ANTI-ANDROGENE STEROIDIEN,LETROZOLE,COMPRIME,2.5MG,30,COMPRIMES,BOITE,GENERIQUE,22845,22845,80,TPC
0003625,VINCRISTINE 1MG (ONCOVIN),ANTICANCEREUX ANTI-FUSEAU,VINCRISTINE,Solution pour perfusion,1MG,1,FLACON,BOITE,GENERIQUE,4535,4535,80,TPC
0004401,PACLITAXEL 150/25ML,ANTICANCEREUX ANTI-FUSEAU,PACLITAXEL,Solution pour perfusion,150MG/25ML,1,FLACON,FLACON,GENERIQUE,31470,31470,80,TPC
0004402,PACLITAXEL 100MG/16.7ML,ANTICANCEREUX ANTI-FUSEAU,PACLITAXEL,Solution pour perfusion,100MG/16.7ML,1,FLACON,FLACON,GENERIQUE,20350,20350,80,TPC
0004800,PACLITAXEL 30MG/5ML,ANTICANCEREUX ANTI-FUSEAU,PACLITAXEL,Solution pour perfusion,30MG/5ML,5,MILLILITRES,FLACON,GENERIQUE,9500,9500,80,TPC
0003617,FLURO-M 50MG/ML,ANTICANCEREUX ANTI-METABOLITE,5-FLUOROURACILE,Solution pour perfusion,50MG/ML,1,FLACON,BOITE,GENERIQUE,4000,4000,80,TPC
0004648,ZOLEDRO-DENK 4MG/5ML,ANTICANCEREUX ANTI-OSTEOPOROSE,ACIDE ZOLEDRONIQUE,Solution pour perfusion,4MG/5ML,5,MILLILITRES,FLACON,GENERIQUE,28700,28700,80,TPC
0004669,ACCOFIL 30MU,ANTICANCEREUX STIMULANT HEMATOPOIETIQUE,FILGRASTIM,Solution pour perfusion,30MU,1,FLACON,BOITE,GENERIQUE,39950,31900,80,TPC
C000376,CLOMIPRAMINE 10,ANTI-DEPRESSEUR IMIPRAMINIQUE,CLOMIPRAMINE,Comprimé sec,10MG,60,COMPRIMÉS,BOITE,CAMEG,2655,2655,80,TPC
C000377,CLOMIPRAMINE 25MG/ML SOL INJ ,ANTI-DEPRESSEUR IMIPRAMINIQUE,CLOMIPRAMINE,Solution Injectable,25MGDosage,1,AMPOULE,BOITE,CAMEG,350,350,80,Remboursable
C000378,CLOMIPRAMINE 25,ANTI-DEPRESSEUR IMIPRAMINIQUE,CLOMIPRAMINE,Comprimé sec,25MG,50,COMPRIMÉS,BOITE,CAMEG,5250,5250,80,TPC
0004721,FLUZYN 20,ANTI-DEPRESSEUR INHIBITEUR DE LA RECAPTURE DE LA SEROTONINE,FLUOXETINE,GELULE,20MG,30,GELULES,BOITE,GENERIQUE,3445,3445,80,TPC
0000624,METFORMIN DENK 1000,ANTI-DIABETIQUE BIGUANIDE,METFORMINE,Comprimé sec,1000MG,30,COMPRIMÉS,BOITE,GENERIQUE,2525,2525,80,TPC
0000628,RANOPHAGE OD 1000,ANTI-DIABETIQUE BIGUANIDE,METFORMINE,Comprimé sec,1000MG,30,COMPRIMÉS,BOITE,GENERIQUE,2100,2100,80,TPC
0000649,METFORMIN DENK 500,ANTI-DIABETIQUE BIGUANIDE,METFORMINE,Comprimé sec,500MG,30,COMPRIMÉS,BOITE,GENERIQUE,1665,1122,80,TPC
0000652,METFORMIN DENK 850,ANTI-DIABETIQUE BIGUANIDE,METFORMINE,Comprimé sec,850MG,30,COMPRIMÉS,BOITE,GENERIQUE,2630,2630,80,TPC
0000654,METFORAL 850,ANTI-DIABETIQUE BIGUANIDE,METFORMINE,Comprimé sec,850MG,30,COMPRIMÉS,BOITE,GENERIQUE,2630,2630,80,TPC
0004235,DIAFORMINE 500,ANTI-DIABETIQUE BIGUANIDE,METFORMINE,Comprimé sec,500MG,30,COMPRIMÉS,BOITE,GENERIQUE,920,920,80,TPC
0004236,DIAFORMINE 850,ANTI-DIABETIQUE BIGUANIDE,METFORMINE,Comprimé sec,850MG,30,COMPRIMÉS,BOITE,GENERIQUE,2295,2295,80,TPC
0004237,DIAFORMINE 1000,ANTI-DIABETIQUE BIGUANIDE,METFORMINE,Comprimé sec,1000MG,30,COMPRIMÉS,BOITE,GENERIQUE,2525,2525,80,TPC
0004376,AUROMETFORMIN 850 VRAC,ANTI-DIABETIQUE BIGUANIDE,METFORMINE,COMPRIME,850MG,14,COMPRIMES,BLISTER,GENERIQUE,445,445,80,TPC
0004377,AUROMETFORMIN 1000 VRAC,ANTI-DIABETIQUE BIGUANIDE,METFORMINE,COMPRIME,1000MG,10,COMPRIMES,BLISTER,GENERIQUE,620,620,80,TPC
0004470,FAIRMET 500 VRAC,ANTI-DIABETIQUE BIGUANIDE,METFORMINE,COMPRIME,500MG,10,COMPRIMES,BLISTER,GENERIQUE,300,300,80,TPC
0004471,FAIRMET 850 VRAC,ANTI-DIABETIQUE BIGUANIDE,METFORMINE,COMPRIME,850MG,10,COMPRIMES,BLISTER,GENERIQUE,390,390,80,TPC
0004472,FAIRMET 1000 VRAC,ANTI-DIABETIQUE BIGUANIDE,METFORMINE,COMPRIME,1000MG,10,COMPRIMES,BLISTER,GENERIQUE,615,615,80,TPC
0004505,METFORAL 1000,ANTI-DIABETIQUE BIGUANIDE,METFORMINE,Comprimé sec,1000MG,30,COMPRIMÉS,BOITE,GENERIQUE,2870,2778,80,TPC
0004767,GLYFERON 850,ANTI-DIABETIQUE BIGUANIDE,METFORMINE,COMPRIME,850MG,30,COMPRIMES,BOITE,GENERIQUE,2240,2240,80,TPC
0004768,GLYFERON 1000,ANTI-DIABETIQUE BIGUANIDE,METFORMINE,COMPRIME,1000MG,30,COMPRIMES,BOITE,GENERIQUE,2600,2600,80,TPC
C000263,METFORMINE 850MG COMP,ANTI-DIABETIQUE BIGUANIDE,METFORMINE,Comprimé sec,850MG,15,COMPRIMÉS,BOITE,CAMEG,670,670,80,TPC
C000264,METFORMINE 500MG COMP,ANTI-DIABETIQUE BIGUANIDE,METFORMINE,Comprimé sec,500MG,20,COMPRIMÉS,BOITE,CAMEG,300,300,80,TPC
0000153,GLIBOMET 2.5/400,ANTI-DIABETIQUE BITHERAPIE SULFAMIDE+BIGUANIDE,GLIBENCLAMIDE+METFORMINE,Comprimé sec,2.5MG/400MG,40,COMPRIMÉS,BOITE,GENERIQUE,2870,2870,80,TPC
0004365,GLIBOMET VRAC 2.5/400,ANTI-DIABETIQUE BITHERAPIE SULFAMIDE+BIGUANIDE,GLIBENCLAMIDE+METFORMINE,Comprimé sec,2.5MG/400MG,20,COMPRIMÉS,BLISTER,GENERIQUE,1420,1420,80,TPC
0004194,ADRIDE-M 2/500,ANTI-DIABETIQUE BITHERAPIE SULFAMIDE+BIGUANIDE,GLIMEPIRIDE+METFORMINE,Comprimé sec,2MG/500MG,30,COMPRIMÉS,BOITE,GENERIQUE,3790,3790,80,TPC
0004189,GLIM FORTE 80/800,ANTI-DIABETIQUE BITHERAPIE SULFAMIDE+BIGUANIDE,GLICLAZIDE+METFORMINE,Comprimé sec,80MG/800MG,30,COMPRIMÉS,BOITE,GENERIQUE,5400,5400,80,TPC
C000204,INSULINE MIXTARD 100UI,ANTI-DIABETIQUE INJECTABLE,INSULINE MIXTE,Solution Injectable,100UI,10,MILLILITRES,BOITE,CAMEG,4800,4800,80,TPC
C000196,INSULINE INSULATARD,ANTI-DIABETIQUE INJECTABLE,INSULINE RETARD,Solution Injectable,100UI,10,MILLILITRES,BOITE,CAMEG,4580,4580,80,TPC
C000193,INSULINE RAPIDE 100UI,ANTI-DIABETIQUE INJECTABLE,INSULINE RAPIDE,Solution Injectable,100UI,10,Millilitre (s),BOITE,CAMEG,4375,4375,80,Remboursable
0000176,GLIMEPIRIDE DENK 2,ANTI-DIABETIQUE SULFAMIDE,GLIMEPIRIDE,Comprimé sec,2MG,30,COMPRIMÉS,BOITE,GENERIQUE,4020,4020,80,TPC
0000182,GLIMEPIRIDE DENK 3,ANTI-DIABETIQUE SULFAMIDE,GLIMEPIRIDE,Comprimé sec,3MG,30,COMPRIMÉS,BOITE,GENERIQUE,5050,5050,80,TPC
0003224,DIAGLIM 2,ANTI-DIABETIQUE SULFAMIDE,GLIMEPIRIDE,Comprimé sec,2MG,30,COMPRIMÉS,BOITE,GENERIQUE,4360,4360,80,TPC
0003225,DIAGLIM 1,ANTI-DIABETIQUE SULFAMIDE,GLIMEPIRIDE,Comprimé sec,1MG,30,COMPRIMÉS,BOITE,GENERIQUE,3330,3330,80,TPC
0003227,DIAGLIM 4,ANTI-DIABETIQUE SULFAMIDE,GLIMEPIRIDE,Comprimé sec,4MG,30,COMPRIMÉS,BOITE,GENERIQUE,8035,5775,80,TPC
0003429,IRYS 2,ANTI-DIABETIQUE SULFAMIDE,GLIMEPIRIDE,Comprimé sec,2MG,30,COMPRIMÉS,BOITE,GENERIQUE,4475,4422,80,TPC
0003571,IRYS 4,ANTI-DIABETIQUE SULFAMIDE,GLIMEPIRIDE,Comprimé sec,4MG,30,COMPRIMÉS,BOITE,GENERIQUE,8150,5775,80,TPC
0003602,IRYS 1,ANTI-DIABETIQUE SULFAMIDE,GLIMEPIRIDE,Comprimé sec,1MG,30,COMPRIMÉS,BOITE,GENERIQUE,3155,3155,80,TPC
0003686,IRYS 3,ANTI-DIABETIQUE SULFAMIDE,GLIMEPIRIDE,Comprimé sec,3MG,30,COMPRIMÉS,BOITE,GENERIQUE,4765,4765,80,TPC
0004190,ADRIDE 2,ANTI-DIABETIQUE SULFAMIDE,GLIMEPIRIDE,Comprimé sec,2MG,30,COMPRIMÉS,BOITE,GENERIQUE,3790,3790,80,TPC
0004191,ADRIDE 4,ANTI-DIABETIQUE SULFAMIDE,GLIMEPIRIDE,COMPRIME,4MG,30,COMPRIMES,BOITE,GENERIQUE,3445,3445,80,TPC
0004192,DIAPRIDE 2,ANTI-DIABETIQUE SULFAMIDE,GLIMEPIRIDE,Comprimé sec,2MG,30,COMPRIMÉS,BOITE,GENERIQUE,3500,3500,80,TPC
0004193,DIAPRIDE 4,ANTI-DIABETIQUE SULFAMIDE,GLIMEPIRIDE,Comprimé sec,4MG,30,COMPRIMÉS,BOITE,GENERIQUE,5250,5250,80,TPC
0004468,FAIRGLIM 1MG VRAC,ANTI-DIABETIQUE SULFAMIDE,GLIMEPIRIDE,COMPRIME,1MG,10,COMPRIMES,BLISTER,GENERIQUE,570,570,80,TPC
0004469,FAIRGLIM 4 VRAC,ANTI-DIABETIQUE SULFAMIDE,GLIMEPIRIDE,COMPRIME,4MG,10,COMPRIMES,BLISTER,GENERIQUE,820,820,80,TPC
0004364,GLIBENCLAMIDE TM V5MG RAC,ANTI-DIABETIQUE SULFAMIDE,GLIBENCLAMIDE,COMPRIME,5MG,20,COMPRIMES,BLISTER,GENERIQUE,200,200,80,TPC
0004467,FAIRGLIB,ANTI-DIABETIQUE SULFAMIDE,GLIBENCLAMIDE,Comprimé sec,5MG,10,COMPRIMÉS,BOITE,GENERIQUE,570,110,80,TPC
C000138,GLIBENCLAMIDE 5MG,ANTI-DIABETIQUE SULFAMIDE,GLIBENCLAMIDE,Comprimé sec,5MG,20,COMPRIMÉS,BOITE,CAMEG,200,200,80,TPC
0000105,LOPERAMIDE CREAT VRAC,ANTI-DIARRHEIQUE RALENTISSEUR DU TRANSIT INTESTINAL,LOPERAMIDE,GELULE,2MG,10,GELULES,BLISTER,GENERIQUE,420,420,80,Remboursable
0004636,SRO-ZINC,ANTI-DIARRHEIQUE SEL DE REHYDRATATION ORALE,ZINC+SRO,Comprimé,20.8G/20MG,20,COMPRIMÉS,BOITE,GENERIQUE,600,523,80,Remboursable
C000236,SEL REHYDRATATION ORALE (NOUVELLE FORMULE),ANTI-DIARRHEIQUE SEL DE REHYDRATATION ORALE,SEL REHYDRATATION,SACHET POUDRE,PM,1,SACHET,BOITE,CAMEG,60,60,80,Remboursable
C000130,ACIDE BENZOIQUE 6%+ACIDE SALICYLIQUE 3%,ANTI-ECZEMATEUX KERATOLYTIQUE,ACIDE BENZOIQUE+ACIDE SALICYLIQUE,POMMADE,6%/3%,30,GRAMMES,Tube,CAMEG,2415,2415,80,Remboursable
0001288,MOTILIUM 10,ANTI-EMETIQUE ANTI-DOPAMINE,DOMPERIDONE,Comprimé sec,10MG,40,COMPRIMÉS,BOITE,GENERIQUE,2780,2780,80,Remboursable
0001301,CINET 10,ANTI-EMETIQUE ANTI-DOPAMINE,DOMPERIDONE,COMPRIME DISPERSIBLE,10MG,40,COMPRIMÉS,BOITE,GENERIQUE,3800,3080,80,Remboursable
0001305,MOTILIUM 1MG/ML,ANTI-EMETIQUE ANTI-DOPAMINE,DOMPERIDONE,Suspension buvable,1MG/ML,200,MILLILITRES,FLACON,GENERIQUE,2225,1980,80,Remboursable
0001317,CINET 1MG/ML,ANTI-EMETIQUE ANTI-DOPAMINE,DOMPERIDONE,Suspension buvable,1MG/ML,200,MILLILITRES,FLACON,GENERIQUE,2205,1980,80,Remboursable
0003509,NAUSELIUM 1MG/ML,ANTI-EMETIQUE ANTI-DOPAMINE,DOMPERIDONE,Sirop,1MG/ML,200,MILLILITRES,FLACON,GENERIQUE,1895,1895,80,Remboursable
0003515,NAUSELIUM 10,ANTI-EMETIQUE ANTI-DOPAMINE,DOMPERIDONE,Comprimé sec,10MG,20,COMPRIMÉS,BOITE,GENERIQUE,1895,1540,80,Remboursable
0003756,BIPERIDYS 20,ANTI-EMETIQUE ANTI-DOPAMINE,DOMPERIDONE,Comprimé sec,20MG,20,COMPRIMÉS,BOITE,GENERIQUE,2305,2305,80,Remboursable
0004608,EVIDAN 10,ANTI-EMETIQUE ANTI-DOPAMINE,DOMPERIDONE,Comprimé sec,10MG,40,COMPRIMÉS,BOITE,GENERIQUE,1835,1835,80,Remboursable
C000271,METOCLOPRAMIDE 20,ANTI-EMETIQUE ANTI-DOPAMINE,METOCLOPRAMIDE,Solution Injectable,20MG,1,AMPOULE,BOITE,CAMEG,100,100,80,Remboursable
C000273,METOCLOPRAMIDE 10,ANTI-EMETIQUE ANTI-DOPAMINE,METOCLOPRAMIDE,Comprimé sec,10MG,20,COMPRIMÉS,BOITE,CAMEG,200,200,80,Remboursable
C000412,METOCLOPRAMIDE 10,ANTI-EMETIQUE ANTI-DOPAMINE,METOCLOPRAMIDE,SOLUTION INJECTABLE,10MG,1,AMPOULE,BOITE,CAMEG,380,380,80,Remboursable
C000274,METOPIMAZINE 10MG/ML,ANTI-EMETIQUE ANTI-DOPAMINE,METOPIMAZINE,Solution Injectable,10MG/ML,1,AMPOULE,BOITE,CAMEG,290,290,80,Remboursable
0004256,SETRONAX 4,ANTI-EMETIQUE SPECIFIQUE ANTI-SEROTONINERGIQUE,ONDANSETRON,Comprimé sec,4MG,10,COMPRIMÉS,BOITE,GENERIQUE,11485,11485,80,Entente prealable
0004257,SETRONAX 8MG/4ML SOL INJ,ANTI-EMETIQUE SPECIFIQUE ANTI-SEROTONINERGIQUE,ONDANSETRON,SOLUTION INJECTABLE,8MG/4ML,1,AMPOULE,BOITE,GENERIQUE,3445,3445,80,Entente prealable
0004338,SETRONAX 2MG/5ML,ANTI-EMETIQUE SPECIFIQUE ANTI-SEROTONINERGIQUE,ONDANSETRON,Suspension buvable,2MG/5ML,60,MILLILITRES,FLACON,GENERIQUE,5740,5740,80,Entente prealable
0004529,ONDANSETRON-DENK 4,ANTI-EMETIQUE SPECIFIQUE ANTI-SEROTONINERGIQUE,ONDANSETRON,Comprimé sec,4MG,6,COMPRIMÉS,BOITE,GENERIQUE,5165,2527,80,Entente prealable
0002462,PHENOBARBITAL GGIA 100,ANTI-EPILEPTIQUE ANTI-CONVULSIVANT,PHENOBARBITAL,Comprimé sec,100MG,20,COMPRIMÉS,BOITE,GENERIQUE,780,539,80,TPC
0004616,LAMOTRIGINE 2,ANTI-EPILEPTIQUE ANTI-CONVULSIVANT,LAMOTRIGINE,COMPRIME,2MG,30,COMPRIMES,BOITE,GENERIQUE,4850,4850,80,TPC
0004617,LAMOTRIGINE 5,ANTI-EPILEPTIQUE ANTI-CONVULSIVANT,LAMOTRIGINE,COMPRIME,5MG,30,COMPRIMES,BOITE,GENERIQUE,3365,3365,80,TPC
0004618,LAMOTRIGINE 25,ANTI-EPILEPTIQUE ANTI-CONVULSIVANT,LAMOTRIGINE,COMPRIME,25MG,30,COMPRIMES,BOITE,GENERIQUE,6510,6510,80,TPC
0004619,LAMOTRIGINE 50,ANTI-EPILEPTIQUE ANTI-CONVULSIVANT,LAMOTRIGINE,COMPRIME,50MG,30,COMPRIMES,BOITE,GENERIQUE,12410,12410,80,TPC
0004620,LAMOTRIGINE 100,ANTI-EPILEPTIQUE ANTI-CONVULSIVANT,LAMOTRIGINE,COMPRIME,100MG,30,COMPRIMES,BOITE,GENERIQUE,11015,11015,80,TPC
C000109,PHENOBARBITAL 100,ANTI-EPILEPTIQUE ANTI-CONVULSIVANT,PHENOBARBITAL,COMPRIME,100MG,10,COMPRIMES,BLISTER,CAMEG,180,180,80,TPC
C000111,PHENOBARBITAL 200MG/ML,ANTI-EPILEPTIQUE ANTI-CONVULSIVANT,PHENOBARBITAL,Solution Injectable,200MG/ML,1,AMPOULE,BOITE,CAMEG,635,635,80,Remboursable
C000114,PHENOBARBITAL 50MG,ANTI-EPILEPTIQUE ANTI-CONVULSIVANT,PHENOBARBITAL,COMPRIME,50MG,10,COMPRIMES,BLISTER,CAMEG,180,180,80,TPC
C000184,CARBAMAZEPINE 200,ANTI-EPILEPTIQUE ANTI-CONVULSIVANT,CARBAMAZEPINE,COMPRIME,200MG,30,COMPRIMES,BLISTER,CAMEG,1500,1500,80,TPC
0001691,FLUCAZOL 100,ANTI-FONGIQUE,FLUCONAZOLE,GELULE,100MG,10,GELULES,BOITE,GENERIQUE,1950,1950,80,Remboursable
0001726,FLUCESS 150,ANTI-FONGIQUE,FLUCONAZOLE,GELULE,150MG,1,GELULE,BOITE,GENERIQUE,5510,495,80,Remboursable
0001747,FLUZON 150,ANTI-FONGIQUE,FLUCONAZOLE,GELULE,150MG,2,GELULES,BOITE,GENERIQUE,2525,990,80,Remboursable
0001750,FORCAN 150,ANTI-FONGIQUE,FLUCONAZOLE,GELULE,150MG,1,GELULE,BOITE,GENERIQUE,450,450,80,Remboursable
0001756,FLUCESS 50,ANTI-FONGIQUE,FLUCONAZOLE,GELULE,50MG,7,GELULES,BOITE,GENERIQUE,12625,1155,80,Remboursable
0001785,FLUCAZOL 50MG/ML,ANTI-FONGIQUE,FLUCONAZOLE,POUDRE POUR SUSPENSION BUVABLE,50MG/5ML,60,MILLILITRES,FLACON,GENERIQUE,1950,1716,80,Remboursable
0003286,NOVACAN-150,ANTI-FONGIQUE,FLUCONAZOLE,GELULE,150MG,1,GELULE,BOITE,GENERIQUE,300,300,80,Remboursable
0003466,CANDI 150,ANTI-FONGIQUE,FLUCONAZOLE,GELULE,150MG,4,GELULE,BOITE,GENERIQUE,4590,1980,80,Remboursable
0003519,MUKESTAT 150,ANTI-FONGIQUE,FLUCONAZOLE,Comprimé sec,150MG,4,COMPRIMÉS,BOITE,GENERIQUE,2285,1980,80,Remboursable
0003767,NISPORE 50,ANTI-FONGIQUE,FLUCONAZOLE,GELULE,50MG,30,GELULE,BOITE,GENERIQUE,3125,3125,80,Remboursable
0003768,NISPORE 150,ANTI-FONGIQUE,FLUCONAZOLE,GELULE,150MG,10,GELULE,BOITE,GENERIQUE,2650,2650,80,Remboursable
0003821,FLUCAP,ANTI-FONGIQUE,FLUCONAZOLE,Comprimé sec,150MG,1,COMPRIMÉS,BOITE,GENERIQUE,1145,495,80,Remboursable
0004177,CANAFLUCAN 150,ANTI-FONGIQUE,FLUCONAZOLE,GELULE,150MG,1,GELULE,BOITE,GENERIQUE,2495,495,80,Remboursable
0004178,FLUCIAN 150,ANTI-FONGIQUE,FLUCONAZOLE,Comprimé sec,150MG,1,COMPRIME,BOITE,GENERIQUE,400,400,80,Remboursable
0004179,FLUCOMYC 150,ANTI-FONGIQUE,FLUCONAZOLE,GELULE,150MG,1,GELULE,BOITE,GENERIQUE,310,310,80,Remboursable
0004180,FLUCONA-DENK 100,ANTI-FONGIQUE,FLUCONAZOLE,GELULE,100MG,10,GELULES,BOITE,GENERIQUE,2345,2145,80,Remboursable
0004181,FLUCONA-DENK 150,ANTI-FONGIQUE,FLUCONAZOLE,GELULE,150MG,1,GELULE,BOITE,GENERIQUE,1725,495,80,Remboursable
0004182,FLUGEN 100,ANTI-FONGIQUE,FLUCONAZOLE,Comprimé sec,100MG,10,COMPRIMÉS,BOITE,GENERIQUE,1655,1655,80,Remboursable
0004183,FLUGEN 50MG/5ML,ANTI-FONGIQUE,FLUCONAZOLE,POUDRE POUR SUSPENSION BUVABLE,50MG/5ML,60,MILLILITRES,FLACON,GENERIQUE,1150,1150,80,Remboursable
0004474,FAIRZOL 150,ANTI-FONGIQUE,FLUCONAZOLE,COMPRIME,150MG,1,COMPRIME,BOITE,GENERIQUE,415,415,80,Remboursable
0004478,FLUOMAC 150,ANTI-FONGIQUE,FLUCONAZOLE,GELULE,150MG,1,GELULE,BOITE,GENERIQUE,440,440,80,Remboursable
0000266,GRISEOPHARM 125,ANTI-FONGIQUE,GRISEOFULVINE,Comprimé sec,125MG,32,COMPRIMÉS,BOITE,GENERIQUE,2125,2125,80,Remboursable
0001569,GRISEOPHARM 250,ANTI-FONGIQUE,GRISEOFULVINE,Comprimé sec,250MG,30,COMPRIMÉS,BOITE,GENERIQUE,2180,1155,80,Remboursable
0001577,GRISEOPHARM 500,ANTI-FONGIQUE,GRISEOFULVINE,Comprimé sec,500MG,20,COMPRIMÉS,BOITE,GENERIQUE,2985,1100,80,Remboursable
0000018,TEGUMA 250,ANTI-FONGIQUE,TERBINAFINE,Comprimé sec,250MG,28,COMPRIMÉS,BOITE,GENERIQUE,20720,20720,80,Remboursable
0002018,TEGUMA 250,ANTI-FONGIQUE,TERBINAFINE,Comprimé sec,250MG,14,COMPRIMÉS,BOITE,GENERIQUE,11360,11360,80,Remboursable
0001046,KNZ 200,ANTI-FONGIQUE,KETOCONAZOLE,Comprimé sec,200MG,10,COMPRIMÉS,BOITE,GENERIQUE,3445,2970,80,Remboursable
0001049,PHYTORAL 200,ANTI-FONGIQUE,KETOCONAZOLE,Comprimé sec,200MG,10,COMPRIMÉS,BOITE,GENERIQUE,2700,2700,80,Remboursable
0004526,NYSTAKIL,ANTI-FONGIQUE,NYSTATINE,Suspension buvable,100000UI,30,MILLILITRES,FLACON,GENERIQUE,1100,1100,80,Remboursable
C000105,FLUCONAZOLE 150MG,ANTI-FONGIQUE,FLUCONAZOLE,GELULE,150MG,1,GELULE,BLISTER,CAMEG,150,150,80,Remboursable
C000028,NYSTATINE 100 000UI ,ANTI-FONGIQUE,NYSTATINE,Suspension buvable,100000UI,30,MILLILITRES,FLACON,CAMEG,720,720,80,Remboursable
C000033,NYSTATINE 500 000UI,ANTI-FONGIQUE,NYSTATINE,COMPRIME,500000UI,10,COMPRIMES,BLISTER,CAMEG,700,700,80,Remboursable
0001106,CANDI-V6 100,ANTI-FONGIQUE LOCAL,CLOTRIMAZOLE,Ovule,100MG,6,OVULES,BOITE,GENERIQUE,3330,2035,80,Remboursable
0001119,CLOTRI DENK 100,ANTI-FONGIQUE LOCAL,CLOTRIMAZOLE,Ovule,100MG,6,OVULES,BOITE,GENERIQUE,1850,1850,80,Remboursable
0001122,CANDID 1% CREME,ANTI-FONGIQUE LOCAL,CLOTRIMAZOLE,Crème dermique,1%,20,GRAMMES,Tube,GENERIQUE,1480,1480,80,Remboursable
0001127,CAMYSTEN 1% CREME,ANTI-FONGIQUE LOCAL,CLOTRIMAZOLE,Crème dermique,1%,30,GRAMMES,Tube,GENERIQUE,2755,2442,80,Remboursable
0001132,CLOTRI DENK 1% CREME,ANTI-FONGIQUE LOCAL,CLOTRIMAZOLE,Crème dermique,1%,20,GRAMMES,Tube,GENERIQUE,1665,1628,80,Remboursable
0001137,WARIMAZOL 1% CREME,ANTI-FONGIQUE LOCAL,CLOTRIMAZOLE,Crème dermique,1%,20,GRAMMES,Tube,GENERIQUE,2595,1628,80,Remboursable
0001147,IMAZOLE-V 100,ANTI-FONGIQUE LOCAL,CLOTRIMAZOLE,Ovule,100MG,7,OVULES,BOITE,GENERIQUE,1950,1950,80,Remboursable
0001153,WARIMAZOL 200,ANTI-FONGIQUE LOCAL,CLOTRIMAZOLE,Ovule,200MG,3,OVULES,BOITE,GENERIQUE,2195,2195,80,Remboursable
0003341,FANGID 1% CREME,ANTI-FONGIQUE LOCAL,CLOTRIMAZOLE,Crème dermique,1%,15,GRAMMES,Tube,GENERIQUE,1150,1150,80,Remboursable
0003605,MICAZOLE 2% GEL BUCCAL,ANTI-FONGIQUE LOCAL,MICONAZOLE,Gel buccal,2%,20,GRAMMES,Tube,GENERIQUE,1950,1950,80,Remboursable
0004487,GYNO MYCOLEX 400,ANTI-FONGIQUE LOCAL,MICONAZOLE,Ovule,400MG,3,OVULES,BOITE,GENERIQUE,2875,2875,80,Remboursable
0004512,MYCOLEX 2% CREME,ANTI-FONGIQUE LOCAL,MICONAZOLE,Crème dermique,2%,20,GRAMMES,Tube,GENERIQUE,975,594,80,Remboursable
0004791,ZALAIN 300,ANTI-FONGIQUE LOCAL,SERTACONAZOLE,Ovule,300MG,1,OVULE,BOITE,GENERIQUE,3560,3560,80,Remboursable
0000513,FUNGILYSE 1% CREME,ANTI-FONGIQUE LOCAL,ECONAZOLE,Crème dermique,1%,25,GRAMMES,Tube,GENERIQUE,2055,2055,80,Remboursable
0000529,ECOREX 1% LAIT DERMIQUE,ANTI-FONGIQUE LOCAL,ECONAZOLE,LAIT,1%,30,MILLILITRES,FLACON,GENERIQUE,2445,2445,80,Remboursable
0001437,ECOREX 1% CREME,ANTI-FONGIQUE LOCAL,ECONAZOLE,Crème dermique,1%,30,GRAMMES,Tube,GENERIQUE,2445,2445,80,Remboursable
0001465,ECONATE VT 150,ANTI-FONGIQUE LOCAL,ECONAZOLE,Ovule,150MG,3,OVULES,BOITE,GENERIQUE,1600,1600,80,Remboursable
0001470,ECOREX 150,ANTI-FONGIQUE LOCAL,ECONAZOLE,Ovule,150MG,3,OVULES,BOITE,GENERIQUE,3065,3065,80,Remboursable
0001494,MYLEUGYN LP 150,ANTI-FONGIQUE LOCAL,ECONAZOLE,Ovule,150MG,1,OVULE,BOITE,GENERIQUE,2410,1125,80,Remboursable
0001514,ECOREX 1% SPRAY,ANTI-FONGIQUE LOCAL,ECONAZOLE,Solution pour application cutanée,1%,30,MILLILITRES,FLACON,GENERIQUE,3060,3060,80,Remboursable
0003387,PEVAGINE 150,ANTI-FONGIQUE LOCAL,ECONAZOLE,Ovule,150MG,3,OVULES,BOITE,GENERIQUE,3155,3155,80,Remboursable
0003576,PEVAGINE 1% CREME,ANTI-FONGIQUE LOCAL,ECONAZOLE,Crème dermique,1%,30,GRAMMES,Tube,GENERIQUE,2295,2295,80,Remboursable
0003766,ECONATE G 1% CREME,ANTI-FONGIQUE LOCAL,ECONAZOLE,Crème dermique,1%,30,GRAMMES,Tube,GENERIQUE,1460,1460,80,Remboursable
0000274,GRISEO 5% POMMADE,ANTI-FONGIQUE LOCAL,GRISEOFULVINE,Pommade,5%,15,GRAMMES,Tube,GENERIQUE,870,870,80,Remboursable
0002022,TEGUMA 1% CREME,ANTI-FONGIQUE LOCAL,TERBINAFINE,Crème dermique,1%,15,GRAMMES,Tube,GENERIQUE,2665,2665,80,Remboursable
0004660,TERFINA 1%,ANTI-FONGIQUE LOCAL,TERBINAFINE,CREME,1%,15,GRAMMES,Tube,GENERIQUE,1895,1895,80,Remboursable
0001055,MICOZAL 2% CREME,ANTI-FONGIQUE LOCAL,KETOCONAZOLE,Crème dermique,2%,15,GRAMMES,Tube,GENERIQUE,1490,1490,80,Remboursable
0001063,PHYTORAL 2% CREME,ANTI-FONGIQUE LOCAL,KETOCONAZOLE,Crème dermique,2%,15,GRAMMES,Tube,GENERIQUE,2560,1639,80,Remboursable
0003843,NIZODERM 2% CREME,ANTI-FONGIQUE LOCAL,KETOCONAZOLE,Crème dermique,2%,15,GRAMMES,Tube,GENERIQUE,1380,1380,80,Remboursable
0004207,KAZOL 2% CREME,ANTI-FONGIQUE LOCAL,KETOCONAZOLE,Crème dermique,2%,15,GRAMMES,Tube,GENERIQUE,1720,1579,80,Remboursable
0004525,NYSTAKIL,ANTI-FONGIQUE LOCAL,NYSTATINE,COMPRIME GYNECO/VAG,100000UI,14,COMPRIMÉS,BOITE,GENERIQUE,1400,539,80,Remboursable
0002233,SPORALIM 1% LOTION,ANTI-FONGIQUE LOCAL,TOLNAFTATE,LOTION,1%,30,MILLILITRES,FLACON,GENERIQUE,1045,1045,80,Remboursable
0004416,AMICOZ 2%,ANTI-FONGIQUE LOCAL,MICONAZOLE,Crème dermique,2%,15,GRAMMES,Tube,GENERIQUE,1150,446,80,Remboursable
C000225,CLOTRIMAZOLE VAGINALE+APPLICATEUR,ANTI-FONGIQUE LOCAL,CLOTRIMAZOLE,Ovule,500MG,1,OVULE,BOITE,CAMEG,1425,1425,80,Remboursable
C000292,MICONAZOLE 2% CREME,ANTI-FONGIQUE LOCAL,MICONAZOLE,Crème dermique,2%,30,GRAMMES,Tube,CAMEG,810,810,80,Remboursable
C000027,NYSTATINE OVULE,ANTI-FONGIQUE LOCAL,NYSTATINE,Ovule,100000UI,10,OVULES,BOITE,CAMEG,450,450,80,Remboursable
0000872,GYNANFORT,ANTI-FONGIQUE LOCAL ASSOCIATION,METRONIDAZOLE+NEOMYCINE+NYSTATINE,Ovule,500MG/65000UI/100000UI,10,OVULES,BOITE,GENERIQUE,2470,2470,80,Remboursable
0000879,GYNOMAX,ANTI-FONGIQUE LOCAL ASSOCIATION,HYDROCORTISONE+METRONIDAZOLE+NEOMYCINE+NYSTATINE,Ovule,5MG/250MG/10000MUI/10000MUI,6,OVULES,BOITE,GENERIQUE,2800,2800,80,Remboursable
0003823,GYNOMAX,ANTI-FONGIQUE LOCAL ASSOCIATION,HYDROCORTISONE+METRONIDAZOLE+NEOMYCINE+NYSTATINE,Ovule,5MG/250MG/10000UI/100000UI,12,OVULES,BOITE,GENERIQUE,5165,5165,80,Remboursable
0003829,IOPROST 0.005%,ANTI-GLAUCOMATEUX ANALOGUE PGF2,LATANOPROST,COLLYRE,0.005%,3,MILLILITRES,FLACON,GENERIQUE,10505,10505,80,TPC
0004496,LACOMA 0.05%,ANTI-GLAUCOMATEUX ANALOGUE PGF2,LATANOPROST,COLLYRE,0.005%,2.5,MILLILITRES,FLACON,GENERIQUE,8610,8610,80,TPC
0004213,CEXOLAN 0.005%,ANTI-GLAUCOMATEUX ANALOGUE PGF2,LATANOPROST,COLLYRE,0.005%,2.5,MILLILITRES,FLACON,GENERIQUE,11090,7705,80,TPC
0000296,NORMOPTIC 0.5%,ANTI-GLAUCOMATEUX BETA-BLOQUANT,TIMOLOL,COLLYRE,0.5%,5,MILLILITRES,FLACON,GENERIQUE,1665,1665,80,TPC
0000311,TIMOLOL 0.5%,ANTI-GLAUCOMATEUX BETA-BLOQUANT,TIMOLOL,COLLYRE,0.5%,5,MILLILITRES,FLACON,GENERIQUE,1205,1205,80,TPC
0002207,TIMOSOL 0.5%,ANTI-GLAUCOMATEUX BETA-BLOQUANT,TIMOLOL,COLLYRE,0.5%,5,MILLILITRES,FLACON,GENERIQUE,885,885,80,TPC
0004485,GLOSOL 0.5%,ANTI-GLAUCOMATEUX BETA-BLOQUANT,TIMOLOL,COLLYRE,0.5%,5,MILLILITRES,FLACON,GENERIQUE,1700,1700,80,TPC
0004497,LACOMA-T,ANTI-GLAUCOMATEUX BITHERAPIE ANALOGUE PGF2+BETA-BLOQUANT,LATANOPROST+TIMOLOL,COLLYRE,50µG/5MG,2.5,MILLILITRES,FLACON,GENERIQUE,9760,9760,80,TPC
0003875,TWINZOL,ANTI-GLAUCOMATEUX BITHERAPIE INHIBITEUR DE L'ANHYDRASE CARBONIQUE+BETA-BLOQUANT,DORZOLAMIDE+TIMOLOL,COLLYRE,2%/0.5%,5,MILLILITRES,FLACON,GENERIQUE,7875,7875,80,TPC
0003847,OZOLAMIDE 2% ,ANTI-GLAUCOMATEUX INHIBITEUR DE L'ANHYDRASE CARBONIQUE,DORZOLAMIDE,COLLYRE,2%,5,MILLILITRES,FLACON,GENERIQUE,5775,5775,80,TPC
0004515,NEUDOR 2%,ANTI-GLAUCOMATEUX INHIBITEUR DE L'ANHYDRASE CARBONIQUE,DORZOLAMIDE,COLLYRE,2%,5,MILLILITRES,FLACON,GENERIQUE,4820,4820,80,TPC
0004517,NOURIC 100,ANTI-GOUTTEUX,ALLOPURINOL,Comprimé sec,100MG,28,COMPRIMÉS,BOITE,GENERIQUE,1725,1452,80,TPC
0003112,LOSAR DENK 100,ANTI-HYPERTENSEUR ARA II,LOSARTAN,Comprimé sec,100MG,28,COMPRIMÉS,BOITE,GENERIQUE,8035,8035,80,TPC
0003125,LOSAR DENK 50,ANTI-HYPERTENSEUR ARA II,LOSARTAN,Comprimé sec,50MG,28,COMPRIMÉS,BOITE,GENERIQUE,5510,5049,80,TPC
0003484,ZYLTAN 50,ANTI-HYPERTENSEUR ARA II,LOSARTAN,Comprimé sec,50MG,30,COMPRIMÉS,BOITE,GENERIQUE,4590,4590,80,TPC
0003615,LOSAR MEDIS 50,ANTI-HYPERTENSEUR ARA II,LOSARTAN,COMPRIME,50MG,30,COMPRIMES,BOITE,GENERIQUE,6600,5412,80,TPC
0004224,ANGIZAAR 50,ANTI-HYPERTENSEUR ARA II,LOSARTAN,COMPRIME,50MG,30,COMPRIMES,BOITE,GENERIQUE,5970,5412,80,TPC
0000229,BLOKIUM 100,ANTI-HYPERTENSEUR BETA-BLOQUANT,ATENOLOL,Comprimé sec,100MG,30,COMPRIMÉS,BOITE,GENERIQUE,5775,5775,80,TPC
0000239,ATENOLOL DENK 50 VRAC,ANTI-HYPERTENSEUR BETA-BLOQUANT,ATENOLOL,COMPRIME,50MG,10,COMPRIMES,BLISTER,GENERIQUE,790,790,80,TPC
0000244,NOVATEN 100,ANTI-HYPERTENSEUR BETA-BLOQUANT,ATENOLOL,Comprimé sec,100MG,28,COMPRIMÉS,BOITE,GENERIQUE,6715,5929,80,TPC
0000948,BLOKIUM 100,ANTI-HYPERTENSEUR BETA-BLOQUANT,ATENOLOL,Comprimé sec,100MG,15,COMPRIMÉS,BOITE,GENERIQUE,3225,3177,80,TPC
0000955,BLOKIUM 50,ANTI-HYPERTENSEUR BETA-BLOQUANT,ATENOLOL,Comprimé sec,50MG,15,COMPRIMÉS,BOITE,GENERIQUE,2330,1555,80,TPC
0000975,BLOKIUM 50,ANTI-HYPERTENSEUR BETA-BLOQUANT,ATENOLOL,Comprimé sec,50MG,30,COMPRIMÉS,BOITE,GENERIQUE,4215,3108,80,TPC
0000981,TENSICARD 50,ANTI-HYPERTENSEUR BETA-BLOQUANT,ATENOLOL,Comprimé sec,50MG,30,COMPRIMÉS,BOITE,GENERIQUE,2825,2825,80,TPC
0000987,NOVATEN 50,ANTI-HYPERTENSEUR BETA-BLOQUANT,ATENOLOL,COMPRIME,50MG,28,COMPRIMES,BOITE,GENERIQUE,3675,2896,80,TPC
0004436,CAPTENOL 100,ANTI-HYPERTENSEUR BETA-BLOQUANT,ATENOLOL,COMPRIME,100MG,30,COMPRIMES,BOITE,GENERIQUE,2185,2185,80,TPC
0003608,DETENSIEL 10,ANTI-HYPERTENSEUR BETA-BLOQUANT,BISOPROLOL,Comprimé sec,10MG,30,COMPRIMÉS,BOITE,GENERIQUE,4580,4580,80,TPC
0004082,BIBLOC 5,ANTI-HYPERTENSEUR BETA-BLOQUANT,BISOPROLOL,Comprimé sec,5MG,30,COMPRIMÉS,BOITE,GENERIQUE,2295,2295,80,TPC
0004083,BIBLOC 10,ANTI-HYPERTENSEUR BETA-BLOQUANT,BISOPROLOL,Comprimé sec,10MG,30,COMPRIMÉS,BOITE,GENERIQUE,4020,4020,80,TPC
0004088,CARVEDI DENK 25,ANTI-HYPERTENSEUR BETA-BLOQUANT,CARVEDILOL,Comprimé sec,25MG,30,COMPRIMÉS,BOITE,GENERIQUE,5740,5740,80,TPC
0004241,MET-XL 50,ANTI-HYPERTENSEUR BETA-BLOQUANT,METOPROLOL,COMPRIME,50MG,30,COMPRIMES,BOITE,GENERIQUE,3445,3445,80,TPC
0004242,MET-XL 100,ANTI-HYPERTENSEUR BETA-BLOQUANT,METOPROLOL,Comprimé sec,100MG,30,COMPRIMÉS,BOITE,GENERIQUE,5165,5165,80,TPC
0003457,TELMIKAA H 40/12.5,ANTI-HYPERTENSEUR BITHERAPIE ARA II+DIURETIQUE THIAZIDIQUE,TELMISARTAN+HYDROCHLOROTHIAZIDE,Comprimé sec,40MG/12.5MG,30,COMPRIMÉS,BOITE,GENERIQUE,11480,11480,80,TPC
0003627,TELMIKAA 40,ANTI-HYPERTENSEUR BITHERAPIE ARA II+DIURETIQUE THIAZIDIQUE,TELMISARTAN,Comprimé sec,40MG,30,COMPRIMÉS,BOITE,GENERIQUE,6885,6885,80,TPC
0000255,COLOSAR DENK 50/12.5,ANTI-HYPERTENSEUR BITHERAPIE ARA II+DIURETIQUE THIAZIDIQUE,LOSARTAN+HYDROCHLOROTHIAZIDE,Comprimé sec,50MG/12.5MG,28,COMPRIMÉS,BOITE,GENERIQUE,6085,5539,80,TPC
0003611,COLOSAR MEDIS 50/12.5,ANTI-HYPERTENSEUR BITHERAPIE ARA II+DIURETIQUE THIAZIDIQUE,LOSARTAN+HYDROCHLOROTHIAZIDE,Comprimé sec,50MG/12.5MG,30,COMPRIMÉS,BOITE,GENERIQUE,6770,5935,80,TPC
0003635,ZYLTAN H 50/12.5,ANTI-HYPERTENSEUR BITHERAPIE ARA II+DIURETIQUE THIAZIDIQUE,LOSARTAN+HYDROCHLOROTHIAZIDE,Comprimé sec,50MG/12.5MG,30,COMPRIMÉS,BOITE,GENERIQUE,5395,5395,80,TPC
0004226,ANGIZAAR-H 50/12.5,ANTI-HYPERTENSEUR BITHERAPIE ARA II+DIURETIQUE THIAZIDIQUE,LOSARTAN+HYDROCHLOROTHIAZIDE,Comprimé sec,50MG/12.5MG,30,COMPRIMÉS,BOITE,GENERIQUE,5970,5935,80,TPC
0004228,RAASAR-H 50/12.5,ANTI-HYPERTENSEUR BITHERAPIE ARA II+DIURETIQUE THIAZIDIQUE,LOSARTAN+HYDROCHLOROTHIAZIDE,Comprimé sec,50MG/12.5MG,30,COMPRIMÉS,BOITE,GENERIQUE,5165,5165,80,TPC
0000294,TENSICARD AM 50/5,ANTI-HYPERTENSEUR BITHERAPIE BETA-BLOQUANT+ICC,ATENOLOL+AMLODIPINE,Comprimé sec,50MG/5MG,30,COMPRIMÉS,BOITE,GENERIQUE,9760,9760,80,TPC
0003786,NOVATEN-AM 50/5,ANTI-HYPERTENSEUR BITHERAPIE BETA-BLOQUANT+ICC,ATENOLOL+AMLODIPINE,Comprimé sec,50MG/5MG,28,COMPRIMÉS,BOITE,GENERIQUE,6890,6890,80,TPC
0004029,AMLOSTAR PLUS 50/5,ANTI-HYPERTENSEUR BITHERAPIE BETA-BLOQUANT+ICC,ATENOLOL+AMLODIPINE,COMPRIME,50MG/5MG,30,COMPRIMES,BOITE,GENERIQUE,5740,5740,80,TPC
0004346,FIXOCARD VRAC 50/5,ANTI-HYPERTENSEUR BITHERAPIE BETA-BLOQUANT+ICC,ATENOLOL+AMLODIPINE,Comprimé sec,50MG/5MG,10,COMPRIMÉS,BLISTER,GENERIQUE,662,662,80,TPC
0004032,RAASAR-AM 5/50,ANTI-HYPERTENSEUR BITHERAPIE ICC+ARA II,AMLODIPINE+LOSARTAN,COMPRIME,5MG/50MG,30,COMPRIMES,BOITE,GENERIQUE,7460,7460,80,TPC
0004734,RAMITHIAZIDE 5/12.5,ANTI-HYPERTENSEUR BITHERAPIE IEC+DIURETIQUE THIAZIDIQUE,RAMIPRIL+ HYDROCHLOROTHIAZIDE,Comprimé sec,5MG/12.5MG,30,COMPRIMES,BOITE,GENERIQUE,2985,2985,80,TPC
0003441,RAMIZID HCT 2.5/12.5,ANTI-HYPERTENSEUR BITHERAPIE IEC+DIURETIQUE THIAZIDIQUE,RAMIPRIL+HYDROCHLOROTHIAZIDE,Comprimé sec,2.5MG/12.5MG,30,COMPRIMÉS,BOITE,GENERIQUE,3330,3330,80,TPC
0004289,RASGIL HTZ 5/12.5,ANTI-HYPERTENSEUR BITHERAPIE IEC+DIURETIQUE THIAZIDIQUE,RAMIPRIL+HYDROCHLOROTHIAZIDE,Comprimé sec,5MG/12.5MG,30,COMPRIMÉS,BOITE,GENERIQUE,3445,3445,80,TPC
0004290,RASGIL HTZ 5/25,ANTI-HYPERTENSEUR BITHERAPIE IEC+DIURETIQUE THIAZIDIQUE,RAMIPRIL+HYDROCHLOROTHIAZIDE,COMPRIME,5MG/25MG,30,COMPRIMES,BOITE,GENERIQUE,4935,4935,80,TPC
0004291,RASGIL HTZ 10/12.5,ANTI-HYPERTENSEUR BITHERAPIE IEC+DIURETIQUE THIAZIDIQUE,RAMIPRIL+HYDROCHLOROTHIAZIDE,Comprimé sec,10MG/12.5MG,30,COMPRIMÉS,BOITE,GENERIQUE,4935,4935,80,TPC
0004292,RASGIL HTZ 10/25,ANTI-HYPERTENSEUR BITHERAPIE IEC+DIURETIQUE THIAZIDIQUE,RAMIPRIL+HYDROCHLOROTHIAZIDE,Comprimé sec,10MG/25MG,30,COMPRIMÉS,BOITE,GENERIQUE,5280,5280,80,TPC
0004735,RAMITHIAZIDE 10/25,ANTI-HYPERTENSEUR BITHERAPIE IEC+DIURETIQUE THIAZIDIQUE,RAMIPRIL+HYDROCHLOROTHIAZIDE,Comprimé sec,10MG/25MG,30,COMPRIMES,BOITE,GENERIQUE,5740,5740,80,TPC
0003690,RAMIZID HCT,ANTI-HYPERTENSEUR BITHERAPIE IEC+DIURETIQUE THIAZIDIQUE APPARENTE,RAMIPRIL+HYDROCHLOROTHIAZIDE,Comprimé sec,5MG/25MG,30,COMPRIMÉS,BOITE,GENERIQUE,5740,5740,80,TPC
0000592,ENA HCT DENK 20/12.5,ANTI-HYPERTENSEUR BITHERAPIE IEC+DIURETIQUE THIAZIDIQUE APPARENTE,ENALAPRIL+HYDROCHLOROTHIAZIDE,Comprimé sec,20MG/12.5MG,30,COMPRIMÉS,BOITE,GENERIQUE,8610,8610,80,TPC
0001878,CAPTOPRIL HCT DENK 50/25,ANTI-HYPERTENSEUR BITHERAPIE IEC+DIURETIQUE THIAZIDIQUE APPARENTE,CAPTOPRIL+HYDROCHLOROTHIAZIDE,Comprimé sec,50MG/25MG,30,COMPRIMÉS,BOITE,GENERIQUE,4475,3597,80,TPC
0001901,CARDIURINE 50/25,ANTI-HYPERTENSEUR BITHERAPIE IEC+DIURETIQUE THIAZIDIQUE APPARENTE,CAPTOPRIL+HYDROCHLOROTHIAZIDE,Comprimé sec,50MG/25MG,30,COMPRIMÉS,BOITE,GENERIQUE,3270,3270,80,TPC
0004709,AMADAY PL 5/4,ANTI-HYPERTENSEUR BITHERAPIE IEC+ICC,AMLODIPINE+PERINDOPRIL ERBUMINE,Comprimé sec,5MG/4MG,30,COMPRIMES,BOITE,GENERIQUE,7175,7175,80,TPC
0004710,AMADAY PL 5/8,ANTI-HYPERTENSEUR BITHERAPIE IEC+ICC,AMLODIPINE+PERINDOPRIL ERBUMINE,Comprimé sec,5MG/8MG,30,COMPRIMES,BOITE,GENERIQUE,7750,7750,80,TPC
0004711,AMADAY PL 10/4,ANTI-HYPERTENSEUR BITHERAPIE IEC+ICC,AMLODIPINE+PERINDOPRIL ERBUMINE,Comprimé sec,10MG/4MG,30,COMPRIMES,BOITE,GENERIQUE,8035,8035,80,TPC
0004712,AMADAY PL 10/8,ANTI-HYPERTENSEUR BITHERAPIE IEC+ICC,AMLODIPINE+PERINDOPRIL ERBUMINE,Comprimé sec,10MG/8MG,30,COMPRIMES,BOITE,GENERIQUE,8320,8320,80,TPC
0000679,METHYLDOPA CREAT 250 VRAC,ANTI-HYPERTENSEUR CENTRAL,METHYLDOPA,Comprimé sec,250MG,10,COMPRIMÉS,BLISTER,GENERIQUE,490,490,80,TPC
C000266,METHYLDOPA 250MG,ANTI-HYPERTENSEUR CENTRAL,METHYLDOPA,COMPRIME,250MG,30,COMPRIMES,BLISTER,CAMEG,1500,1500,80,TPC
C000224,CLONIDINE 0.15MG,ANTI-HYPERTENSEUR CENTRAL,CLONIDINE,Solution Injectable,0.15MG,1,AMPOULE,BOITE,CAMEG,665,665,80,Remboursable
0000016,FUROSEMIDE CREAT 40 VRAC,ANTI-HYPERTENSEUR DIURETIQUE DE L'ANSE,FUROSEMIDE,COMPRIME,40MG,10,COMPRIMES,BLISTER,GENERIQUE,370,370,80,TPC
0002593,FURO DENK 40 VRAC,ANTI-HYPERTENSEUR DIURETIQUE DE L'ANSE,FUROSEMIDE,COMPRIME,40MG,10,COMPRIMES,BLISTER,GENERIQUE,670,670,80,TPC
0004655,RENNIXA 20 SOL INJ,ANTI-HYPERTENSEUR DIURETIQUE DE L'ANSE,FUROSEMIDE,SOLUTION INJECTABLE,20MG,5,AMPOULES,BOITE,GENERIQUE,1425,1425,80,Remboursable
0000411,TORAS DENK 5,ANTI-HYPERTENSEUR DIURETIQUE DE L'ANSE,TORASEMIDE,COMPRIME,5MG,30,COMPRIMES,BOITE,GENERIQUE,4075,4075,80,TPC
0003368,SUTRILNEO,ANTI-HYPERTENSEUR DIURETIQUE DE L'ANSE,TORASEMIDE,Comprimé sec,5MG,30,COMPRIMÉS,BOITE,GENERIQUE,2240,2240,80,TPC
0003505,TORAS DENK 10,ANTI-HYPERTENSEUR DIURETIQUE DE L'ANSE,TORASEMIDE,COMPRIME,10MG,30,COMPRIMES,BOITE,GENERIQUE,7000,7000,80,TPC
0003662,SUTRILNEO,ANTI-HYPERTENSEUR DIURETIQUE DE L'ANSE,TORASEMIDE,Comprimé sec,10MG,30,COMPRIMÉS,BOITE,GENERIQUE,3695,3695,80,TPC
C000115,FUROSEMIDE 20 SOL INJ,ANTI-HYPERTENSEUR DIURETIQUE DE L'ANSE,FUROSEMIDE,Solution Injectable,20MG,1,AMPOULE,BOITE,CAMEG,145,145,80,Remboursable
C000117,FUROSEMIDE 40MG VRAC,ANTI-HYPERTENSEUR DIURETIQUE DE L'ANSE,FUROSEMIDE,COMPRIME,40MG,10,COMPRIMES,BLISTER,CAMEG,240,240,80,TPC
0001692,ESIDREX 25,ANTI-HYPERTENSEUR DIURETIQUE THIAZIDIQUE,HYDROCHLOROTHIAZIDE,COMPRIME,25MG,20,COMPRIMES,BOITE,GENERIQUE,1930,1930,80,TPC
0001784,AMAPINE 10,ANTI-HYPERTENSEUR ICC,AMLODIPINE,Comprimé sec,10MG,10,COMPRIMÉS,BOITE,GENERIQUE,700,638,80,TPC
0001791,AMLIBON 10,ANTI-HYPERTENSEUR ICC,AMLODIPINE,Comprimé sec,10MG,30,COMPRIMÉS,BOITE,GENERIQUE,5165,1914,80,TPC
0001836,AMADAY 10,ANTI-HYPERTENSEUR ICC,AMLODIPINE,Comprimé sec,10MG,30,COMPRIMÉS,BOITE,GENERIQUE,4020,1914,80,TPC
0001853,AMAPINE 5,ANTI-HYPERTENSEUR ICC,AMLODIPINE,Comprimé sec,5MG,10,COMPRIMÉS,BOITE,GENERIQUE,425,292,80,TPC
0001894,AMCARD 5,ANTI-HYPERTENSEUR ICC,AMLODIPINE,Comprimé sec,5MG,28,COMPRIMÉS,BOITE,GENERIQUE,5160,832,80,TPC
0001902,AMLIBON 5,ANTI-HYPERTENSEUR ICC,AMLODIPINE,Comprimé sec,5MG,30,COMPRIMÉS,BOITE,GENERIQUE,3100,875,80,TPC
0001940,LOPINE 5,ANTI-HYPERTENSEUR ICC,AMLODIPINE,Comprimé sec,5MG,30,COMPRIMÉS,BOITE,GENERIQUE,5165,875,80,TPC
0002064,AMLOTENSINE 5,ANTI-HYPERTENSEUR ICC,AMLODIPINE,Comprimé sec,5MG,30,COMPRIMÉS,BOITE,GENERIQUE,1780,875,80,TPC
0002559,AMADAY 5,ANTI-HYPERTENSEUR ICC,AMLODIPINE,Comprimé sec,5MG,30,COMPRIMÉS,BOITE,GENERIQUE,2870,875,80,TPC
0003088,AMLOPRESS 5 VRAC,ANTI-HYPERTENSEUR ICC,AMLODIPINE,Comprimé sec,5MG,10,COMPRIMÉS,BLISTER,GENERIQUE,265,265,80,TPC
0003089,AMLOPRESS 10 VRAC,ANTI-HYPERTENSEUR ICC,AMLODIPINE,Comprimé sec,10MG,10,COMPRIMÉS,BLISTER,GENERIQUE,575,575,80,TPC
0003382,AMLOCLASS 10 MG,ANTI-HYPERTENSEUR ICC,AMLODIPINE,Comprimé sec,10MG,30,COMPRIMÉS,BOITE,GENERIQUE,2050,1914,80,TPC
0003408,AMLOSTAR 5,ANTI-HYPERTENSEUR ICC,AMLODIPINE,Comprimé sec,5MG,30,COMPRIMÉS,BOITE,GENERIQUE,4590,875,80,TPC
0003452,AMLOCLASS 5,ANTI-HYPERTENSEUR ICC,AMLODIPINE,Comprimé sec,5MG,30,COMPRIMÉS,BOITE,GENERIQUE,1345,875,80,TPC
0003561,AMLOSTAR 10,ANTI-HYPERTENSEUR ICC,AMLODIPINE,Comprimé sec,10MG,30,COMPRIMÉS,BOITE,GENERIQUE,5740,1914,80,TPC
0003804,CALCHEK 5,ANTI-HYPERTENSEUR ICC,AMLODIPINE,Comprimé sec,5MG,30,COMPRIMÉS,BOITE,GENERIQUE,4385,875,80,TPC
0003805,CALCHEK 10,ANTI-HYPERTENSEUR ICC,AMLODIPINE,Comprimé sec,10MG,30,COMPRIMÉS,BOITE,GENERIQUE,6890,1914,80,TPC
0004025,AMLONG 5,ANTI-HYPERTENSEUR ICC,AMLODIPINE,Comprimé sec,5MG,30,COMPRIMÉS,BOITE,GENERIQUE,2625,875,80,TPC
0004026,AMLONG 10,ANTI-HYPERTENSEUR ICC,AMLODIPINE,Comprimé sec,10MG,30,COMPRIMÉS,BOITE,GENERIQUE,3850,1914,80,TPC
0004027,AMLONOVA 10,ANTI-HYPERTENSEUR ICC,AMLODIPINE,Comprimé sec,10MG,30,COMPRIMÉS,BOITE,GENERIQUE,2260,1914,80,TPC
0004028,AMLONOVA 5,ANTI-HYPERTENSEUR ICC,AMLODIPINE,Comprimé sec,5MG,30,COMPRIMÉS,BOITE,GENERIQUE,1010,875,80,TPC
0004343,ASOMEX 5 VRAC,ANTI-HYPERTENSEUR ICC,AMLODIPINE,Comprimé sec,5MG,10,COMPRIMÉS,BLISTER,GENERIQUE,2755,292,80,TPC
0004344,AMLO-DENK 5 VRAC,ANTI-HYPERTENSEUR ICC,AMLODIPINE,Comprimé sec,5MG,10,COMPRIMÉS,BLISTER,GENERIQUE,1515,292,80,TPC
0004345,AMLO-DENK 10 VRAC,ANTI-HYPERTENSEUR ICC,AMLODIPINE,COMPRIME,10MG,10,COMPRIMES,BLISTER,GENERIQUE,1840,638,80,TPC
0004419,AMLOTOME 5 VRAC,ANTI-HYPERTENSEUR ICC,AMLODIPINE,COMPRIME,5MG,10,COMPRIMES,BLISTER,GENERIQUE,225,225,80,TPC
0004466,FAIRDIPIN 5 VRAC,ANTI-HYPERTENSEUR ICC,AMLODIPINE,Comprimé sec,5MG,10,COMPRIMES,BLISTER,GENERIQUE,345,292,80,TPC
0001589,NIFEDIPINE DENK 20 VRAC,ANTI-HYPERTENSEUR ICC,NIFEDIPINE,COMPRIME LP,20MG,10,COMPRIMES,BLISTER,GENERIQUE,690,690,80,TPC
0001653,NIFEDIPINE DENK 10MG VRAC,ANTI-HYPERTENSEUR ICC,NIFEDIPINE,COMPRIME,10MG,10,COMPRIMES,BLISTER,GENERIQUE,475,475,80,TPC
0003522,NIFEDIPINE TM 20,ANTI-HYPERTENSEUR ICC,NIFEDIPINE,Comprimé sec,20MG,100,COMPRIMÉS,BOITE,GENERIQUE,3675,3675,80,TPC
0003796,ADALATE LA,ANTI-HYPERTENSEUR ICC,NIFEDIPINE,COMPRIME LP,30MG,30,COMPRIMÉS,BOITE,GENERIQUE,10405,10405,80,TPC
0004379,NIFETAB-RETARD 20 VRAC,ANTI-HYPERTENSEUR ICC,NIFEDIPINE,COMPRIME,20MG,30,COMPRIMES,BLISTER,GENERIQUE,205,176,80,TPC
0004380,NIFEDIPINE TM 20 VRAC,ANTI-HYPERTENSEUR ICC,NIFEDIPINE,COMPRIME,20MG,20,COMPRIMES,BLISTER,GENERIQUE,735,735,80,TPC
0001835,ISOPTINE 240 LP,ANTI-HYPERTENSEUR ICC,VERAPAMIL,COMPRIME,240MG,30,COMPRIMES,BOITE,GENERIQUE,5565,5565,80,TPC
0002339,ZANIDIP 10,ANTI-HYPERTENSEUR ICC,LERCANIDIPINE,Comprimé sec,10MG,28,COMPRIMÉS,BOITE,GENERIQUE,10755,10755,80,TPC
C000019,NIFEDIPINE 20MG,ANTI-HYPERTENSEUR ICC,NIFEDIPINE,COMPRIME LP,20MG,30,COMPRIMÉS,BOITE,CAMEG,450,450,80,TPC
C000008,NICARDIPINE 10MG SOL INJ,ANTI-HYPERTENSEUR ICC,NICARDIPINE,Solution Injectable,10MG,1,AMPOULE,BOITE,CAMEG,1300,1300,80,Remboursable
0004350,CAPTOPRIL TM 25 VRAC,ANTI-HYPERTENSEUR IEC,CAPTOPRIL,COMPRIME,25MG,10,COMPRIMES,BLISTER,GENERIQUE,440,440,80,TPC
0004351,CAPTOPRIL DENK 25 VRAC,ANTI-HYPERTENSEUR IEC,CAPTOPRIL,COMPRIME,25MG,10,COMPRIMES,BLISTER,GENERIQUE,715,715,80,TPC
0000580,ENA DENK 10,ANTI-HYPERTENSEUR IEC,ENALAPRIL,Comprimé sec,10MG,30,COMPRIMÉS,BOITE,GENERIQUE,4475,4475,80,TPC
0001528,ENA DENK 20,ANTI-HYPERTENSEUR IEC,ENALAPRIL,Comprimé sec,20MG,30,COMPRIMÉS,BOITE,GENERIQUE,7635,7635,80,TPC
0004473,FAIRPRIL 5 VRAC,ANTI-HYPERTENSEUR IEC,ENALAPRIL,COMPRIME,5MG,10,COMPRIMES,BLISTER,GENERIQUE,605,605,80,TPC
0004216,LISINOVA 10,ANTI-HYPERTENSEUR IEC,LISINOPRIL,COMPRIME,10MG,30,COMPRIMES,BOITE,GENERIQUE,2275,2275,80,TPC
0004217,LISINOVA 20,ANTI-HYPERTENSEUR IEC,LISINOPRIL,COMPRIME,20MG,30,COMPRIMES,BOITE,GENERIQUE,3775,3775,80,TPC
0004218,LISINOVA 5,ANTI-HYPERTENSEUR IEC,LISINOPRIL,COMPRIME,5MG,30,COMPRIMES,BOITE,GENERIQUE,1965,1965,80,TPC
0004285,RASGIL 1.25,ANTI-HYPERTENSEUR IEC,RAMIPRIL,GELULE,1.25MG,30,GELULE,BOITE,GENERIQUE,3730,3730,80,TPC
0004286,RASGIL 10,ANTI-HYPERTENSEUR IEC,RAMIPRIL,GELULE,10MG,30,GELULES,BOITE,GENERIQUE,6200,6200,80,TPC
0004287,RASGIL 2.5,ANTI-HYPERTENSEUR IEC,RAMIPRIL,GELULE,2.5MG,30,GELULES,BOITE,GENERIQUE,4300,4300,80,TPC
0004288,RASGIL 5,ANTI-HYPERTENSEUR IEC,RAMIPRIL,GELULE,5MG,30,GELULES,BOITE,GENERIQUE,5165,5165,80,TPC
0004631,RAMIZID,ANTI-HYPERTENSEUR IEC,RAMIPRIL,Comprimé sec,10MG,30,COMPRIMÉS,BOITE,GENERIQUE,9355,9355,80,TPC
0004632,RAMIZID 5,ANTI-HYPERTENSEUR IEC,RAMIPRIL,COMPRIME,5MG,30,COMPRIMES,BOITE,GENERIQUE,6200,5682,80,TPC
C000408,ENALAPRIL 20MG,ANTI-HYPERTENSEUR IEC,ENALAPRIL,Comprimé,20MG,30,COMPRIMES,BLISTER,CAMEG,1950,1950,80,Remboursable
0003453,ACOFAN 100,ANTI-INFLAMMATOIRE AINS,ACECLOFENAC,Comprimé sec,100MG,30,COMPRIMÉS,BOITE,GENERIQUE,2755,2755,80,Remboursable
0000012,ACTINAC 100,ANTI-INFLAMMATOIRE AINS,ACECLOFENAC,Comprimé sec,100MG,30,COMPRIMÉS,BOITE,GENERIQUE,5165,3036,80,Remboursable
0000019,AIRTAL 100,ANTI-INFLAMMATOIRE AINS,ACECLOFENAC,Comprimé sec,100MG,40,COMPRIMÉS,BOITE,GENERIQUE,10560,4048,80,Remboursable
0000023,ZERODOL 100,ANTI-INFLAMMATOIRE AINS,ACECLOFENAC,Comprimé sec,100MG,10,COMPRIMÉS,BOITE,GENERIQUE,2630,1012,80,Remboursable
0001103,AIRTAL 100,ANTI-INFLAMMATOIRE AINS,ACECLOFENAC,Comprimé sec,100MG,10,COMPRIMÉS,BOITE,GENERIQUE,2995,1012,80,Remboursable
0002557,ZERODOL 100,ANTI-INFLAMMATOIRE AINS,ACECLOFENAC,Comprimé sec,100MG,30,COMPRIMÉS,BOITE,GENERIQUE,7345,3036,80,Remboursable
0003348,ACENLAND 100,ANTI-INFLAMMATOIRE AINS,ACECLOFENAC,Comprimé sec,100MG,10,COMPRIMÉS,BOITE,GENERIQUE,1310,1012,80,Remboursable
0003278,IBUPROFENE UBI 400 VRAC,ANTI-INFLAMMATOIRE AINS,IBUPROFENE,Comprimé sec,400MG,10,COMPRIMÉS,BLISTER,GENERIQUE,140,140,80,Remboursable
0003723,ACEFLAMEX 100,ANTI-INFLAMMATOIRE AINS,ACECLOFENAC,Comprimé sec,100MG,20,Unite (s),BOITE,GENERIQUE,2295,2024,80,Remboursable
0003789,ACTINAC 100,ANTI-INFLAMMATOIRE AINS,ACECLOFENAC,Comprimé sec,100MG,10,COMPRIMÉS,BOITE,GENERIQUE,2125,1012,80,Remboursable
0003881,ZERODOL CR 200,ANTI-INFLAMMATOIRE AINS,ACECLOFENAC,COMPRIME LP,200MG,10,COMPRIMÉS,BOITE,GENERIQUE,3560,3560,80,Remboursable
0003970,ALTRAFLAM 100,ANTI-INFLAMMATOIRE AINS,ACECLOFENAC,Comprimé sec,100MG,10,COMPRIMÉS,BOITE,GENERIQUE,2100,1012,80,Remboursable
0003972,VOVNAC 100,ANTI-INFLAMMATOIRE AINS,ACECLOFENAC,Comprimé sec,100MG,30,COMPRIMÉS,BOITE,GENERIQUE,3445,3036,80,Remboursable
0000564,TRIFENE 200,ANTI-INFLAMMATOIRE AINS,IBUPROFENE,Comprimé sec,200MG,20,COMPRIMÉS,BOITE,GENERIQUE,1320,264,80,Remboursable
0000581,PEDIFEN 400,ANTI-INFLAMMATOIRE AINS,IBUPROFENE,Comprimé sec,400MG,30,COMPRIMÉS,BOITE,GENERIQUE,2015,792,80,Remboursable
0000590,APIFEN 400,ANTI-INFLAMMATOIRE AINS,IBUPROFENE,Comprimé sec,400MG,30,COMPRIMÉS,BOITE,GENERIQUE,2100,792,80,Remboursable
0000599,IBUFEN 400,ANTI-INFLAMMATOIRE AINS,IBUPROFENE,Comprimé sec,400MG,20,COMPRIMÉS,BOITE,GENERIQUE,1720,528,80,Remboursable
0000606,IBUPROFENE TM 400,ANTI-INFLAMMATOIRE AINS,IBUPROFENE,Comprimé sec,400MG,20,COMPRIMÉS,BOITE,GENERIQUE,485,485,80,Remboursable
0000610,IBUPROFENE DENK ,ANTI-INFLAMMATOIRE AINS,IBUPROFENE,Comprimé sec,400MG,10,COMPRIMÉS,BLISTER,GENERIQUE,505,505,80,Remboursable
0000613,PAIDOFEBRIL,ANTI-INFLAMMATOIRE AINS,IBUPROFENE,Suspension buvable,100MG/5ML,200,MILLILITRES,FLACON,GENERIQUE,2295,2295,80,Remboursable
0000645,PEDIFEN 100MG/5ML,ANTI-INFLAMMATOIRE AINS,IBUPROFENE,Suspension buvable,100MG/5ML,100,MILLILITRES,FLACON,GENERIQUE,2275,1210,80,Remboursable
0000648,SIROFEN 100MG/5ML,ANTI-INFLAMMATOIRE AINS,IBUPROFENE,Suspension buvable,100MG/5ML,150,MILLILITRES,FLACON,GENERIQUE,2125,1815,80,Remboursable
0000651,BRUFEN 400,ANTI-INFLAMMATOIRE AINS,IBUPROFENE,Comprimé sec,400MG,30,COMPRIMÉS,BOITE,GENERIQUE,2235,792,80,Remboursable
0000655,BUFALGAN 400,ANTI-INFLAMMATOIRE AINS,IBUPROFENE,Comprimé sec,400MG,30,COMPRIMÉS,BOITE,GENERIQUE,2260,792,80,Remboursable
0000659,BRUFEN 100MG/5ML,ANTI-INFLAMMATOIRE AINS,IBUPROFENE,Suspension buvable,100MG/5ML,100,MILLILITRES,FLACON,GENERIQUE,2800,1210,80,Remboursable
0000671,SPIFEN 400,ANTI-INFLAMMATOIRE AINS,IBUPROFENE,Comprimé sec,400MG,20,COMPRIMÉS,BOITE,GENERIQUE,1860,528,80,Remboursable
0003721,BD-FEN 400,ANTI-INFLAMMATOIRE AINS,IBUPROFENE,Comprimé sec,400MG,20,COMPRIMÉS,BOITE,GENERIQUE,2205,528,80,Remboursable
0001100,KETONAL 100MG/2ML,ANTI-INFLAMMATOIRE AINS,KETOPROFENE,Solution Injectable,100MG/2ML,1,AMPOULE,BOITE,GENERIQUE,690,690,80,Remboursable
0004199,IBUFEN 100MG/5ML,ANTI-INFLAMMATOIRE AINS,IBUPROFENE,Suspension buvable,100MG/5ML,200,MILLILITRES,FLACON,GENERIQUE,2410,2410,80,Remboursable
0003364,PROKEFEN 100,ANTI-INFLAMMATOIRE AINS,KETOPROFENE,COMPRIME DISPERSIBLE,100MG,30,COMPRIMÉS,BOITE,GENERIQUE,1460,1460,80,Remboursable
0004653,IBUX 100MG/5ML,ANTI-INFLAMMATOIRE AINS,IBUPROFENE,SUSPENSION BUVABLE,100MG/5ML,120,Millilitre (s),FLACON,GENERIQUE,1720,1452,80,Remboursable
0004794,ALGOFENE 100MG/5ML,ANTI-INFLAMMATOIRE AINS,IBUPROFENE,Solution buvable,100MG/5ML,150,MILLILITRES,FLACON,GENERIQUE,1720,1720,80,Remboursable
0001071,KETONAL 100,ANTI-INFLAMMATOIRE AINS,KETOPROFENE,Comprimé sec,100MG,20,COMPRIMÉS,BOITE,GENERIQUE,1950,1071,80,Remboursable
0004209,PROKEFEN 100 SUPPO,ANTI-INFLAMMATOIRE AINS,KETOPROFENE,SUPPOSITOIRE,100MG,10,SUPPOSITOIRES,BOITE,GENERIQUE,1400,1400,80,Remboursable
0003298,KETOPROFENE UBI 100 VRAC,ANTI-INFLAMMATOIRE AINS,KETOPROFENE,Comprimé sec,100MG,10,COMPRIMÉS,BLISTER,GENERIQUE,525,525,80,Remboursable
0003314,PROKEFEN 100MG/2ML,ANTI-INFLAMMATOIRE AINS,KETOPROFENE,Solution Injectable,100MG/2ML,1,AMPOULE,BOITE,GENERIQUE,735,735,80,Remboursable
0004796,KETOFLEX SUPPO,ANTI-INFLAMMATOIRE AINS,KETOPROFENE,SUPPOSITOIRE,100MG,10,SUPPOSITOIRES,BOITE,GENERIQUE,1550,1550,80,Remboursable
0000044,DIFENASOL 0.1%,ANTI-INFLAMMATOIRE AINS,DICLOFENAC,COLLYRE,0.1%,5,MILLILITRES,FLACON,GENERIQUE,885,885,80,Remboursable
0003276,DICLOFENAC UBI 75,ANTI-INFLAMMATOIRE AINS,DICLOFENAC,Solution Injectable,75MG,1,AMPOULE,BOITE,GENERIQUE,175,175,80,Remboursable
0000021,VOLTFAST 50,ANTI-INFLAMMATOIRE AINS,DICLOFENAC,SACHET POUDRE,50MG,9,SACHETS,BOITE,GENERIQUE,2895,198,80,Remboursable
0000027,OLFEN 75,ANTI-INFLAMMATOIRE AINS,DICLOFENAC,Solution Injectable,75MG,1,AMPOULE,BOITE,GENERIQUE,575,193,80,Remboursable
0000058,DICLAC,ANTI-INFLAMMATOIRE AINS,DICLOFENAC,Comprimé sec,50MG,20,COMPRIMÉS,BOITE,GENERIQUE,2525,440,80,Remboursable
0000063,DICLOFEN 50,ANTI-INFLAMMATOIRE AINS,DICLOFENAC,Comprimé sec,50MG,30,COMPRIMÉS,BOITE,GENERIQUE,990,660,80,Remboursable
0000069,DIFLAMEX 50,ANTI-INFLAMMATOIRE AINS,DICLOFENAC,Comprimé sec,50MG,40,COMPRIMÉS,BOITE,GENERIQUE,4015,880,80,Remboursable
0000074,DOLOTREN 50,ANTI-INFLAMMATOIRE AINS,DICLOFENAC,Comprimé sec,50MG,20,COMPRIMÉS,BOITE,GENERIQUE,1885,440,80,Remboursable
0000080,DOLEX 50,ANTI-INFLAMMATOIRE AINS,DICLOFENAC,Comprimé sec,50MG,30,COMPRIMÉS,BOITE,GENERIQUE,1435,660,80,Remboursable
0000084,DICLOFENAC TM 50,ANTI-INFLAMMATOIRE AINS,DICLOFENAC,Comprimé sec,50MG,40,COMPRIMÉS,BOITE,GENERIQUE,810,810,80,Remboursable
0000709,DICLO DENK 50 VRAC,ANTI-INFLAMMATOIRE AINS,DICLOFENAC,Comprimé sec,50MG,10,COMPRIMÉS,BLISTER,GENERIQUE,445,440,80,Remboursable
0000716,DICLOWAL 50,ANTI-INFLAMMATOIRE AINS,DICLOFENAC,Comprimé sec,50MG,20,COMPRIMÉS,BOITE,GENERIQUE,2010,440,80,Remboursable
0000795,DOLOTREN 75,ANTI-INFLAMMATOIRE AINS,DICLOFENAC,Solution Injectable,75MG,1,AMPOULE,BOITE,GENERIQUE,440,193,80,Remboursable
0000800,DICLO DENK 75,ANTI-INFLAMMATOIRE AINS,DICLOFENAC,Solution Injectable,75MG,1,AMPOULE,BOITE,GENERIQUE,295,193,80,Remboursable
0000803,DICLOWAL 75,ANTI-INFLAMMATOIRE AINS,DICLOFENAC,Solution Injectable,75MG,1,AMPOULE,BOITE,GENERIQUE,380,193,80,Remboursable
0001010,CATAFLAM 50,ANTI-INFLAMMATOIRE AINS,DICLOFENAC,Comprimé sec,50MG,20,COMPRIMÉS,BOITE,GENERIQUE,3260,440,80,Remboursable
0001016,OLFEN 50,ANTI-INFLAMMATOIRE AINS,DICLOFENAC,Comprimé sec,50MG,20,COMPRIMÉS,BOITE,GENERIQUE,2640,440,80,Remboursable
0002604,DICLAC,ANTI-INFLAMMATOIRE AINS,DICLOFENAC,Solution Injectable,75MG,1,AMPOULE,BOITE,GENERIQUE,745,193,80,Remboursable
0003107,DYNAPAR EC 50,ANTI-INFLAMMATOIRE AINS,DICLOFENAC,Comprimé sec,50MG,10,COMPRIMÉS,BLISTER,GENERIQUE,530,220,80,Remboursable
0003287,DICLOFENAC UBI 50 VRAC,ANTI-INFLAMMATOIRE AINS,DICLOFENAC,Comprimé sec,50MG,10,COMPRIMÉS,BOITE,GENERIQUE,310,220,80,Remboursable
0003889,DYNAPAR AQ 75,ANTI-INFLAMMATOIRE AINS,DICLOFENAC,Solution Injectable,75MG,1,AMPOULE,BOITE,GENERIQUE,640,193,80,Remboursable
C000175,IBUPROFENE 400MG,ANTI-INFLAMMATOIRE AINS,IBUPROFENE,COMPRIME,400MG,10,COMPRIMES,BLISTER,CAMEG,150,150,80,Remboursable
0004132,DICLO PHARMA 5,ANTI-INFLAMMATOIRE AINS,DICLOFENAC,Comprimé sec,50MG,20,COMPRIMÉS,BOITE,GENERIQUE,2125,440,80,Remboursable
0004134,DICLO PHARMA 5 SOL INJ,ANTI-INFLAMMATOIRE AINS,DICLOFENAC,Solution Injectable,75MG,1,AMPOULE,BOITE,GENERIQUE,416,193,80,Remboursable
C000382,IBUPROFENE 200,ANTI-INFLAMMATOIRE AINS,IBUPROFENE,COMPRIME,200MG,10,COMPRIMES,BLISTER,CAMEG,120,120,80,Remboursable
C000051,DICLOFENAC 50,ANTI-INFLAMMATOIRE AINS,DICLOFENAC,COMPRIME,50MG,10,COMPRIMES,BLISTER,CAMEG,150,150,80,Remboursable
C000410,DICLOFENAC 75,ANTI-INFLAMMATOIRE AINS,DICLOFENAC,SOLUTION INJECTABLE,75MG,1,AMPOULE,BOITE,CAMEG,215,215,80,Remboursable
0000694,PROFENOL 400/325,ANTI-INFLAMMATOIRE AINS+ANALGESIQUE NON OPIOIDE P1 ANTI-PYRETIQUE,IBUPROFENE+PARACETAMOL,Comprimé sec,400MG/325MG,20,COMPRIMÉS,BOITE,GENERIQUE,1490,1490,80,Remboursable
0000678,SUPAFEN 400/300,ANTI-INFLAMMATOIRE AINS+ANALGESIQUE NON OPIOIDE P1 ANTI-PYRETIQUE,IBUPROFENE+PARACETAMOL,Comprimé sec,300MG/400MG,10,COMPRIMÉS,BOITE,GENERIQUE,870,820,80,Remboursable
0000683,PAINEX 400/325,ANTI-INFLAMMATOIRE AINS+ANALGESIQUE NON OPIOIDE P1 ANTI-PYRETIQUE,IBUPROFENE+PARACETAMOL,Comprimé sec,400MG/325MG,10,COMPRIMÉS,BOITE,GENERIQUE,900,820,80,Remboursable
0000728,IBUMOL 100MG/162.5MG,ANTI-INFLAMMATOIRE AINS+ANALGESIQUE NON OPIOIDE P1 ANTI-PYRETIQUE,IBUPROFENE+PARACETAMOL,Solution buvable,100MG/162.5MG,60,MILLILITRES,FLACON,GENERIQUE,1260,1260,80,Remboursable
0000700,BRUSTAN 400/325,ANTI-INFLAMMATOIRE AINS+ANALGESIQUE NON OPIOIDE P1 ANTI-PYRETIQUE,IBUPROFENE+PARACETAMOL,Comprimé sec,400MG/325MG,10,COMPRIMÉS,BOITE,GENERIQUE,1125,820,80,Remboursable
0000706,IBUMOL 400/500,ANTI-INFLAMMATOIRE AINS+ANALGESIQUE NON OPIOIDE P1 ANTI-PYRETIQUE,IBUPROFENE+PARACETAMOL,Comprimé sec,400MG/500MG,10,COMPRIMÉS,BOITE,GENERIQUE,1260,820,80,Remboursable
0000710,IBUMOL 400/500,ANTI-INFLAMMATOIRE AINS+ANALGESIQUE NON OPIOIDE P1 ANTI-PYRETIQUE,IBUPROFENE+PARACETAMOL,Comprimé sec,400MG/500MG,30,COMPRIMÉS,BOITE,GENERIQUE,2630,2459,80,Remboursable
0000753,BRUSTAN 100/125,ANTI-INFLAMMATOIRE AINS+ANALGESIQUE NON OPIOIDE P1 ANTI-PYRETIQUE,IBUPROFENE+PARACETAMOL,Suspension buvable,100MG/125MG,100,MILLILITRES,FLACON,GENERIQUE,1230,1230,80,Remboursable
0003356,LEXOFEN PLUS 400/500,ANTI-INFLAMMATOIRE AINS+ANALGESIQUE NON OPIOIDE P1 ANTI-PYRETIQUE,IBUPROFENE+PARACETAMOL,Comprimé sec,400MG/500MG,20,COMPRIMÉS,BOITE,GENERIQUE,1380,1380,80,Remboursable
0004657,PANTEK PLUS 100/162.5MG,ANTI-INFLAMMATOIRE AINS+ANALGESIQUE NON OPIOIDE P1 ANTI-PYRETIQUE,IBUPROFENE+PARACETAMOL,Solution buvable,"100MG/162,5MG",100,Millilitre (s),FLACON,GENERIQUE,885,885,80,Remboursable
0000758,PROFENOL 100/125,ANTI-INFLAMMATOIRE AINS+ANALGESIQUE NON OPIOIDE P1 ANTI-PYRETIQUE,IBUPROFENE+PARACETAMOL,Suspension buvable,100MG/125MG,100,MILLILITRES,FLACON,GENERIQUE,1575,1353,80,Remboursable
0003357,LEXOFEN PLUS 100/125,ANTI-INFLAMMATOIRE AINS+ANALGESIQUE NON OPIOIDE P1 ANTI-PYRETIQUE,IBUPROFENE+PARACETAMOL,Suspension buvable,100MG/125MG,100,MILLILITRES,FLACON,GENERIQUE,1380,1353,80,Remboursable
0004201,BRUSTAN 400/325,ANTI-INFLAMMATOIRE AINS+ANALGESIQUE NON OPIOIDE P1 ANTI-PYRETIQUE,IBUPROFENE+PARACETAMOL,Comprimé sec,400MG/325MG,20,COMPRIMÉS,BOITE,GENERIQUE,2100,1639,80,Remboursable
0004202,GENFORTE 400/500,ANTI-INFLAMMATOIRE AINS+ANALGESIQUE NON OPIOIDE P1 ANTI-PYRETIQUE,IBUPROFENE+PARACETAMOL,Comprimé sec,400MG/500MG,10,COMPRIMÉS,BOITE,GENERIQUE,805,805,80,Remboursable
0004203,KILMOL 400/325,ANTI-INFLAMMATOIRE AINS+ANALGESIQUE NON OPIOIDE P1 ANTI-PYRETIQUE,IBUPROFENE+PARACETAMOL,Comprimé sec,400MG/325MG,30,COMPRIMÉS,BOITE,GENERIQUE,2295,2295,80,Remboursable
0001571,MEGAMYLASE 3000UI,ANTI-INFLAMMATOIRE ENZYMATIQUE,ALPHA AMYLASE,Comprimé sec,3000UI,24,COMPRIMÉS,BOITE,GENERIQUE,3385,3295,80,Remboursable
0001615,MEGAMYLASE 200UI/5ML,ANTI-INFLAMMATOIRE ENZYMATIQUE,ALPHA AMYLASE,Solution buvable,200UI/5ML,125,MILLILITRES,FLACON,GENERIQUE,2185,2185,80,Remboursable
0001111,KETONAL SUPPO,ANTI-INFLAMMATOIRE LOCAL AINS,KETOPROFENE,SUPPOSITOIRE,100MG,12,SUPPOSITOIRES,BOITE,GENERIQUE,2030,2030,80,Remboursable
0004133,DICLO PHARMA 5 SUPPO,ANTI-INFLAMMATOIRE LOCAL AINS,DICLOFENAC,SUPPOSITOIRE,100MG,10,SUPPOSITOIRES,BOITE,GENERIQUE,1830,1830,80,Remboursable
0000672,OLFEN SUPPO,ANTI-INFLAMMATOIRE LOCAL AINS,DICLOFENAC,SUPPOSITOIRE,100MG,5,SUPPOSITOIRES,BOITE,GENERIQUE,1720,1155,80,Remboursable
0000812,DICLO DENK SUPPO,ANTI-INFLAMMATOIRE LOCAL AINS,DICLOFENAC,SUPPOSITOIRE,100MG,10,SUPPOSITOIRE,BOITE,GENERIQUE,2630,2310,80,Remboursable
0000826,DOLOTREN SUPPO,ANTI-INFLAMMATOIRE LOCAL AINS,DICLOFENAC,SUPPOSITOIRE,100MG,12,SUPPOSITOIRES,BOITE,GENERIQUE,2525,2525,80,Remboursable
0000832,DICLAC SUPPO,ANTI-INFLAMMATOIRE LOCAL AINS,DICLOFENAC,SUPPOSITOIRE,100MG,10,SUPPOSITOIRES,BOITE,GENERIQUE,2525,2310,80,Remboursable
0000836,DICLOWAL SUPPO,ANTI-INFLAMMATOIRE LOCAL AINS,DICLOFENAC,SUPPOSITOIRE,100MG,10,SUPPOSITOIRES,BOITE,GENERIQUE,2195,2195,80,Remboursable
0003844,ORCHAPRED 0.5%,ANTI-INFLAMMATOIRE LOCAL AINS,PREDNISOLONE,GEL OPHTALMIQUE,0.5%,5,GRAMMES,Tube,GENERIQUE,2800,2800,80,Remboursable
0004459,DICLODEX 0.1%,ANTI-INFLAMMATOIRE LOCAL AINS,DICLOFENAC,COLLYRE,0.1%,5,MILLILITRES,FLACON,GENERIQUE,1600,974,80,Remboursable
0004547,RETIFEN 0.1%,ANTI-INFLAMMATOIRE LOCAL AINS,DICLOFENAC,COLLYRE,0.1%,5,MILLILITRES,FLACON,GENERIQUE,1435,974,80,Remboursable
0000333,MANNITOL 20% SOL PERF,ANTI-OEDEMATEUX DIURETIQUE OSMOTIQUE,MANNITOL,Solution pour perfusion,20%,500,MILLILITRES,FLACON,GENERIQUE,1745,1745,80,Remboursable
C000251,MANNITOL 10%,ANTI-OEDEMATEUX DIURETIQUE OSMOTIQUE,MANNITOL,Solution pour perfusion,10%,500,MILLILITRES,FLACON,CAMEG,1440,1440,80,Remboursable
0000330,MANNITOL 10% SOL PERF,ANTI-OEDEMATEUX DIURETIQUE OSMOTIQUE,MANNITOL,Solution pour perfusion,10%,500,MILLILITRES,FLACON,GENERIQUE,2730,1584,80,Remboursable
C000253,MANNITOL 20% SOL POUR PERF,ANTI-OEDEMATEUX DIURETIQUE OSMOTIQUE,MANNITOL,Solution pour perfusion,20%,500,MILLILITRES,FLACON,CAMEG,1800,1800,80,Remboursable
0003469,BIFOSA 70,ANTI-OSTEOPOROSE,ALENDRONATE SODIQUE,Comprimé sec,70MG,4,COMPRIMÉS,BOITE,GENERIQUE,6890,6890,80,Entente prealable
0003626,BIFOSA 35,ANTI-OSTEOPOROSE,ALENDRONATE SODIQUE,Comprimé sec,35MG,4,COMPRIMÉS,BOITE,GENERIQUE,5165,5165,80,Entente prealable
0002476,ARTEM 40,ANTI-PALUDIQUE,ARTEMETHER,Solution Injectable,40MG,1,AMPOULE,BOITE,GENERIQUE,530,530,80,Remboursable
0002482,ARTEMETHER UBI 20,ANTI-PALUDIQUE,ARTEMETHER,Solution Injectable,20MG,1,AMPOULE,BOITE,GENERIQUE,460,460,80,Remboursable
0002471,ARTESIANE 20,ANTI-PALUDIQUE,ARTEMETHER,Solution Injectable,20MG,1,AMPOULE,BOITE,GENERIQUE,560,506,80,Remboursable
0002501,ETHAMER 80,ANTI-PALUDIQUE,ARTEMETHER,Solution Injectable,80MG,1,AMPOULE,BOITE,GENERIQUE,490,490,80,Remboursable
0002497,ARTESIANE 80,ANTI-PALUDIQUE,ARTEMETHER,Solution Injectable,80MG,1,AMPOULE,BOITE,GENERIQUE,690,690,80,Remboursable
0002499,ARTEM 80,ANTI-PALUDIQUE,ARTEMETHER,Solution Injectable,80MG,1,AMPOULE,BOITE,GENERIQUE,820,693,80,Remboursable
0003305,ARTEMETHER TM 80,ANTI-PALUDIQUE,ARTEMETHER,Solution Injectable,80MG,1,AMPOULE,BOITE,GENERIQUE,590,590,80,Remboursable
0002509,ARTEMETHER UBI 80,ANTI-PALUDIQUE,ARTEMETHER,Solution Injectable,80MG,1,AMPOULE,BOITE,GENERIQUE,830,693,80,Remboursable
0003256,ARTEMETHER UBI 40,ANTI-PALUDIQUE,ARTEMETHER,Solution Injectable,40MG,1,AMPOULE,BOITE,GENERIQUE,690,583,80,Remboursable
0003724,ARTHEPA 80,ANTI-PALUDIQUE,ARTEMETHER,Solution Injectable,80MG,1,AMPOULE,BOITE,GENERIQUE,415,415,80,Remboursable
0003306,ARTESIANE 40,ANTI-PALUDIQUE,ARTEMETHER,Solution Injectable,40MG,1,AMPOULE,BOITE,GENERIQUE,625,583,80,Remboursable
0003895,R-LUME 80,ANTI-PALUDIQUE,ARTEMETHER,Solution Injectable,80MG,1,AMPOULE,BOITE,GENERIQUE,415,415,80,Remboursable
0003833,LARITHER 40,ANTI-PALUDIQUE,ARTEMETHER,Solution Injectable,40MG,1,AMPOULE,BOITE,GENERIQUE,535,535,80,Remboursable
0003834,LARITHER 80,ANTI-PALUDIQUE,ARTEMETHER,Solution Injectable,80MG,1,AMPOULE,BOITE,GENERIQUE,765,693,80,Remboursable
0004053,TONTHER 80,ANTI-PALUDIQUE,ARTEMETHER,Solution Injectable,80MG,1,AMPOULE,BOITE,GENERIQUE,445,445,80,Remboursable
0004518,NOVAMETHER 40,ANTI-PALUDIQUE,ARTEMETHER,SOLUTION INJECTABLE,40MG,1,AMPOULE,BOITE,GENERIQUE,345,345,80,Remboursable
0004519,NOVAMETHER 80,ANTI-PALUDIQUE,ARTEMETHER,SOLUTION INJECTABLE,80MG,1,AMPOULE,BOITE,GENERIQUE,510,510,80,Remboursable
0001185,COMBIMAL,ANTI-PALUDIQUE,SULFADOXINE+PYRIMETHAMINE,Comprimé sec,500MG/25MG,3,COMPRIMÉS,BOITE,GENERIQUE,470,470,80,Remboursable
0001194,PHILCO-MAX,ANTI-PALUDIQUE,SULFADOXINE+PYRIMETHAMINE,Comprimé sec,500MG/25MG,3,COMPRIMÉS,BOITE,GENERIQUE,170,170,80,Remboursable
0002514,ARTEMETHER+LUMEFANTRINE TM,ANTI-PALUDIQUE,ARTEMETHER+LUMEFANTRINE,COMPRIME DISPERSIBLE,20MG/120MG,24,COMPRIMÉS,BOITE,GENERIQUE,2205,1901,80,Remboursable
0004748,PLASMOLYZ 20/120,ANTI-PALUDIQUE,ARTEMETHER+LUMEFANTRINE,COMPRIME DISPERSIBLE,20MG/120MG,6,COMPRIMES,BLISTER,GENERIQUE,505,476,80,Remboursable
0001200,MADAR,ANTI-PALUDIQUE,SULFADOXINE+PYRIMETHAMINE,Comprimé sec,500MG/25MG,3,COMPRIMÉS,BOITE,GENERIQUE,375,375,80,Remboursable
0001206,MALOXINE,ANTI-PALUDIQUE,SULFADOXINE+PYRIMETHAMINE,Comprimé sec,500MG/25MG,3,COMPRIMÉS,BOITE,GENERIQUE,540,517,80,Remboursable
0003830,LARIDOX,ANTI-PALUDIQUE,SULFADOXINE+PYRIMETHAMINE,Comprimé sec,500MG/25MG,3,COMPRIMÉS,BOITE,GENERIQUE,285,285,80,Remboursable
0004774,PIDEX 20/160,ANTI-PALUDIQUE,DIHYDROARTEMISININE+PIPERAQUINE,COMPRIME,20MG/160MG,6,COMPRIMES,BOITE,GENERIQUE,1325,1325,80,Remboursable
0004775,PIDEX 40/420,ANTI-PALUDIQUE,DIHYDROARTEMISININE+PIPERAQUINE,COMPRIME,40MG/320MG,9,COMPRIMES,BOITE,GENERIQUE,2640,2640,80,Remboursable
0000124,ARTOME 20/120,ANTI-PALUDIQUE,ARTEMETHER+LUMEFANTRINE,POUDRE POUR SUSPENSION BUVABLE,20MG/120MG,60,Millilitre (s),FLACON,GENERIQUE,2205,2205,80,Remboursable
0000008,LUMITER 20/120,ANTI-PALUDIQUE,ARTEMETHER+LUMEFANTRINE,Comprimé sec,20MG/120MG,24,COMPRIMÉS,BOITE,GENERIQUE,2900,1901,80,Remboursable
0000025,POMEX 20/120,ANTI-PALUDIQUE,ARTEMETHER+LUMEFANTRINE,Comprimé sec,20MG/120MG,24,COMPRIMÉS,BOITE,GENERIQUE,1950,1901,80,Remboursable
0000028,ARTEFAN 40/240,ANTI-PALUDIQUE,ARTEMETHER+LUMEFANTRINE,Comprimé sec,40MG/240MG,12,COMPRIMÉS,BOITE,GENERIQUE,2640,1901,80,Remboursable
0000036,LUFANTER 40/240,ANTI-PALUDIQUE,ARTEMETHER+LUMEFANTRINE,Comprimé sec,40MG/240MG,12,COMPRIMÉS,BOITE,GENERIQUE,2240,1901,80,Remboursable
0000039,ARTRIM 40/240,ANTI-PALUDIQUE,ARTEMETHER+LUMEFANTRINE,Comprimé sec,40MG/240MG,12,COMPRIMÉS,BOITE,GENERIQUE,2470,1901,80,Remboursable
0000041,LUMATE FORTE 40/240,ANTI-PALUDIQUE,ARTEMETHER+LUMEFANTRINE,Comprimé sec,40MG/240MG,12,COMPRIMÉS,BOITE,GENERIQUE,2295,1901,80,Remboursable
0002525,COFANTRINE 20/120,ANTI-PALUDIQUE,ARTEMETHER+LUMEFANTRINE,Comprimé sec,20MG/120MG,24,COMPRIMÉS,BOITE,GENERIQUE,1490,1490,80,Remboursable
0000045,BIMALARIL 80/480,ANTI-PALUDIQUE,ARTEMETHER+LUMEFANTRINE,Comprimé sec,80MG/480MG,6,COMPRIMÉS,BOITE,GENERIQUE,1920,1901,80,Remboursable
0000046,COFANTRINE 80/480,ANTI-PALUDIQUE,ARTEMETHER+LUMEFANTRINE,Comprimé sec,80MG/480MG,6,COMPRIMÉS,BOITE,GENERIQUE,2240,1901,80,Remboursable
0001004,ARTEFAN 80/480,ANTI-PALUDIQUE,ARTEMETHER+LUMEFANTRINE,Comprimé sec,80MG/480MG,6,COMPRIMÉS,BOITE,GENERIQUE,2180,1901,80,Remboursable
0002515,ARTEFAN 20/120,ANTI-PALUDIQUE,ARTEMETHER+LUMEFANTRINE,Comprimé sec,20MG/120MG,24,COMPRIMÉS,BOITE,GENERIQUE,2375,1901,80,Remboursable
0002518,LUFANTER 20/120,ANTI-PALUDIQUE,ARTEMETHER+LUMEFANTRINE,COMPRIME DISPERSIBLE,20MG/120MG,6,COMPRIMES,BOITE,GENERIQUE,905,476,80,Remboursable
0002520,ARTEFAN 20/120,ANTI-PALUDIQUE,ARTEMETHER+LUMEFANTRINE,COMPRIME DISPERSIBLE,20MG/120MG,6,COMPRIMES,BOITE,GENERIQUE,805,476,80,Remboursable
0002534,LUMARTEM 20/120,ANTI-PALUDIQUE,ARTEMETHER+LUMEFANTRINE,Comprimé sec,20MG/120MG,24,COMPRIMÉS,BOITE,GENERIQUE,1720,1720,80,Remboursable
0004708,ARTEFAN 20/120,ANTI-PALUDIQUE,ARTEMETHER+LUMEFANTRINE,POUDRE POUR SUSPENSION BUVABLE,20MG/120MG,30,Millilitre (s),BOITE,GENERIQUE,1150,1150,80,Remboursable
0004749,PLASMOLYZ 80/480,ANTI-PALUDIQUE,ARTEMETHER+LUMEFANTRINE,COMPRIME,80MG/480MG,6,COMPRIMES,BLISTER,GENERIQUE,1495,1495,80,Remboursable
0003313,R-LUME 20/120,ANTI-PALUDIQUE,ARTEMETHER+LUMEFANTRINE,COMPRIME DISPERSIBLE,20MG/120MG,6,COMPRIMES,BOITE,GENERIQUE,690,476,80,Remboursable
0003319,COFANTRINE 20/120,ANTI-PALUDIQUE,ARTEMETHER+LUMEFANTRINE,COMPRIME DISPERSIBLE,20MG/120MG,6,COMPRIMÉS,BOITE,GENERIQUE,780,476,80,Remboursable
0003337,R-LUME 40/240,ANTI-PALUDIQUE,ARTEMETHER+LUMEFANTRINE,Comprimé sec,40MG/240MG,6,COMPRIMÉS,BOITE,GENERIQUE,1090,951,80,Remboursable
0003385,FALCIART 80/480,ANTI-PALUDIQUE,ARTEMETHER+LUMEFANTRINE,Comprimé sec,80MG/480MG,6,COMPRIMÉS,BOITE,GENERIQUE,2525,1901,80,Remboursable
0003388,TONLUM 20/120,ANTI-PALUDIQUE,ARTEMETHER+LUMEFANTRINE,COMPRIME DISPERSIBLE,20MG/120MG,24,COMPRIMES,BOITE,GENERIQUE,1790,1790,80,Remboursable
0003399,CACHART 80/240,ANTI-PALUDIQUE,ARTEMETHER+LUMEFANTRINE,Comprimé sec,80MG/480MG,6,COMPRIMÉS,BOITE,GENERIQUE,2010,1901,80,Remboursable
0003464,R-LUME 80/480,ANTI-PALUDIQUE,ARTEMETHER+LUMEFANTRINE,Comprimé sec,80MG/480MG,6,COMPRIMÉS,BOITE,GENERIQUE,2065,1901,80,Remboursable
0003492,ARTIZ FORTE 40/240,ANTI-PALUDIQUE,ARTEMETHER+LUMEFANTRINE,Comprimé sec,40MG/240MG,12,COMPRIMÉS,BOITE,GENERIQUE,2870,1901,80,Remboursable
0003518,TONLUM 80/480,ANTI-PALUDIQUE,ARTEMETHER+LUMEFANTRINE,Comprimé sec,80MG/480MG,6,COMPRIMÉS,BOITE,GENERIQUE,1790,1790,80,Remboursable
0003631,CHINTER 20/120,ANTI-PALUDIQUE,ARTEMETHER+LUMEFANTRINE,Comprimé sec,20MG/120MG,24,COMPRIMÉS,BOITE,GENERIQUE,2340,1901,80,Remboursable
0003644,CHINTER 40/240,ANTI-PALUDIQUE,ARTEMETHER+LUMEFANTRINE,Comprimé sec,40MG/240MG,12,COMPRIMÉS,BOITE,GENERIQUE,2410,1901,80,Remboursable
0003672,FALCIART DT,ANTI-PALUDIQUE,ARTEMETHER+LUMEFANTRINE,COMPRIME DISPERSIBLE,20MG/120MG,6,COMPRIMES,BOITE,GENERIQUE,575,476,80,Remboursable
0003813,COMBIART 20/120,ANTI-PALUDIQUE,ARTEMETHER+LUMEFANTRINE,Comprimé sec,20MG/120MG,24,COMPRIMÉS,BOITE,GENERIQUE,2240,1901,80,Remboursable
0003831,LARITEM 20/120,ANTI-PALUDIQUE,ARTEMETHER+LUMEFANTRINE,COMPRIME DISPERSIBLE,20MG/120MG,6,COMPRIMES,BOITE,GENERIQUE,585,476,80,Remboursable
0003832,LARITEM 80/480,ANTI-PALUDIQUE,ARTEMETHER+LUMEFANTRINE,Comprimé sec,80MG/480MG,6,COMPRIMÉS,BOITE,GENERIQUE,2195,1901,80,Remboursable
0003855,POMEX 40/240,ANTI-PALUDIQUE,ARTEMETHER+LUMEFANTRINE,Comprimé sec,40MG/240MG,12,COMPRIMÉS,BOITE,GENERIQUE,1690,1690,80,Remboursable
0004054,ARTEFAN 60/360,ANTI-PALUDIQUE,ARTEMETHER+LUMEFANTRINE,Comprimé sec,60MG/360MG,6,COMPRIMÉS,BOITE,GENERIQUE,2125,1426,80,Remboursable
0004055,ARTEFAN 40/240,ANTI-PALUDIQUE,ARTEMETHER+LUMEFANTRINE,COMPRIME DISPERSIBLE,40MG/240MG,6,COMPRIMÉS,BOITE,GENERIQUE,1435,951,80,Remboursable
0004056,CACHART 20/120,ANTI-PALUDIQUE,ARTEMETHER+LUMEFANTRINE,Comprimé sec,20MG/120MG,24,COMPRIMÉS,BOITE,GENERIQUE,3675,1901,80,Remboursable
0004057,CHINTER 80/480,ANTI-PALUDIQUE,ARTEMETHER+LUMEFANTRINE,Comprimé sec,80MG/480MG,6,COMPRIMÉS,BOITE,GENERIQUE,2410,1901,80,Remboursable
0004058,COMBIART 80/480,ANTI-PALUDIQUE,ARTEMETHER+LUMEFANTRINE,Comprimé sec,80MG/480MG,6,COMPRIMÉS,BOITE,GENERIQUE,2295,1901,80,Remboursable
0004059,DANMETHER 20/120,ANTI-PALUDIQUE,ARTEMETHER+LUMEFANTRINE,Comprimé sec,20MG/120MG,24,COMPRIMÉS,BOITE,GENERIQUE,3180,1901,80,Remboursable
0004060,DANMETHER 20/120,ANTI-PALUDIQUE,ARTEMETHER+LUMEFANTRINE,SACHET POUDRE,20MG/120MG,6,SACHETS,BOITE,GENERIQUE,1055,476,80,Remboursable
0004061,DANMETHER 20/120,ANTI-PALUDIQUE,ARTEMETHER+LUMEFANTRINE,SACHET POUDRE,20MG/120MG,12,SACHETS,BOITE,GENERIQUE,2835,951,80,Remboursable
0004062,LARITEM 40/240,ANTI-PALUDIQUE,ARTEMETHER+LUMEFANTRINE,COMPRIME DISPERSIBLE,40MG/240MG,6,COMPRIMÉS,BOITE,GENERIQUE,1460,951,80,Remboursable
0004063,TONLUM 20/120,ANTI-PALUDIQUE,ARTEMETHER+LUMEFANTRINE,COMPRIME DISPERSIBLE,20MG/120MG,6,COMPRIMÉS,BOITE,GENERIQUE,815,476,80,Remboursable
0004501,LUFENART FORTE 80/480,ANTI-PALUDIQUE,ARTEMETHER+LUMEFANTRINE,Comprimé sec,80MG/480MG,6,COMPRIMÉS,BOITE,GENERIQUE,2010,1901,80,Remboursable
0004541,POMEX 80/480,ANTI-PALUDIQUE,ARTEMETHER+LUMEFANTRINE,Comprimé sec,80MG/480MG,6,COMPRIMÉS,BOITE,GENERIQUE,2045,1901,80,Remboursable
0004761,BIMALARIL ADO 60/360,ANTI-PALUDIQUE,ARTEMETHER+LUMEFANTRINE,POUDRE POUR SUSPENSION BUVABLE,60MG/360MG,30,Millilitre (s),FLACON,GENERIQUE,2525,2525,80,Remboursable
0004762,BIMALARIL ENFANT 40/240,ANTI-PALUDIQUE,ARTEMETHER+LUMEFANTRINE,POUDRE POUR SUSPENSION BUVABLE,40MG/240MG,30,Millilitre (s),FLACON,GENERIQUE,2195,2195,80,Remboursable
0003774,ARTESUN 60,ANTI-PALUDIQUE,ARTESUNATE,POUDRE POUR SUSPENSION INJECTABLE,60MG,1,FLACON,BOITE,GENERIQUE,1435,1435,80,Remboursable
0003775,D-ARTEPP 40/320,ANTI-PALUDIQUE,DIHYDROARTEMISININE+PIPERAQUINE,Comprimé,40MG/320MG,9,COMPRIMES,BOITE,GENERIQUE,2755,2755,80,Remboursable
0004739,PLASMOCUR 20/160,ANTI-PALUDIQUE,DIHYDROARTEMISININE+PIPERAQUINE,COMPRIME DISPERSIBLE,20MG/160MG,6,Unite (s),BOITE,GENERIQUE,1380,1380,80,Remboursable
0004498,LARINATE 60,ANTI-PALUDIQUE,ARTESUNATE,POUDRE POUR SUSPENSION INJECTABLE,60MG,1,AMPOULE,FLACON,GENERIQUE,1460,1460,80,Remboursable
0000270,DUO-COTECXIN 40/320,ANTI-PALUDIQUE,DIHYDROARTEMISININE+PIPERAQUINE,Comprimé,40MG/320MG,9,COMPRIMES,BOITE,GENERIQUE,3215,3031,80,Remboursable
0000962,MALACUR 40/320,ANTI-PALUDIQUE,DIHYDROARTEMISININE+PIPERAQUINE,COMPRIME,40MG/320MG,9,COMPRIMES,BOITE,GENERIQUE,2985,2985,80,Remboursable
0004754,EURARTESIM 40/320,ANTI-PALUDIQUE,DIHYDROARTEMISININE+PIPERAQUINE,COMPRIME,40MG/320MG,12,COMPRIMES,BOITE,GENERIQUE,3330,3330,80,Remboursable
0000166,SURQUINA 250,ANTI-PALUDIQUE,QUININE CHLORHYDRATE,Comprimé sec,250MG,18,COMPRIMÉS,BOITE,GENERIQUE,2320,2320,80,Remboursable
0004740,PLASMOCUR 40/320,ANTI-PALUDIQUE,DIHYDROARTEMISININE+PIPERAQUINE,COMPRIME,40MG/320MG,6,Unite (s),BOITE,GENERIQUE,2065,2021,80,Remboursable
0000202,PHILCO-QUININE 600/2ML,ANTI-PALUDIQUE,QUININE CHLORHYDRATE,Solution Injectable,600MG/2ML,1,AMPOULE,BOITE,GENERIQUE,175,175,80,Remboursable
0004756,EURARTESIM 40/320,ANTI-PALUDIQUE,DIHYDROARTEMISININE+PIPERAQUINE,COMPRIME,40MG/320MG,9,COMPRIMES,BOITE,GENERIQUE,2985,2985,80,Remboursable
0000212,VINIMAX 600MG/2ML,ANTI-PALUDIQUE,QUININE CHLORHYDRATE,Solution Injectable,600MG/2ML,1,AMPOULE,BOITE,GENERIQUE,150,150,80,Remboursable
0003281,QUININE TM 600MG/2ML,ANTI-PALUDIQUE,QUININE CHLORHYDRATE,Solution Injectable,600MG/2ML,1,AMPOULE,BOITE,GENERIQUE,200,200,80,Remboursable
0000185,QUININE CREAT 300 VRAC,ANTI-PALUDIQUE,QUININE SULFATE,Comprimé sec,300MG,10,COMPRIMÉS,BLISTER,GENERIQUE,805,550,80,Remboursable
0000956,PHILCO QUININE 300,ANTI-PALUDIQUE,QUININE SULFATE,Comprimé sec,300MG,10,COMPRIMÉS,BOITE,GENERIQUE,550,550,80,Remboursable
0001030,BIMALARIL NOURRISSON 20/120 ,ANTI-PALUDIQUE,ARTEMETHER+LUMEFANTRINE,POUDRE POUR SUSPENSION BUVABLE,20MG/120MG,30,Millilitre (s),FLACON,GENERIQUE,1310,1310,80,Remboursable
C000192,QUININE 600MG/2ML,ANTI-PALUDIQUE,QUININE CHLORHYDRATE,Solution Injectable,600MG/2ML,1,AMPOULE,BOITE,CAMEG,300,300,80,Remboursable
C000206,QUININE 300,ANTI-PALUDIQUE,QUININE SULFATE,Comprimé sec,300MG,10,COMPRIMÉS,BLISTER,CAMEG,500,500,80,Remboursable
0003536,PROMONGYL 1000,ANTI-PARASITAIRE ANTI-AMIBIEN,SECNIDAZOLE,Comprimé sec,1000MG,2,COMPRIMÉS,BOITE,GENERIQUE,1915,1915,80,Remboursable
0000889,HELMINTOX 250,ANTI-PARASITAIRE ANTI-AMIBIEN,PYRANTEL,Comprimé sec,250MG,3,COMPRIMÉS,BOITE,GENERIQUE,1390,1390,80,Remboursable
0001399,VEREX 400MG/10ML,ANTI-PARASITAIRE ANTI-AMIBIEN,ALBENDAZOLE,Suspension buvable,400MG/10ML,10,MILLILITRES,FLACON,GENERIQUE,1010,407,80,Remboursable
0001427,CALBEN 400MG/10ML,ANTI-PARASITAIRE ANTI-AMIBIEN,ALBENDAZOLE,Suspension buvable,400MG/10ML,10,MILLILITRES,FLACON,GENERIQUE,685,407,80,Remboursable
0000813,METRONIDAZOLE TM 500MG/ML SOL INJ,ANTI-PARASITAIRE ANTI-AMIBIEN,METRONIDAZOLE,Solution pour perfusion,500MG,100,MILLILITRES,FLACON,GENERIQUE,660,660,80,Remboursable
0000828,FLAZOLE 500MG/ML SOL INJ,ANTI-PARASITAIRE ANTI-AMIBIEN,METRONIDAZOLE,Solution pour perfusion,500MG/ML,100,MILLILITRES,FLACON,GENERIQUE,805,805,80,Remboursable
0000788,NIDAZOL 500,ANTI-PARASITAIRE ANTI-AMIBIEN,METRONIDAZOLE,Comprimé sec,500MG,20,COMPRIMÉS,BOITE,GENERIQUE,2180,440,80,Remboursable
0000792,METRONIDAZOLE TM 500,ANTI-PARASITAIRE ANTI-AMIBIEN,METRONIDAZOLE,Comprimé sec,500MG,20,COMPRIMÉS,BOITE,GENERIQUE,590,440,80,Remboursable
0000820,METRONIDAZOLE UBI 500MG/ML SOL INJ,ANTI-PARASITAIRE ANTI-AMIBIEN,METRONIDAZOLE,Solution pour perfusion,500MG/ML,100,MILLILITRES,FLACON,GENERIQUE,920,880,80,Remboursable
0002453,METRONIDAZOLE UBI 125MG/5ML,ANTI-PARASITAIRE ANTI-AMIBIEN,METRONIDAZOLE,Suspension buvable,125MG/5ML,100,MILLILITRES,FLACON,GENERIQUE,540,540,80,Remboursable
0000833,AMIBAZOL,ANTI-PARASITAIRE ANTI-AMIBIEN,METRONIDAZOLE,Suspension buvable,125MG/5ML,100,MILLILITRES,FLACON,GENERIQUE,1380,660,80,Remboursable
0000847,METRONIDAZOLE QT 125MG/5ML,ANTI-PARASITAIRE ANTI-AMIBIEN,METRONIDAZOLE,Suspension buvable,125MG/5ML,100,MILLILITRES,FLACON,GENERIQUE,895,660,80,Remboursable
0003271,METRONIDAZOLE TM 250 VRAC,ANTI-PARASITAIRE ANTI-AMIBIEN,METRONIDAZOLE,Comprimé sec,250MG,10,COMPRIMÉS,BLISTER,GENERIQUE,125,125,80,Remboursable
0000857,SUPPLIN 250,ANTI-PARASITAIRE ANTI-AMIBIEN,METRONIDAZOLE,Comprimé sec,250MG,20,COMPRIMÉS,BOITE,GENERIQUE,2225,319,80,Remboursable
0000860,SUPPLIN 500,ANTI-PARASITAIRE ANTI-AMIBIEN,METRONIDAZOLE,Comprimé sec,500MG,20,COMPRIMÉS,BOITE,GENERIQUE,2500,440,80,Remboursable
0000870,SUPPLIN 500 SOL PERF,ANTI-PARASITAIRE ANTI-AMIBIEN,METRONIDAZOLE,Solution pour perfusion,500MG,100,MILLILITRES,FLACON,GENERIQUE,2540,880,80,Remboursable
0003279,METRONIDAZOLE UBI 250 VRAC,ANTI-PARASITAIRE ANTI-AMIBIEN,METRONIDAZOLE,Comprimé sec,250MG,10,COMPRIMÉS,BLISTER,GENERIQUE,140,140,80,Remboursable
0003301,METRIS 500MG/ML,ANTI-PARASITAIRE ANTI-AMIBIEN,METRONIDAZOLE,Solution pour perfusion,500MG/ML,100,MILLILITRES,FLACON,GENERIQUE,720,720,80,Remboursable
0004508,METRONIDAZOLE BIOSEDRA 500MG/ML,ANTI-PARASITAIRE ANTI-AMIBIEN,METRONIDAZOLE,Solution pour perfusion,500MG/ML,100,MILLILITRES,FLACON,GENERIQUE,715,715,80,Remboursable
0004510,METROVEN 200,ANTI-PARASITAIRE ANTI-AMIBIEN,METRONIDAZOLE,Suspension buvable,200MG,100,MILLILITRES,FLACON,GENERIQUE,1720,1720,80,Remboursable
0004625,METRONIDAZOLE DO PHARMA 500MG/ML,ANTI-PARASITAIRE ANTI-AMIBIEN,METRONIDAZOLE,Solution pour perfusion,500MG/ML,100,MILLILITRES,FLACON,GENERIQUE,590,590,80,Remboursable
0004509,METROVEN 500,ANTI-PARASITAIRE ANTI-AMIBIEN,METRONIDAZOLE,Comprimé sec,500MG,10,COMPRIMÉS,BLISTER,GENERIQUE,460,220,80,Remboursable
0000331,ENTAMIZOLE,ANTI-PARASITAIRE ANTI-AMIBIEN,DILOXANIDE+METRONIDAZOLE,Comprimé sec,250MG/200MG,30,COMPRIMÉS,BOITE,GENERIQUE,2710,2710,80,Remboursable
0000334,ENTAMIZOLE DS,ANTI-PARASITAIRE ANTI-AMIBIEN,DILOXANIDE+METRONIDAZOLE,Comprimé sec,500MG/400MG,15,COMPRIMÉS,BOITE,GENERIQUE,2710,2710,80,Remboursable
0004764,TAMIZOL 500,ANTI-PARASITAIRE ANTI-AMIBIEN,METRONIDAZOLE,COMPRIME,500MG,14,COMPRIMES,BOITE,GENERIQUE,1205,308,80,Remboursable
0000324,TINAZOL 500,ANTI-PARASITAIRE ANTI-AMIBIEN,TINIDAZOLE,Comprimé sec,500MG,4,COMPRIMÉS,BOITE,GENERIQUE,1045,176,80,Remboursable
0000329,TINIDAZOLE TM 500,ANTI-PARASITAIRE ANTI-AMIBIEN,TINIDAZOLE,Comprimé sec,500MG,12,COMPRIMÉS,BOITE,GENERIQUE,1800,528,80,Remboursable
0000335,DATIZOLE 500,ANTI-PARASITAIRE ANTI-AMIBIEN,TINIDAZOLE,Comprimé sec,500MG,4,COMPRIMÉS,BOITE,GENERIQUE,1575,176,80,Remboursable
0000341,TINIFIL 500,ANTI-PARASITAIRE ANTI-AMIBIEN,TINIDAZOLE,Comprimé sec,500MG,4,COMPRIMÉS,BOITE,GENERIQUE,480,176,80,Remboursable
0000344,AMTIBA 500,ANTI-PARASITAIRE ANTI-AMIBIEN,TINIDAZOLE,Comprimé sec,500MG,4,COMPRIMÉS,BOITE,GENERIQUE,805,176,80,Remboursable
0001085,ENTAMIZOLE SIROP,ANTI-PARASITAIRE ANTI-AMIBIEN,DILOXANIDE+METRONIDAZOLE,Suspension buvable,250MG/200MG,100,MILLILITRES,FLACON,GENERIQUE,2435,2435,80,Remboursable
0000509,SECAMIB 1000,ANTI-PARASITAIRE ANTI-AMIBIEN,SECNIDAZOLE,Comprimé sec,1000MG,2,COMPRIMÉS,BOITE,GENERIQUE,2525,2107,80,Remboursable
C000283,METRONIDAZOLE 500MG/ML,ANTI-PARASITAIRE ANTI-AMIBIEN,METRONIDAZOLE,Solution pour perfusion,500MG/ML,100,MILLILITRES,BOITE,CAMEG,520,520,80,Remboursable
C000277,METRONIDAZOLE 125MG/5ML,ANTI-PARASITAIRE ANTI-AMIBIEN,METRONIDAZOLE,Suspension buvable,125MG/5ML,60,MILLILITRES,BOITE,CAMEG,600,396,80,Remboursable
C000285,METRONIDAZOLE 500,ANTI-PARASITAIRE ANTI-AMIBIEN,METRONIDAZOLE,COMPRIME,500MG,10,COMPRIMES,BLISTER,CAMEG,170,170,80,Remboursable
C000289,TINIDAZOLE 500,ANTI-PARASITAIRE ANTI-AMIBIEN,TINIDAZOLE,Comprimé sec,500MG,4,COMPRIMÉS,BOITE,CAMEG,160,160,80,Remboursable
C000288,METRONIDAZOLE OVULE,ANTI-PARASITAIRE ANTI-AMIBIEN LOCAL,METRONIDAZOLE,Ovule,500MG,10,OVULES,BLISTER,CAMEG,550,550,80,Remboursable
0001391,BENDEX 400MG/10ML,ANTI-PARASITAIRE ANTI-HELMINTHIQUE,ALBENDAZOLE,Suspension buvable,400MG/10ML,10,MILLILITRES,FLACON,GENERIQUE,365,365,80,Remboursable
0000801,NIDAZOL 500,ANTI-PARASITAIRE ANTI-AMIBIEN LOCAL,METRONIDAZOLE,Ovule,500MG,10,OVULES,BOITE,GENERIQUE,2180,605,80,Remboursable
0000805,VAGILEN 500,ANTI-PARASITAIRE ANTI-AMIBIEN LOCAL,METRONIDAZOLE,Ovule,500MG,10,OVULES,BOITE,GENERIQUE,2010,605,80,Remboursable
0003846,OVAZOL 500,ANTI-PARASITAIRE ANTI-AMIBIEN LOCAL,METRONIDAZOLE,Ovule,500MG,10,OVULES,BOITE,GENERIQUE,1490,605,80,Remboursable
0003275,ALBENDAZOLE UBI 400 VRAC,ANTI-PARASITAIRE ANTI-HELMINTHIQUE,ALBENDAZOLE,Comprimé sec,400MG,1,COMPRIME,BOITE,GENERIQUE,100,100,80,Remboursable
0000627,ALBEN 400,ANTI-PARASITAIRE ANTI-HELMINTHIQUE,ALBENDAZOLE,COMPRIME,400MG,1,COMPRIME,BOITE,GENERIQUE,1205,110,80,Remboursable
0000631,ALBENDAZOLE TM 400,ANTI-PARASITAIRE ANTI-HELMINTHIQUE,ALBENDAZOLE,Comprimé sec,400MG,1,COMPRIMÉS,BOITE,GENERIQUE,410,110,80,Remboursable
0001235,ALZOL 400,ANTI-PARASITAIRE ANTI-HELMINTHIQUE,ALBENDAZOLE,COMPRIME,400MG,1,COMPRIME,BOITE,GENERIQUE,1125,110,80,Remboursable
0001243,BENDEX 400,ANTI-PARASITAIRE ANTI-HELMINTHIQUE,ALBENDAZOLE,Comprimé sec,400MG,1,COMPRIME,BOITE,GENERIQUE,300,110,80,Remboursable
0001259,VEREX 400,ANTI-PARASITAIRE ANTI-HELMINTHIQUE,ALBENDAZOLE,COMPRIME,400MG,1,COMPRIMÉS,BOITE,GENERIQUE,1010,110,80,Remboursable
0001264,VERZOL 400,ANTI-PARASITAIRE ANTI-HELMINTHIQUE,ALBENDAZOLE,Comprimé sec,400MG,1,COMPRIME,BOITE,GENERIQUE,815,110,80,Remboursable
0001275,ZEBEN 400,ANTI-PARASITAIRE ANTI-HELMINTHIQUE,ALBENDAZOLE,Comprimé sec,400MG,1,COMPRIME,BOITE,GENERIQUE,575,110,80,Remboursable
0001330,Z-ZOLE 400MG/10ML,ANTI-PARASITAIRE ANTI-HELMINTHIQUE,ALBENDAZOLE,Suspension buvable,400MG/10ML,10,MILLILITRES,FLACON,GENERIQUE,1135,407,80,Remboursable
0001350,ALBEN 400MG/10ML,ANTI-PARASITAIRE ANTI-HELMINTHIQUE,ALBENDAZOLE,Suspension buvable,400MG/10ML,10,MILLILITRES,FLACON,GENERIQUE,1320,407,80,Remboursable
0001362,ALZOL 400MG/10ML,ANTI-PARASITAIRE ANTI-HELMINTHIQUE,ALBENDAZOLE,Suspension buvable,400MG/10ML,10,MILLILITRES,FLACON,GENERIQUE,1125,407,80,Remboursable
0001409,VERZOL 400MG/10ML,ANTI-PARASITAIRE ANTI-HELMINTHIQUE,ALBENDAZOLE,Suspension buvable,400MG/10ML,10,MILLILITRES,FLACON,GENERIQUE,770,407,80,Remboursable
0003819,FLUB 20MG/ML,ANTI-PARASITAIRE ANTI-HELMINTHIQUE,FLUBENDAZOLE,Suspension buvable,20MG/ML,30,MILLILITRES,FLACON,GENERIQUE,1755,1755,80,Remboursable
0003280,ALBEX 400,ANTI-PARASITAIRE ANTI-HELMINTHIQUE,ALBENDAZOLE,Comprimé sec,400MG,1,COMPRIME,BOITE,GENERIQUE,185,110,80,Remboursable
0003289,SANIVER 400,ANTI-PARASITAIRE ANTI-HELMINTHIQUE,ALBENDAZOLE,Comprimé sec,400MG,1,COMPRIME,BOITE,GENERIQUE,345,110,80,Remboursable
0003291,UBENZOLE 400,ANTI-PARASITAIRE ANTI-HELMINTHIQUE,ALBENDAZOLE,Comprimé sec,400MG,1,COMPRIME,BOITE,GENERIQUE,450,110,80,Remboursable
0003820,FLUB 100,ANTI-PARASITAIRE ANTI-HELMINTHIQUE,FLUBENDAZOLE,Comprimé sec,100MG,6,COMPRIMÉS,BOITE,GENERIQUE,1755,1755,80,Remboursable
0003841,NEMOZOLE 400,ANTI-PARASITAIRE ANTI-HELMINTHIQUE,ALBENDAZOLE,Comprimé sec,400MG,1,COMPRIME,BOITE,GENERIQUE,395,110,80,Remboursable
0004410,AB-ZOLE 400MG/10ML,ANTI-PARASITAIRE ANTI-HELMINTHIQUE,ALBENDAZOLE,Suspension buvable,400MG/10ML,10,MILLILITRES,BOITE,GENERIQUE,860,407,80,Remboursable
0004411,AB-ZOLE 400,ANTI-PARASITAIRE ANTI-HELMINTHIQUE,ALBENDAZOLE,COMPRIME,400MG,1,COMPRIME,BOITE,GENERIQUE,110,110,80,Remboursable
0004435,CALBEN 400,ANTI-PARASITAIRE ANTI-HELMINTHIQUE,ALBENDAZOLE,Comprimé sec,400MG,1,COMPRIME,BOITE,GENERIQUE,665,110,80,Remboursable
0004544,Q-WORM 400,ANTI-PARASITAIRE ANTI-HELMINTHIQUE,ALBENDAZOLE,Comprimé sec,400MG,1,COMPRIME,BOITE,GENERIQUE,810,110,80,Remboursable
0004658,ALSAV 400,ANTI-PARASITAIRE ANTI-HELMINTHIQUE,ALBENDAZOLE,Comprimé sec,400MG,1,COMPRIME,BOITE,GENERIQUE,495,110,80,Remboursable
0000070,PYRANTOX 125,ANTI-PARASITAIRE ANTI-HELMINTHIQUE,PYRANTEL,Comprimé sec,125MG,6,COMPRIMÉS,BOITE,GENERIQUE,870,870,80,Remboursable
0000061,HELMINTOX 125,ANTI-PARASITAIRE ANTI-HELMINTHIQUE,PYRANTEL,Comprimé sec,125MG,6,COMPRIMÉS,BOITE,GENERIQUE,1390,957,80,Remboursable
0000895,HELMINTOX 125MG/2.5ML,ANTI-PARASITAIRE ANTI-HELMINTHIQUE,PYRANTEL,SACHET BUVABLE,50MG/ML,1,SACHET,BOITE,GENERIQUE,1115,1115,80,Remboursable
0000905,PYRANTOX 250MG/5ML,ANTI-PARASITAIRE ANTI-HELMINTHIQUE,PYRANTEL,Suspension buvable,50MG/ML,15,MILLILITRES,FLACON,GENERIQUE,1045,1045,80,Remboursable
0000101,COMBIFRINIL 250,ANTI-PARASITAIRE ANTI-HELMINTHIQUE,PYRANTEL,Comprimé sec,250MG,3,COMPRIMÉS,BOITE,GENERIQUE,1435,1435,80,Remboursable
0000923,COMBIFRINIL 125MG/2.5ML,ANTI-PARASITAIRE ANTI-HELMINTHIQUE,PYRANTEL,Suspension buvable,50MG/ML,15,MILLILITRES,FLACON,GENERIQUE,1435,1435,80,Remboursable
0002579,HELMINTOX 125MG/2.5ML,ANTI-PARASITAIRE ANTI-HELMINTHIQUE,PYRANTEL,Suspension buvable,50MG/ML,15,MILLILITRES,FLACON,GENERIQUE,1575,1575,80,Remboursable
0000338,CARBEN 100,ANTI-PARASITAIRE ANTI-HELMINTHIQUE,MEBENDAZOLE,Comprimé sec,100MG,6,COMPRIMÉS,BOITE,GENERIQUE,1035,66,80,Remboursable
0000343,OZIBEN 100,ANTI-PARASITAIRE ANTI-HELMINTHIQUE,MEBENDAZOLE,Comprimé sec,100MG,6,COMPRIMÉS,BOITE,GENERIQUE,1045,66,80,Remboursable
0000351,WORMIN 100,ANTI-PARASITAIRE ANTI-HELMINTHIQUE,MEBENDAZOLE,Comprimé sec,100MG,6,COMPRIMÉS,BOITE,GENERIQUE,1150,66,80,Remboursable
0000356,MEBENDAZOLE UBI 100 VRAC,ANTI-PARASITAIRE ANTI-HELMINTHIQUE,MEBENDAZOLE,Comprimé sec,100MG,6,COMPRIMÉS,BOITE,GENERIQUE,190,66,80,Remboursable
0000469,MEBENDAZOLE UBI 100MG/5ML,ANTI-PARASITAIRE ANTI-HELMINTHIQUE,MEBENDAZOLE,Suspension buvable,100MG/5ML,30,MILLILITRES,FLACON,GENERIQUE,745,745,80,Remboursable
0000492,CARBEN 100MG/5ML,ANTI-PARASITAIRE ANTI-HELMINTHIQUE,MEBENDAZOLE,Sirop,100MG/5ML,30,MILLILITRES,FLACON,GENERIQUE,1125,1125,80,Remboursable
0000475,OZIBEN 100MG/5ML,ANTI-PARASITAIRE ANTI-HELMINTHIQUE,MEBENDAZOLE,Suspension buvable,100MG/5ML,30,MILLILITRES,FLACON,GENERIQUE,1410,1238,80,Remboursable
0000479,WORMIN 100MG/5ML,ANTI-PARASITAIRE ANTI-HELMINTHIQUE,MEBENDAZOLE,Suspension buvable,100MG/5ML,30,MILLILITRES,FLACON,GENERIQUE,1325,1238,80,Remboursable
0003358,CACHEWORM 100MG/5ML,ANTI-PARASITAIRE ANTI-HELMINTHIQUE,MEBENDAZOLE,Sirop,100MG/5ML,30,MILLILITRES,FLACON,GENERIQUE,1380,1238,80,Remboursable
0004232,CACHEWORM 100,ANTI-PARASITAIRE ANTI-HELMINTHIQUE,MEBENDAZOLE,Comprimé sec,100MG,6,COMPRIMÉS,BOITE,GENERIQUE,1150,66,80,Remboursable
C000046,ALBENDAZOLE 400,ANTI-PARASITAIRE ANTI-HELMINTHIQUE,ALBENDAZOLE,Comprimé sec,400MG,1,COMPRIME,BOITE,CAMEG,100,100,80,Remboursable
0000667,ACARILBIAL,ANTI-PARASITAIRE LOCAL,BENZOATE DE BENZYLE,SOLUTION,30%,200,MILLILITRES,FLACON,GENERIQUE,2390,2390,80,Remboursable
0004595,B-VIT FORT,ANTI-PARESTHESIQUE,VITAMINE B1(THIAMINE)+VITAMINE B6(PYRIDOXINE)+VITAMINE B12(CYANOCOBALAMINE ),COMPRIME,250MG/250MG/1MG,10,COMPRIMES,BLISTER,GENERIQUE,505,505,80,Remboursable
0004323,FLOTRAL 10,ANTI-PROSTATIQUE ALPHA BLOQUANT,ALFUZOSINE,COMPRIME LP,10MG,10,COMPRIMÉS,BOITE,GENERIQUE,5430,5430,80,Entente prealable
0004720,PROSTALEN 10,ANTI-PROSTATIQUE ALPHA BLOQUANT,ALFUZOSINE,COMPRIME LP,10MG,30,COMPRIMES,BOITE,GENERIQUE,6890,6890,80,Entente prealable
0004174,ERESTRID 5,ANTI-PROSTATIQUE ANTI-ANDROGENE,FINASTERIDE,Comprimé sec,5MG,10,COMPRIMÉS,BOITE,GENERIQUE,4020,4020,80,Entente prealable
0001322,PRUREX 10%,ANTI-PRURIGINEUX,CROTAMITON,Crème dermique,10%,40,GRAMMES,Tube,GENERIQUE,1265,1265,80,Remboursable
0003616,PROSTAFIP,ANTI-PROSTATIQUE COMPLEMENT ALIMENTAIRE,PEPINS DE COURGE+FEUILLE D'ORPIE+SELENIUM,GELULE,PM,30,COMPRIMÉS,BOITE,GENERIQUE,5510,5510,80,Entente prealable
0003584,NEULEPTIL 25,ANTI-PSYCHOTIQUE TYPIQUE,PROPERICIAZINE,Comprimé sec,25MG,50,COMPRIMÉS,BOITE,GENERIQUE,4095,4095,80,TPC
0004389,NEULEPTIL 25 VRAC,ANTI-PSYCHOTIQUE TYPIQUE,PROPERICIAZINE,Comprimé sec,25MG,10,COMPRIMÉS,BLISTER,GENERIQUE,819,819,80,TPC
C000156,HALOPERIDOL 5MG/ML SOL INJ,ANTI-PSYCHOTIQUE TYPIQUE,HALOPERIDOL,Solution Injectable,5MG/ML,1,AMPOULE,BOITE,CAMEG,250,236,80,Remboursable
C000154,HALOPERIDOL 10MG,ANTI-PSYCHOTIQUE TYPIQUE,HALOPERIDOL,Comprimé sec,10MG,20,COMPRIMÉS,BOITE,CAMEG,300,300,80,TPC
C000159,HALOPERIDOL 5MG,ANTI-PSYCHOTIQUE TYPIQUE,HALOPERIDOL,Comprimé sec,5MG,20,COMPRIMÉS,BOITE,CAMEG,300,300,80,TPC
C000218,CHLORPROMAZINE 100MG,ANTI-PSYCHOTIQUE TYPIQUE,CHLORPROMAZINE,Comprimé sec,100MG,10,COMPRIMÉS,BOITE,CAMEG,300,300,80,TPC
C000219,CHLORPROMAZINE 50MG SOL INJ,ANTI-PSYCHOTIQUE TYPIQUE,CHLORPROMAZINE,Solution Injectable,50MG,1,AMPOULE,BOITE,CAMEG,195,195,80,Remboursable
C000375,CHLORPROMAZINE HCL 25 MG,ANTI-PSYCHOTIQUE TYPIQUE,CHLORPROMAZINE,Comprimé sec,25MG,20,COMPRIMÉS,BOITE,CAMEG,115,115,80,TPC
C000110,FLUPHENAZINE DECANOATE 25 MG/ML,ANTI-PSYCHOTIQUE TYPIQUE RETARD,FLUPHENAZINE DECANOATE,Solution Injectable,25MG/ML,1,AMPOULE,BOITE,CAMEG,735,735,80,TPC
0001829,ALOX,ANTI-REFLUX ANTI-ACIDE,HYDROXYDE D'ALUMINIUM+HYDROXYDE DE MAGNESIUM,Comprimé sec,400MG/400MG,40,COMPRIMES,BOITE,GENERIQUE,1720,1720,80,Remboursable
0003468,ANTICID PLUS,ANTI-REFLUX ANTI-ACIDE,HYDROXYDE D'ALUMINIUM+HYDROXYDE DE MAGNESIUM+SIMETHICONE,Suspension buvable,400MG/400MG/40MG,200,MILLILITRES,FLACON,GENERIQUE,1800,1800,80,Remboursable
0000605,EOSINE AQUEUSE,ANTI-SEPTIQUE LOCAL,EOSINE AQUEUSE,Solution pour application cutanée,2%,100,MILLILITRES,FLACON,GENERIQUE,1150,1150,80,Remboursable
0004111,ELUDRIL PRO,ANTI-SEPTIQUE LOCAL,CHLORHEXIDINE+CHLOROBUTANOL,SOLUTION BUCCALE/GINVIVALE,0.5G/50MG,500,MILLILITRES,FLACON,GENERIQUE,5755,5755,80,Remboursable
0000409,SEPTYL 0.1%,ANTI-SEPTIQUE LOCAL,CHLORHEXIDINE,SOLUTION BUCCALE,0.1%,200,MILLILITRES,FLACON,GENERIQUE,2135,1733,80,Remboursable
0004109,SEPTYL 0.1%,ANTI-SEPTIQUE LOCAL,CHLORHEXIDINE,SOLUTION BUCCALE,0.1%,80,MILLILITRES,FLACON,GENERIQUE,1000,759,80,Remboursable
0002405,AURIPAX,ANTI-SEPTIQUE LOCAL,PHENAZONE+LIDOCAINE,SOLUTION AURICULAIRE,4%/1%,15,MILLILITRES,FLACON,GENERIQUE,1575,1575,80,Remboursable
0001612,EOSINE AQUEUSE,ANTI-SEPTIQUE LOCAL,EOSINE AQUEUSE,Solution pour application cutanée,2%,50,MILLILITRES,FLACON,GENERIQUE,920,633,80,Remboursable
C000142,POLYVIDONE IODEE 10%,ANTI-SEPTIQUE LOCAL,POLYVIDONE IODEE,Solution pour application cutanée,10%,200,MILLILITRES,FLACON,CAMEG,1200,1200,80,Remboursable
C000409,CHLORHEXIDINE 1.5%,ANTI-SEPTIQUE LOCAL,CHLORHEXIDINE,GEL DERMIQUE,1.5%,25,GRAMMES,Tube,CAMEG,800,800,80,Remboursable
0000400,ATROPINE 1% Sol inj,ANTI-SPASMODIQUE ANTI-CHOLINERGIQUE,ATROPINE,Solution Injectable,1%,1,AMPOULE,BOITE,GENERIQUE,760,760,80,Remboursable
C000121,ATROPINE 1% Sol,ANTI-SPASMODIQUE ANTI-CHOLINERGIQUE,ATROPINE,Solution Injectable,1%,1,AMPOULE,BOITE,CAMEG,300,300,80,Remboursable
C000170,BUTYLSCOPOLAMINE 10MG,ANTI-SPASMODIQUE ANTI-CHOLINERGIQUE,BUTYLSCOPOLAMINE,Comprimé sec,10MG,10,COMPRIMÉS,BLISTER,CAMEG,450,450,80,Remboursable
C000174,BUTYLSCOPOLAMINE 20MG/ML,ANTI-SPASMODIQUE ANTI-CHOLINERGIQUE,BUTYLSCOPOLAMINE,Solution Injectable,20MG/ML,1,AMPOULE,BOITE,CAMEG,290,290,80,Remboursable
0001265,GYNOSPAN SUPPO,ANTI-SPASMODIQUE LOCAL MUSCULOTROPE,PHLOROGLUCINOL+TRIMETHYLPHLOROGLUCINOL,SUPPOSITOIRE,150MG/150MG,10,SUPPOSITOIRES,BOITE,GENERIQUE,2410,2410,80,Remboursable
0004275,KINAFON SUPPO,ANTI-SPASMODIQUE LOCAL MUSCULOTROPE,PHLOROGLUCINOL+TRIMETHYLPHLOROGLUCINOL,SUPPOSITOIRE,150MG/150MG,10,SUPPOSITOIRES,BOITE,GENERIQUE,1780,1780,80,Remboursable
0003421,TRIBUTINE GELULE,ANTI-SPASMODIQUE MUSCULOTROPE,TRIMEBUTINE,GELULE,150MG,20,GELULES,BOITE,GENERIQUE,3270,3270,80,Remboursable
0003422,TRIBUTINE SACHET,ANTI-SPASMODIQUE MUSCULOTROPE,TRIMEBUTINE,SACHET POUDRE,150MG,20,SACHETS,BOITE,GENERIQUE,3270,3270,80,Remboursable
0003493,TRIBUTINE SIROP,ANTI-SPASMODIQUE MUSCULOTROPE,TRIMEBUTINE,Suspension buvable,0.787G,250,MILLILITRES,FLACON,GENERIQUE,2240,2240,80,Remboursable
0003858,REGULIX 40,ANTI-SPASMODIQUE MUSCULOTROPE,DROTAVERINE,Comprimé sec,40MG,20,COMPRIMÉS,BOITE,GENERIQUE,920,920,80,Remboursable
0003859,REGULIX 80,ANTI-SPASMODIQUE MUSCULOTROPE,DROTAVERINE,Comprimé sec,80MG,20,COMPRIMÉS,BOITE,GENERIQUE,1720,1720,80,Remboursable
0004142,SPASMOTROY 40MG/2ML,ANTI-SPASMODIQUE MUSCULOTROPE,DROTAVERINE,Solution Injectable,40MG/2ML,1,AMPOULE,BOITE,GENERIQUE,230,230,80,Remboursable
0001196,KINAFON 80,ANTI-SPASMODIQUE MUSCULOTROPE,PHLOROGLUCINOL,Comprimé sec,80MG,30,COMPRIMÉS,BOITE,GENERIQUE,1625,1625,80,Remboursable
0003523,NEAGYL 80MG,ANTI-SPASMODIQUE MUSCULOTROPE,PHLOROGLUCINOL,Comprimé sec,80MG,30,COMPRIMÉS,BOITE,GENERIQUE,1895,1895,80,Remboursable
0004565,SPASMOTROY 40,ANTI-SPASMODIQUE MUSCULOTROPE,DROTAVERINE,Comprimé sec,40MG,20,COMPRIMÉS,BOITE,GENERIQUE,1320,1320,80,Remboursable
0004566,SPASMOTROY 80,ANTI-SPASMODIQUE MUSCULOTROPE,DROTAVERINE,Comprimé sec,80MG,20,COMPRIMÉS,BOITE,GENERIQUE,2640,2596,80,Remboursable
0001238,GYNOSPAN,ANTI-SPASMODIQUE MUSCULOTROPE,PHLOROGLUCINOL+TRIMETHYLPHLOROGLUCINOL,Comprimé sec,80MG/80MG,30,COMPRIMÉS,BOITE,GENERIQUE,1780,1780,80,Remboursable
0004276,SPASLESS,ANTI-SPASMODIQUE MUSCULOTROPE,PHLOROGLUCINOL+TRIMETHYLPHLOROGLUCINOL,SUPPOSITOIRE,150MG/150MG,10,SUPPOSITOIRE,BOITE,GENERIQUE,1895,1895,80,Remboursable
0004277,SPASLESS,ANTI-SPASMODIQUE MUSCULOTROPE,PHLOROGLUCINOL+TRIMETHYLPHLOROGLUCINOL,Comprimé sec,80MG/80MG,30,COMPRIMÉS,BOITE,GENERIQUE,1850,1850,80,Remboursable
0004278,SPASLESS SOL INJ,ANTI-SPASMODIQUE MUSCULOTROPE,PHLOROGLUCINOL+TRIMETHYLPHLOROGLUCINOL,Solution Injectable,40MG/0.03MG,1,AMPOULE,BOITE,GENERIQUE,406,406,80,Remboursable
0004763,SPASMOSYL Sol inj,ANTI-SPASMODIQUE MUSCULOTROPE,PHLOROGLUCINOL+TRIMETHYLPHLOROGLUCINOL,Solution Injectable,40MG/0.04MG,1,AMPOULE,BOITE,GENERIQUE,345,345,80,Remboursable
C000123,PHLOROGLUCINOL 40,ANTI-SPASMODIQUE MUSCULOTROPE,PHLOROGLUCINOL,Solution Injectable,40MG,1,AMPOULE,BOITE,CAMEG,570,570,80,Remboursable
C000127,PHLOROGLUCINOL 80,ANTI-SPASMODIQUE MUSCULOTROPE,PHLOROGLUCINOL,COMPRIME,80MG,10,COMPRIMES,BLISTER,CAMEG,550,550,80,Remboursable
0003792,INSTACLOP 75,ANTI-THROMBOTIQUE ANTI-AGREGANT PLAQUETTAIRE,CLOPIDOGREL,Comprimé sec,75MG,30,COMPRIMÉS,BOITE,GENERIQUE,7805,7805,80,TPC
0003475,ANTIPLATT 75,ANTI-THROMBOTIQUE ANTI-AGREGANT PLAQUETTAIRE,CLOPIDOGREL,Comprimé sec,75MG,30,COMPRIMÉS,BOITE,GENERIQUE,8035,8035,80,TPC
0004744,CLOPI DENK 75,ANTI-THROMBOTIQUE ANTI-AGREGANT PLAQUETTAIRE,CLOPIDOGREL,COMPRIME,75MG,30,COMPRIMES,BOITE,GENERIQUE,7460,7460,80,TPC
0000647,ASPIRINE 100,ANTI-THROMBOTIQUE ANTI-AGREGANT PLAQUETTAIRE,ACIDE ACETYLSALICYLIQUE,COMPRIME,100MG,30,COMPRIMES,BOITE,GENERIQUE,1965,1965,80,Remboursable
0001574,TROYNOXA 40,ANTI-THROMBOTIQUE ANTI-COAGULANT,ENOXAPARINE,Solution Injectable,40MG,1,AMPOULE,BOITE,GENERIQUE,3605,3605,80,Entente prealable
0003386,ENOXA 40,ANTI-THROMBOTIQUE ANTI-COAGULANT,ENOXAPARINE,Solution Injectable,40MG,2,AMPOULES,BOITE,GENERIQUE,6600,6600,80,Entente prealable
0003406,ENOXA 2000,ANTI-THROMBOTIQUE ANTI-COAGULANT,ENOXAPARINE,Solution Injectable,20MG,2,AMPOULE,BOITE,GENERIQUE,4385,4385,80,Entente prealable
0001601,TROYNOXA 60,ANTI-THROMBOTIQUE ANTI-COAGULANT,ENOXAPARINE,Solution Injectable,60MG,1,AMPOULE,BOITE,GENERIQUE,4785,4609,80,Entente prealable
0003551,ENOXA 60,ANTI-THROMBOTIQUE ANTI-COAGULANT,ENOXAPARINE,Solution Injectable,60MG,2,AMPOULES,BOITE,GENERIQUE,8745,8745,80,Entente prealable
0003565,ENOXA 80,ANTI-THROMBOTIQUE ANTI-COAGULANT,ENOXAPARINE,Solution Injectable,80MG,2,AMPOULES,BOITE,GENERIQUE,10150,10150,80,Entente prealable
0004521,NOVEX 20,ANTI-THROMBOTIQUE ANTI-COAGULANT,ENOXAPARINE,Solution Injectable,20MG,2,AMPOULES,BOITE,GENERIQUE,4475,4475,80,Entente prealable
0004522,NOVEX 40,ANTI-THROMBOTIQUE ANTI-COAGULANT,ENOXAPARINE,Solution Injectable,40MG,2,AMPOULES,BOITE,GENERIQUE,6430,6430,80,Entente prealable
0004523,NOVEX 60,ANTI-THROMBOTIQUE ANTI-COAGULANT,ENOXAPARINE,Solution Injectable,60MG,2,AMPOULES,BOITE,GENERIQUE,7645,7645,80,Entente prealable
0004524,NOVEX 80,ANTI-THROMBOTIQUE ANTI-COAGULANT,ENOXAPARINE,Solution Injectable,80MG,2,AMPOULES,BOITE,GENERIQUE,8725,8725,80,Entente prealable
0004006,CLOPRINE,ANTI-THROMBOTIQUE ASSOCIATION ANTI-AGREGANT PLAQUETTAIRE,ACIDE ACETYLSALICYLIQUE+CLOPIDOGREL,Comprimé sec,150/75MG,30,COMPRIMÉS,BOITE,GENERIQUE,4590,4590,80,TPC
0004614,INSTACLOP PLUS,ANTI-THROMBOTIQUE ASSOCIATION ANTI-AGREGANT PLAQUETTAIRE,ACIDE ACETYLSALICYLIQUE+CLOPIDOGREL,GELULE,75MG/75MG,30,GELULES,BOITE,GENERIQUE,8610,5049,80,TPC
0004586,ACILOC 50MG/2ML,ANTI-ULCEREUX ANTI-H2,RANITIDINE,Solution Injectable,50MG/2ML,1,AMPOULE,BOITE,GENERIQUE,715,715,80,Remboursable
0004659,PANCI-D,ANTI-ULCEREUX ANTI-REFLUX ASSOCIATION IPP+ANTI-DOPAMINERGIQUE,PANTOPRAZOLE+DOMPERIDONE,Comprimé sec,40MG/10MG,30,COMPRIMES,BOITE,GENERIQUE,6315,6270,80,Remboursable
0003393,RABETOK-D,ANTI-ULCEREUX ANTI-REFLUX ASSOCIATION IPP+ANTI-DOPAMINERGIQUE,RABEPRAZOLE+DOMPERIDONE,Comprimé sec,20MG/30MG,30,COMPRIMÉS,BOITE,GENERIQUE,6360,6360,80,Remboursable
0004141,PANCI-D,ANTI-ULCEREUX ANTI-REFLUX ASSOCIATION IPP+ANTI-DOPAMINERGIQUE,PANTOPRAZOLE+DOMPERIDONE,Comprimé sec,40MG/10MG,10,COMPRIMÉS,BOITE,GENERIQUE,2105,2090,80,Remboursable
0003474,ESOMED 40,ANTI-ULCEREUX IPP,ESOMEPRAZOLE,Comprimé sec,40MG,30,COMPRIMÉS,BOITE,GENERIQUE,6890,6890,80,Remboursable
0003826,INIGAST 20,ANTI-ULCEREUX IPP,ESOMEPRAZOLE,COMPRIME,20MG,30,COMPRIMES,BOITE,GENERIQUE,6315,6315,80,Remboursable
0003827,INIGAST 40,ANTI-ULCEREUX IPP,ESOMEPRAZOLE,COMPRIME,40MG,30,COMPRIMES,BOITE,GENERIQUE,7460,7460,80,Remboursable
0004147,ESOMED 40 Sol inj,ANTI-ULCEREUX IPP,ESOMEPRAZOLE,POUDRE POUR SOLUTION INJECTABLE,40MG,1,FLACON,BOITE,GENERIQUE,4020,4020,80,Remboursable
0004530,OPTON 20,ANTI-ULCEREUX IPP,ESOMEPRAZOLE,Comprimé sec,20MG,30,COMPRIMÉS,BOITE,GENERIQUE,5050,5050,80,Remboursable
0001208,LOMET 15,ANTI-ULCEREUX IPP,LANSOPRAZOLE,GELULE,15MG,14,GELULES,BOITE,GENERIQUE,1490,1490,80,Remboursable
0001221,LOMET 30,ANTI-ULCEREUX IPP,LANSOPRAZOLE,GELULE,30MG,14,GELULES,BOITE,GENERIQUE,1490,1490,80,Remboursable
0001223,LOMET 15,ANTI-ULCEREUX IPP,LANSOPRAZOLE,GELULE,15MG,28,GELULES,BOITE,GENERIQUE,2870,2870,80,Remboursable
0001219,LOMET 30,ANTI-ULCEREUX IPP,LANSOPRAZOLE,GELULE,30MG,7,GELULES,BOITE,GENERIQUE,1265,820,80,Remboursable
0001961,IPEPRAZOLE 20,ANTI-ULCEREUX IPP,OMEPRAZOLE,Comprimé sec,20MG,14,COMPRIMÉS,BOITE,GENERIQUE,1490,1490,80,Remboursable
0002015,DAFRAZOL 20,ANTI-ULCEREUX IPP,OMEPRAZOLE,GELULE,20MG,14,GELULES,BOITE,GENERIQUE,2065,2065,80,Remboursable
0001230,LANSEC 30,ANTI-ULCEREUX IPP,LANSOPRAZOLE,GELULE,30MG,14,GELULES,BOITE,GENERIQUE,690,690,80,Remboursable
0004211,OZAPRAL 30,ANTI-ULCEREUX IPP,LANSOPRAZOLE,GELULE,30MG,30,GELULES,BOITE,GENERIQUE,6085,3513,80,Remboursable
0002049,OMEGEN 20,ANTI-ULCEREUX IPP,OMEPRAZOLE,GELULE,20MG,14,GELULES,BOITE,GENERIQUE,1495,1495,80,Remboursable
0001968,OMEPRAL 20,ANTI-ULCEREUX IPP,OMEPRAZOLE,Comprimé sec,20MG,28,COMPRIMÉS,BOITE,GENERIQUE,5740,5298,80,Remboursable
0002001,OMEGEN 20,ANTI-ULCEREUX IPP,OMEPRAZOLE,GELULE,20MG,7,GELULES,BOITE,GENERIQUE,1265,1265,80,Remboursable
0002037,GASPRAL 20,ANTI-ULCEREUX IPP,OMEPRAZOLE,GELULE,20MG,30,GELULES,BOITE,GENERIQUE,5165,5165,80,Remboursable
0002133,LOMAC 20,ANTI-ULCEREUX IPP,OMEPRAZOLE,GELULE,20MG,14,GELULES,BOITE,GENERIQUE,1380,1380,80,Remboursable
0002063,OMEZYN 20,ANTI-ULCEREUX IPP,OMEPRAZOLE,GELULE,20MG,15,GELULES,BOITE,GENERIQUE,3185,2838,80,Remboursable
0003471,IPOZOLE 20,ANTI-ULCEREUX IPP,OMEPRAZOLE,GELULE,20MG,30,GELULES,BOITE,GENERIQUE,3445,3445,80,Remboursable
0002083,OMPRANYT 20,ANTI-ULCEREUX IPP,OMEPRAZOLE,GELULE,20MG,14,GELULES,BOITE,GENERIQUE,3445,2649,80,Remboursable
0002104,PROTON 20,ANTI-ULCEREUX IPP,OMEPRAZOLE,GELULE,20MG,14,GELULES,BOITE,GENERIQUE,3090,2649,80,Remboursable
0002121,OEDES 20,ANTI-ULCEREUX IPP,OMEPRAZOLE,GELULE,20MG,14,GELULES,BOITE,GENERIQUE,3260,2508,80,Remboursable
0002127,PRAZOL 20,ANTI-ULCEREUX IPP,OMEPRAZOLE,GELULE,20MG,28,GELULES,BOITE,GENERIQUE,5165,5165,80,Remboursable
0003606,IPOZOLE 20,ANTI-ULCEREUX IPP,OMEPRAZOLE,GELULE,20MG,10,GELULES,BOITE,GENERIQUE,1150,1150,80,Remboursable
0002140,LOMAC 40,ANTI-ULCEREUX IPP,OMEPRAZOLE,POUDRE POUR SOLUTION INJECTABLE,40MG,1,FLACON,BOITE,GENERIQUE,2300,2173,80,Remboursable
0003353,OMEPRAZOLE UBI 20 VRAC,ANTI-ULCEREUX IPP,OMEPRAZOLE,Comprimé sec,20MG,7,COMPRIMÉS,BLISTER,GENERIQUE,1345,1325,80,Remboursable
0003864,SEZOL 20,ANTI-ULCEREUX IPP,OMEPRAZOLE,GELULE,20MG,30,GELULES,BOITE,GENERIQUE,3445,3445,80,Remboursable
0003481,ULCIZONE 20,ANTI-ULCEREUX IPP,OMEPRAZOLE,GELULE,20MG,14,GELULES,BOITE,GENERIQUE,2870,2649,80,Remboursable
0003496,SOLCER 40,ANTI-ULCEREUX IPP,OMEPRAZOLE,POUDRE POUR SOLUTION INJECTABLE,40MG,1,FLACON,BOITE,GENERIQUE,3445,2173,80,Remboursable
0004491,IVEPRAL 40,ANTI-ULCEREUX IPP,OMEPRAZOLE,POUDRE POUR SOLUTION INJECTABLE,40MG,1,AMPOULE,BOITE,GENERIQUE,1575,1575,80,Remboursable
0003806,CAPRAZOLE 20,ANTI-ULCEREUX IPP,OMEPRAZOLE,GELULE,20MG,30,GELULES,BOITE,GENERIQUE,4900,4900,80,Remboursable
0003890,IPPROTON 40,ANTI-ULCEREUX IPP,OMEPRAZOLE,POUDRE POUR SOLUTION INJECTABLE,40MG,1,FLACON,BOITE,GENERIQUE,3330,2173,80,Remboursable
0004252,GASPRAL 40,ANTI-ULCEREUX IPP,OMEPRAZOLE,POUDRE POUR SOLUTION INJECTABLE,40MG,1,FLACON,BOITE,GENERIQUE,2630,2173,80,Remboursable
0004253,SOLCER SR,ANTI-ULCEREUX IPP,OMEPRAZOLE,GELULE,20MG,20,GELULES,BOITE,GENERIQUE,4595,3784,80,Remboursable
0004455,DAFRAZOL 40 Sol inj,ANTI-ULCEREUX IPP,OMEPRAZOLE,POUDRE POUR SOLUTION INJECTABLE,40MG,1,AMPOULE,BOITE,GENERIQUE,3215,2173,80,Remboursable
0004649,PROTON 20,ANTI-ULCEREUX IPP,OMEPRAZOLE,GELULE,20MG,28,GELULES,BOITE,GENERIQUE,4360,4360,80,Remboursable
0004758,DAFRAZOL 20,ANTI-ULCEREUX IPP,OMEPRAZOLE,COMPRIME,20MG,28,COMPRIMES,BOITE,GENERIQUE,3790,3790,80,Remboursable
0004798,OMIZ 20,ANTI-ULCEREUX IPP,OMEPRAZOLE,GELULE,20MG,28,GELULES,BOITE,GENERIQUE,4475,4475,80,Remboursable
0003564,RABETOK 20,ANTI-ULCEREUX IPP,RABEPRAZOLE,Comprimé sec,20MG,30,COMPRIMÉS,BOITE,GENERIQUE,3925,3925,80,Remboursable
0004797,OMIZ 20,ANTI-ULCEREUX IPP,OMEPRAZOLE,GELULE,20MG,14,GELULES,BOITE,GENERIQUE,2585,2585,80,Remboursable
0003462,ALCER 40,ANTI-ULCEREUX IPP,PANTOPRAZOLE,Comprimé sec,40MG,30,COMPRIMÉS,BOITE,GENERIQUE,6890,6890,80,Remboursable
0000249,RABEMAC 20,ANTI-ULCEREUX IPP,RABEPRAZOLE,Comprimé sec,20MG,10,COMPRIMÉS,BOITE,GENERIQUE,4020,1439,80,Remboursable
0003852,PANTO DENK 20,ANTI-ULCEREUX IPP,PANTOPRAZOLE,Comprimé sec,20MG,28,COMPRIMÉS,BOITE,GENERIQUE,3905,3905,80,Remboursable
0003618,FIZO 20,ANTI-ULCEREUX IPP,RABEPRAZOLE,Comprimé sec,20MG,10,COMPRIMÉS,BOITE,GENERIQUE,1725,1439,80,Remboursable
0003685,FIZO 20,ANTI-ULCEREUX IPP,RABEPRAZOLE,Comprimé sec,20MG,30,COMPRIMÉS,BOITE,GENERIQUE,4305,4305,80,Remboursable
0004545,RABELOC 20,ANTI-ULCEREUX IPP,RABEPRAZOLE,Comprimé sec,20MG,10,COMPRIMÉS,BOITE,GENERIQUE,3150,1439,80,Remboursable
0003853,PANTO DENK 40,ANTI-ULCEREUX IPP,PANTOPRAZOLE,Comprimé sec,40MG,28,COMPRIMÉS,BOITE,GENERIQUE,6315,6315,80,Remboursable
0004533,PANCI 40MG/10ML,ANTI-ULCEREUX IPP,PANTOPRAZOLE,POUDRE POUR SOLUTION INJECTABLE,40MG/10ML,1,FLACON,BOITE,GENERIQUE,2010,2010,80,Remboursable
0004576,TROYPANTO 40,ANTI-ULCEREUX IPP,PANTOPRAZOLE,Comprimé sec,40MG,10,COMPRIMÉS,BOITE,GENERIQUE,1720,1720,80,Remboursable
0004258,UPRAJECT 40MG/10ML,ANTI-ULCEREUX IPP,PANTOPRAZOLE,POUDRE POUR SOLUTION INJECTABLE,40MG/10ML,1,FLACON,BOITE,GENERIQUE,4020,3399,80,Remboursable
0004728,PANTONEX DR-40,ANTI-ULCEREUX IPP,PANTOPRAZOLE,COMPRIME,40MG,30,Unite (s),BOITE,GENERIQUE,3330,3330,80,Remboursable
0004745,PAN 20,ANTI-ULCEREUX IPP,PANTOPRAZOLE,COMPRIME,20MG,10,Unite (s),BOITE,GENERIQUE,1435,1435,80,Remboursable
0004746,PAN 40,ANTI-ULCEREUX IPP,PANTOPRAZOLE,COMPRIME,40MG,10,Unite (s),BOITE,GENERIQUE,2295,2295,80,Remboursable
0004803,PANTOPRAZOLE FRILAB 40MG/10ML,ANTI-ULCEREUX IPP,PANTOPRAZOLE,POUDRE POUR SOLUTION INJECTABLE,40MG/10ML,1,FLACON,BOITE,GENERIQUE,2560,2560,80,Remboursable
C000038,OMEPRAZOLE 20,ANTI-ULCEREUX IPP,OMEPRAZOLE,GELULE,20MG,30,GELULES,BLISTER,CAMEG,2250,2250,80,Remboursable
C000413,OMEPRAZOLE 40,ANTI-ULCEREUX IPP,OMEPRAZOLE,POUDRE POUR SOLUTION INJECTABLE,40MG,1,FLACON,AMPOULE,CAMEG,3455,2173,80,Remboursable
0000237,ALVIR 200,ANTI-VIRAL,ACICLOVIR,Comprimé sec,200MG,30,COMPRIMÉS,BOITE,GENERIQUE,6645,6645,80,Remboursable
0000829,WARIVIRON 400,ANTI-VIRAL,ACICLOVIR,Comprimé sec,400MG,35,COMPRIMÉS,BOITE,GENERIQUE,14810,14810,80,Remboursable
0000216,ACYCLOVIR DENK 200,ANTI-VIRAL,ACICLOVIR,Comprimé sec,200MG,25,COMPRIMÉS,BOITE,GENERIQUE,7530,6092,80,Remboursable
0004651,CICLOVIRAL 200,ANTI-VIRAL,ACICLOVIR,Comprimé sec,200MG,25,COMPRIMES,BOITE,GENERIQUE,4800,4800,80,Remboursable
0004652,CICLOVIRAL 400,ANTI-VIRAL,ACICLOVIR,Comprimé sec,400MG,25,COMPRIMES,BOITE,GENERIQUE,6600,6600,80,Remboursable
0004403,VELSO 100/400,ANTI-VIRAL ANTI-HEPATITE C,VELPATASVIR+SOFOSBUVIR,Comprimé,100MG/400MG,28,COMPRIMÉS,BOITE,GENERIQUE,172190,172190,80,Entente prealable
0004406,SOFOS 400,ANTI-VIRAL ANTI-HEPATITE C,SOFOSBUVIR,Comprimé,400MG,28,COMPRIMÉS,BOITE,GENERIQUE,199990,199990,80,Entente prealable
0004407,DASVIR 60,ANTI-VIRAL ANTI-HEPATITE C,DACLATASVIR,Comprimé,60MG,28,COMPRIMÉS,BOITE,GENERIQUE,80350,80350,80,Entente prealable
0004405,SSB 400,ANTI-VIRAL ANTI-HEPATITE C,SOFOSBUVIR,Comprimé,400MG,28,COMPRIMÉS,BOITE,GENERIQUE,229600,229600,80,Entente prealable
0004409,SOFOPAS 90/400,ANTI-VIRAL ANTI-HEPATITE C,LEDIPASVIR+SOFOSBUVIR,Comprimé,90MG/400MG,28,COMPRIMÉS,BOITE,GENERIQUE,442000,442000,80,Entente prealable
0000250,ALVIR 5%,ANTI-VIRAL LOCAL,ACICLOVIR,Crème dermique,5%,15,GRAMMES,Tube,GENERIQUE,2870,2870,80,Remboursable
0004408,DAKASVIR 60,ANTI-VIRAL ANTI-HEPATITE C,DACLATASVIR,Comprimé,60MG,28,COMPRIMÉS,BOITE,GENERIQUE,143500,126269,80,Entente prealable
0000819,ACYCLOVIR DENK 5%,ANTI-VIRAL LOCAL,ACICLOVIR,Crème dermique,5%,5,GRAMMES,Tube,GENERIQUE,3100,3100,80,Remboursable
0004650,CICLOVIRAL 5%,ANTI-VIRAL LOCAL,ACICLOVIR,Crème dermique,5%,10,GRAMMES,Tube,GENERIQUE,5200,5200,80,Remboursable
C000157,PROMETHAZINE 50mg inj amp 2ml,ANXIOLYTIQUE HYPNOTIQUE BENZODIAZEPINE,PROMETHAZINE,Solution Injectable,50MG/2ML,1,AMPOULE,BOITE,CAMEG,200,200,80,Remboursable
C000047,DIAZEPAM 10MG/2ML inj,ANXIOLYTIQUE HYPNOTIQUE BENZODIAZEPINE,DIAZEPAM,Solution Injectable,10MG/2ML,1,AMPOULE,BOITE,CAMEG,160,160,80,Remboursable
C000048,DIAZEPAM 5 cp,ANXIOLYTIQUE HYPNOTIQUE BENZODIAZEPINE,DIAZEPAM,COMPRIME,5MG,10,COMPRIMES,BLISTER,CAMEG,120,120,80,Remboursable
D000277,TETRATUL STERILE 10 X 10 B/10,CONSOMMABLES CHIRURGICAUX,TULLE GRAS,COMPRESSE,10CM X 10CM,10,Unite (s),BOITE,DISPOSITIFS MEDICAUX,1690,1690,80,Remboursable
D000275,TETRABANDE CONTENTION CHAIR,CONSOMMABLES CHIRURGICAUX,BANDE DE COMPRESSION,BANDE,"3,5M X 10 CM",1,Unite (s),BOITE,DISPOSITIFS MEDICAUX,4375,3500,80,Remboursable
D000276,TETRABANDE CONTENTION CHAIR,CONSOMMABLES CHIRURGICAUX,BANDE DE COMPRESSION,BANDE,3M X 7CM,1,Unite (s),BOITE,DISPOSITIFS MEDICAUX,3375,2700,80,Remboursable
0004795,BETASTENE 2MG,CORTICOIDE,BETAMETHASONE,COMPRIME,2MG,20,COMPRIMES,BOITE,GENERIQUE,2755,2755,80,Remboursable
D000278,TETRAPLAIE STERILE,CONSOMMABLES CHIRURGICAUX,PANSEMENT,COMPRESSE,"5CM X 7,2CM",10,Unite (s),BOITE,DISPOSITIFS MEDICAUX,1050,840,80,Remboursable
D000279,TETRAPLAIE STERILE,CONSOMMABLES CHIRURGICAUX,PANSEMENT,COMPRESSE,9CM X 10CM,10,Unite (s),BOITE,DISPOSITIFS MEDICAUX,1470,1175,80,Remboursable
D000280,TETRAPLAIE STERILE,CONSOMMABLES CHIRURGICAUX,PANSEMENT,COMPRESSE,9CM X 15CM,10,Unite (s),BOITE,DISPOSITIFS MEDICAUX,1850,1480,80,Remboursable
D000281,TETRASTRAP,CONSOMMABLES CHIRURGICAUX,BANDE ADHESIVE ELASTIQUE HYPOALLERGENIQUE,BANDE,"2,5M X 10CM",1,Unite (s),BOITE,DISPOSITIFS MEDICAUX,4950,2244,80,Remboursable
D000282,TETRASTRAP,CONSOMMABLES CHIRURGICAUX,BANDE ADHESIVE ELASTIQUE HYPOALLERGENIQUE,BANDE,"2,5CMx6CM",1,Unite (s),BOITE,DISPOSITIFS MEDICAUX,3100,1505,80,Remboursable
D000283,TETRASTRAP,CONSOMMABLES CHIRURGICAUX,BANDE ADHESIVE ELASTIQUE HYPOALLERGENIQUE,BANDE,"2,5M X 8CM",1,Unite (s),BOITE,DISPOSITIFS MEDICAUX,3900,1743,80,Remboursable
D000284,BETAPLAST N,CONSOMMABLES CHIRURGICAUX,PANSEMENT HYDROCELLULAIRE OU PANSEMENT ABSORBANT,COMPRESSE,10CM X 10CM,1,Unite (s),BOITE,DISPOSITIFS MEDICAUX,1840,1380,80,Remboursable
D000285,BETAPLAST N,CONSOMMABLES CHIRURGICAUX,PANSEMENT HYDROCELLULAIRE OU PANSEMENT ABSORBANT,COMPRESSE,35CM X 50CM,1,Unite (s),BOITE,DISPOSITIFS MEDICAUX,27500,23375,80,Remboursable
D000286,BETAPLAST H,CONSOMMABLES CHIRURGICAUX,PANSEMENT HYDROCOLLOIDE,COMPRESSE,10CM X 10CM,1,Unite (s),BOITE,DISPOSITIFS MEDICAUX,1005,754,80,Remboursable
0001848,COTIPRED 20,CORTICOIDE,PREDNISOLONE,COMPRIME DISPERSIBLE,20MG,20,COMPRIMES,BOITE,GENERIQUE,4605,4605,80,Remboursable
0001229,ALLERGOSONE 0.05%,CORTICOIDE,BETAMETHASONE,GOUTTE BUVABLE,0.05%,30,MILLILITRES,FLACON,GENERIQUE,2800,2800,80,Remboursable
0004490,ISOLONE 5,CORTICOIDE,PREDNISOLONE,COMPRIME EFFERVESCENT,5MG,30,COMPRIMES,BOITE,GENERIQUE,2010,2010,80,Remboursable
0001841,SOLUPRED,CORTICOIDE,PREDNISOLONE,COMPRIME DISPERSIBLE,20MG,20,COMPRIMÉS,BOITE,GENERIQUE,3560,3031,80,Remboursable
0001897,SODROL 40,CORTICOIDE,METHYLPREDNISOLONE,SOLUTION INJECTABLE,40MG,1,AMPOULE,BOITE,GENERIQUE,1365,1365,80,Remboursable
0001861,SOLUPRED,CORTICOIDE,PREDNISOLONE,COMPRIME DISPERSIBLE,5MG,30,COMPRIMÉS,BOITE,GENERIQUE,2110,1727,80,Remboursable
0003906,TRIAM-DENK 40,CORTICOIDE,TRIAMCINOLONE,SUSPENSION INJECTABLE,40MG,1,AMPOULE,AMPOULE,GENERIQUE,1150,1150,80,Remboursable
0003500,DEFAL 22.75MG/ML,CORTICOIDE,DEFLAZACORT,GOUTTE BUVABLE,22.75MG/ML,13,MILLILITRES,FLACON,GENERIQUE,6990,6990,80,Remboursable
0004716,ACFAMOL 40,CORTICOIDE,METHYLPREDNISOLONE,SUSPENSION INJECTABLE,40MG,1,AMPOULE,BOITE,GENERIQUE,1380,1380,80,Remboursable
0004080,BETASTENE 0.05% Sol buv,CORTICOIDE,BETAMETHASONE,GOUTTE BUVABLE,0.05%,30,MILLILITRES,FLACON,GENERIQUE,2585,2585,80,Remboursable
C000143,BETAMETHASONE 4MG/ML,CORTICOIDE,BETAMETHASONE,Solution Injectable,4MG/ML,1,AMPOULE,BOITE,CAMEG,825,825,80,Remboursable
C000029,DEXAMETHASONE 4MG/ML,CORTICOIDE,DEXAMETHASONE,Solution Injectable,4MG/ML,1,AMPOULE,BOITE,CAMEG,425,425,80,Remboursable
0001249,DERMOSONE 0.05% POMMADE,DERMOCORTICOIDE,BETAMETHASONE,Pommade,0.05%,15,GRAMMES,Tube,GENERIQUE,1135,1135,80,Remboursable
0002599,DERMOSONE 0.05% CREME,DERMOCORTICOIDE,BETAMETHASONE,Crème dermique,0.05%,15,GRAMMES,Tube,GENERIQUE,1135,1135,80,Remboursable
0000429,CORTAPAISYL CREME,DERMOCORTICOIDE,HYDROCORTISONE,Crème dermique,0.5%,15,GRAMMES,Tube,GENERIQUE,2010,2010,80,Remboursable
0000821,LOCATOP 0.1%,DERMOCORTICOIDE,DESONIDE,Crème dermique,0.1%,30,GRAMMES,Tube,GENERIQUE,1985,1985,80,Remboursable
0001319,DERMOSONE NEO,DERMOCORTICOIDE ASSOCIATION,BETAMETHASONE+NEOMYCINE,Crème,0.05%/0.5%,15,GRAMMES,Tube,GENERIQUE,1135,1135,80,Remboursable
C000165,BANDE DE Crêpe 10 cm x 4m unité,DISPOSITIFS MEDICAUX,BANDE DE CREPE,BANDE,10cm x 4 m,1,Grammes,BOITE,CAMEG,610,610,80,Remboursable
C000179,BANDE DE GAZE Hydrophile 5 cmx10m,DISPOSITIFS MEDICAUX,bande de gaze,BANDE,5cmx 10m,1,Grammes,BOITE,CAMEG,125,125,80,Remboursable
C000125,"AIGUILLE à Ponction Lombaire 20 Gx3 ""1/2unité",DISPOSITIFS MEDICAUX,AIGUILLE,AIGUILLE,20G,1,Grammes,BOITE,CAMEG,940,705,80,Remboursable
C000133,"AIGUILLE à Ponction Lombaire 22 Gx1""1/2 unité",DISPOSITIFS MEDICAUX,AIGUILLE,AIGUILLE,22 G,1,Grammes,BOITE,CAMEG,1005,754,80,Remboursable
C000137,"AIGUILLE à Ponction Lombaire 25GX3""1/2 unité",DISPOSITIFS MEDICAUX,AIGUILLE,AIGUILLE,25 G,1,Grammes,BOITE,CAMEG,1005,754,80,Remboursable
C000145,AIGUILLE Hypodermique 21 GX40mm unité,DISPOSITIFS MEDICAUX,AIGUILLE,AIGUILLE,21 G,1,Grammes,BOITE,CAMEG,30,25,80,Remboursable
C000149,AIGUILLE Hypodermique 23GX30mmunité,DISPOSITIFS MEDICAUX,AIGUILLE,AIGUILLE,23 G,1,Grammes,BOITE,CAMEG,30,25,80,Remboursable
C000153,AIGUILLE Hpodermique 25GX16mm unité,DISPOSITIFS MEDICAUX,AIGUILLE,AIGUILLE,25 G,1,Grammes,BOITE,CAMEG,30,25,80,Remboursable
C000160,BANDE DE Crêpe 8cm x4m unité,DISPOSITIFS MEDICAUX,BANDE DE CREPE,BANDE,8cm x4m,1,Grammes,BOITE,CAMEG,320,200,80,Remboursable
C000183,BANDE DE GAZ Hydrophyile 7cmx5m,DISPOSITIFS MEDICAUX,bande de gaze,BANDE,7cmx5m,1,Grammes,BOITE,CAMEG,138,138,80,Remboursable
C000173,BANDE DE GAZE Hydrophile 5cm x 5m,DISPOSITIFS MEDICAUX,bande de gaze,BANDE,5cmx 5m,1,Grammes,BOITE,CAMEG,70,110,80,Remboursable
C000187,BANDE DE GAZE Hydrophile 7.5cmx10m,DISPOSITIFS MEDICAUX,bande de gaze,BANDE,7.5 cmx 10m,1,Grammes,BOITE,CAMEG,250,250,80,Remboursable
C000191,bande de gaze hydrophile 10cmx5m,DISPOSITIFS MEDICAUX,bande de gaze,BANDE,10cm x 5m,1,Grammes,BOITE,CAMEG,150,150,80,Remboursable
C000197,bande de gaze 10cm x10m,DISPOSITIFS MEDICAUX,bande de gaze,BANDE,10cm x 10m,1,Grammes,BOITE,CAMEG,310,310,80,Remboursable
C000261,ETHILON NOIR (polyamide monofil)dec 2(3/0)90cmF2417aigFS-1 24mm3/8,DISPOSITIFS MEDICAUX,ETHILON,FIL DE SUTURE NON RESSORBABLE (3/0),3/0,1,Grammes,BOITE,CAMEG,1000,1000,80,Remboursable
C000303,LAMES de bistouri stériles uu n°22,DISPOSITIFS MEDICAUX,LAMES DE BISTOURI,LAME,N°22,1,Millilitres,BOITE,CAMEG,50,50,80,Remboursable
C000200,bande elastique 10 cm x4 m unité,DISPOSITIFS MEDICAUX,bande elastique,BANDE,10cm x4m,1,Grammes,BOITE,CAMEG,615,410,80,Remboursable
C000205,bande elastique 20 cm x 4 m unité,DISPOSITIFS MEDICAUX,bande elastique,BANDE,20 cm x4m,1,Grammes,BOITE,CAMEG,700,525,80,Remboursable
C000209,bande platree 10 cm x 3 m sachet /2,DISPOSITIFS MEDICAUX,bande platrée,SACHETS,10 cm x 3 m,2,Grammes,Sachet,CAMEG,1350,1013,80,Remboursable
C000213,bande platree 15 cm x 3 m sachet/2,DISPOSITIFS MEDICAUX,bande platrée,BANDE,15cm x3m ,1,Unite (s),Sachet,CAMEG,775,581,80,Remboursable
C000230,CATHETER COURT avec ailettes 22Gx25mm unité,DISPOSITIFS MEDICAUX,CATHETER COURT,CATHETER,22 GX25 MM,1,Grammes,BOITE,CAMEG,415,275,80,Remboursable
C000231,CATHETER COURT avec aillettes 18Gx45mm Unité,DISPOSITIFS MEDICAUX,CATHETER COURT,CATHETER,18 GX45MM,1,Grammes,BOITE,CAMEG,415,275,80,Remboursable
C000232,CATHETER COURT avec aillettes 20G x32mm unité,DISPOSITIFS MEDICAUX,CATHETER COURT,CATHETER,20G x45mm Unité,1,Grammes,BOITE,CAMEG,415,275,80,Remboursable
C000233,CATHETER COURT avec aillettes 24 Gx19mm Unité,DISPOSITIFS MEDICAUX,CATHETER COURT,CATHETER,24 GX19 MM,1,Grammes,BOITE,CAMEG,445,275,80,Remboursable
C000235,COMPRESSE DE GAZE STERILE 17 fils 8 plis 10x10cm(40x40)2/sach B /10,DISPOSITIFS MEDICAUX,COMPRESSE DE GAZE,COMPRESSE STERILE,40X40,10,Grammes,BOITE,CAMEG,900,675,80,Remboursable
C000240,COMPRESSE DE GAZE STERILLE 17 FILS 8PLIS 7.5X7.5 CM (30x30)2/sach B/10,DISPOSITIFS MEDICAUX,COMPRESSE ABDO,COMPRESSE STERILE,30X30,10,Grammes,BOITE,CAMEG,700,525,80,Remboursable
C000250,COMPRESSE ABDOMINALE NON TISSE STERILE 45X45 CM SACHET /2,DISPOSITIFS MEDICAUX,COMPRESSE ABDO,sachet,45X45CM/SACHET/2,2,Grammes,Sachet,CAMEG,1825,1278,80,Remboursable
C000347,COTON CARDE 500g Unité,DISPOSITIFS MEDICAUX,COTON,Coton cadré,500 g,1,Grammes,Rouleau,CAMEG,2610,1827,80,Remboursable
C000348,COTON CADRE 1000G Unité,DISPOSITIFS MEDICAUX,COTON,Coton cadré,1000 G,1,Grammes,Rouleau,CAMEG,5550,3885,80,Remboursable
C000349,Coton Hydrophyle 100g unité,DISPOSITIFS MEDICAUX,COTON,Coton Hydrophile,100g,1,Grammes,Rouleau,CAMEG,825,619,80,Remboursable
C000350,Coton Hydrophile 500g,DISPOSITIFS MEDICAUX,COTON,Coton Hydrophile,500g,1,Grammes,Rouleau,CAMEG,2550,1785,80,Remboursable
C000306,LAMES DE Bistouri stériles uun°23,DISPOSITIFS MEDICAUX,LAMES DE BISTOURI,LAME,n°23,1,,BOITE,CAMEG,50,50,80,Remboursable
C000275,GANT de Chirirugie en Latex Stérile n°7 Paire,DISPOSITIFS MEDICAUX,GANT,GANT LATEX STERILE N°7,N°7 PAIRE,1,Grammes,BOITE,CAMEG,300,200,80,Remboursable
C000279,GANT de Chirugie en Latex stérile n°7.5 Paire,DISPOSITIFS MEDICAUX,GANT,"Gant Latex n°7,5 Paire",n°7.5 Paire,1,Grammes,BOITE,CAMEG,300,200,80,Remboursable
C000282,GANT de chirugie en latex Stérile n°8 Paire,DISPOSITIFS MEDICAUX,GANT,gant latex stérile n°8,N°8 Paire,1,Grammes,BOITE,CAMEG,300,200,80,Remboursable
C000286,"GANT de Chirugie en Latex Stérile n°8,5 Paire",DISPOSITIFS MEDICAUX,GANT,"gant latex stérile n°8,5","n°8,5 Paire",1,Grammes,BOITE,CAMEG,300,200,80,Remboursable
C000290,GANT D'EXAMEN EN LATEX MMB/100,DISPOSITIFS MEDICAUX,GANT,Gant latex MM B/100,MM B/100,100,Grammes,BOITE,CAMEG,4500,3150,80,Remboursable
C000312,LAMES DE BISTOURI STERILES uu N°24,DISPOSITIFS MEDICAUX,LAMES DE BISTOURI,LAME,N°24,1,Grammes,BOITE,CAMEG,50,50,80,Remboursable
C000310,MICROPERFUSEUR(épicranienne)20Gxunité,DISPOSITIFS MEDICAUX,MICROPERFUSEUR,MICROPERFUSEUR,20g,1,Grammes,BOITE,CAMEG,100,100,80,Remboursable
C000313,MICROPERFUSEUR (épicranienne)21gx unité,DISPOSITIFS MEDICAUX,MICROPERFUSEUR,MICROPERFUSEUR,21G,1,Grammes,BOITE,CAMEG,100,100,80,Remboursable
C000315,MICROPREFUSEUR (épicrannienne),DISPOSITIFS MEDICAUX,MICROPERFUSEUR,MICROPERFUSEUR,22G,1,Grammes,BOITE,CAMEG,100,100,80,Remboursable
C000317,MICROPERFUSEUR (épicranienne) 23Gx unité,DISPOSITIFS MEDICAUX,MICROPERFUSEUR,MICROPERFUSEUR,23g,1,Grammes,BOITE,CAMEG,85,85,80,Remboursable
C000319,MICROPERFUSEUR (épicranienne 25G),DISPOSITIFS MEDICAUX,MICROPERFUSEUR,MICROPERFUSEUR,25G,1,Grammes,BOITE,CAMEG,65,65,80,Remboursable
C000322,PERFUSEUR en PVC et AIGUILLE 23G,DISPOSITIFS MEDICAUX,PERFUSEUR,PERFUSEUR AVEC AIGUILLE,23G,1,Grammes,BOITE,CAMEG,250,250,80,Remboursable
C000324,POCHE à urine ,DISPOSITIFS MEDICAUX,POCHE à urine,poche à urine,2l,1,Millilitres,BOITE,CAMEG,525,525,80,Remboursable
C000325,PROLENE BLEU (polymère monofil) dec.3.5(0)75cm F2820 AigCP-2 26mm1/2,DISPOSITIFS MEDICAUX,PROLENE,Fil à suture monofil,(0),1,Grammes,BOITE,CAMEG,2050,2050,80,Remboursable
C000323,PERFUSEUR EN PVC,DISPOSITIFS MEDICAUX,PERFUSEUR,PERFUSEUR EN Y avec aiguille,21G,1,Grammes,BOITE,CAMEG,235,180,80,Remboursable
C000332,SONDE DE FOLEY droite 2 voies  latex enduct silic CH14 ball 15ml unité,DISPOSITIFS MEDICAUX,SONDE DE FOLEY,SONDE DE FOLEY,CH 14,1,Grammes,BOITE,CAMEG,600,600,80,Remboursable
C000333,SONDE DE FOLEY droite 2voies latex enduct silic CH16 ball 15ml unité,DISPOSITIFS MEDICAUX,SONDE DE FOLEY,SONDE DE FOLEY,CH16,1,Grammes,BOITE,CAMEG,575,575,80,Remboursable
C000326,SERINGUE 2 Pièces ,DISPOSITIFS MEDICAUX,SERINGUE,SERINGUE,10ml 21G,1,Millilitres,BOITE,CAMEG,55,40,80,Remboursable
C000327,SERINGUE 2Pièces ,DISPOSITIFS MEDICAUX,SERINGUE,SERINGUE,2 ml 23 G,1,Grammes,BOITE,CAMEG,40,25,80,Remboursable
C000328,SERINGUE 2Pièces Luer Polypropylène 5ml + Aiguille 21Gx40mm unité,DISPOSITIFS MEDICAUX,SERINGUE,SERINGUE,5 ml 21 G,1,Grammes,BOITE,CAMEG,55,40,80,Remboursable
C000329,SONDE D'ALIMENTATION PEDIATRIQUE en PVC graduée CH10 40cm unité,DISPOSITIFS MEDICAUX,SONDE D'ALIMENTATION,SONDE D'ALIMENTATION PEDIATRIQUE,CH 10,1,Grammes,BOITE,CAMEG,505,335,80,Remboursable
C000330,SONDE D'ALIMENTATION PEDIATRIQUE EN pvc graduée CH6 40cm unité,DISPOSITIFS MEDICAUX,SONDE D'ALIMENTATION,SONDE D'ALIMENTATION PEDIATRIQUE,CH 6,1,Grammes,BOITE,CAMEG,490,325,80,Remboursable
C000331,SONDE DE FOLEY droite 2 voies latex enduct silic CH18 ball 15ml unité,DISPOSITIFS MEDICAUX,SONDE DE FOLEY,SONDE DE FOLEY,CH 18,1,Grammes,BOITE,CAMEG,865,649,80,Remboursable
C000357,SPARADRAP PERFORE,DISPOSITIFS MEDICAUX,SPARADRAP,ROULEAU 5m x 18cm perfore,25 cm,25 cm,Unite (s),Lamelle,CAMEG,150,150,80,Remboursable
C000340,VICRYL Aig Rde SH plus DEC 3(2/0)1/2C 26mm 75cm JV317,DISPOSITIFS MEDICAUX,VICRYL Serti,Fil à suture résorbable Aig Rde,(2/0),1,Millilitres,BOITE,CAMEG,1500,1500,80,Remboursable
C000334,SONDE URINAIRE de Nelaton Homme en PVC 18 40cm unité,DISPOSITIFS MEDICAUX,SONDE URINAIRE,SONDE URINAIRE DE NELATON,CH 18,1,Grammes,BOITE,CAMEG,525,575,80,Remboursable
C000335,SPARADRAP Tissé Perforé Sécable 5mx18cm rouleau LEUKOPLAST,DISPOSITIFS MEDICAUX,SPARADRAP,ROULEAU PERFORE,5mx18cm,1,Grammes,Rouleau,CAMEG,3075,2153,80,Remboursable
C000341,VICRLY Aig Tri déc 4(1)1/2c 40mm 90cm JV486,DISPOSITIFS MEDICAUX,VICRYL Serti,Fil à suture résorbable Aig Tri,(1),1,Grammes,BOITE,CAMEG,1500,1500,80,Remboursable
C000338,"TRANSFUSEUR complet avec chamb.et filtre ,site d'inj.en Y+Aig unité",DISPOSITIFS MEDICAUX,Transfuseur,transfuseur,0,1,Grammes,BOITE,CAMEG,480,320,80,Remboursable
C000346,VICRYL Serti (Autres déc),DISPOSITIFS MEDICAUX,VICRYL Serti,Fil à suture résorbable Aig,0,1,Grammes,BOITE,CAMEG,1250,1250,80,Remboursable
C000342,VICRYL BOBINE (Autres déc),DISPOSITIFS MEDICAUX,VICRYL BOBINE,Fil à suture résorbable Bobine,0,1,Grammes,BOITE,CAMEG,2000,2000,80,Remboursable
C000343,VICRYL bobine dec 3.5 (0) 250cm JV1207,DISPOSITIFS MEDICAUX,VICRYL BOBINE,Fil à suture résorbable Bobine,0,1,Grammes,BOITE,CAMEG,2000,2000,80,Remboursable
C000344,VICRYL BOBINE déc4(1)250cm.JV1208,DISPOSITIFS MEDICAUX,VICRYL BOBINE,Fil à suture résorbable Bobine,(1),1,Grammes,BOITE,CAMEG,2000,2000,80,Remboursable
C000345,VICRYL BOBINE déc 5)250 cm JV 1209,DISPOSITIFS MEDICAUX,VICRYL BOBINE,Fil à suture résorbable Bobine,(2),1,Grammes,BOITE,CAMEG,2000,2000,80,Remboursable
C000361,MERSUTURE VERT Dec 4,DISPOSITIFS MEDICAUX,MERSUTURE,FIL A SUTURE POLYESTER (1),FIL A SUTURE POLYESTER  (1),1,Gramme (s),BOITE,CAMEG,1000,1000,80,Remboursable
C000360,MERSUTURE VERT Dec 6,DISPOSITIFS MEDICAUX,MERSUTURE,FIL A SUTURE POLYESTER (3),FIL A SUTURE POLYESTER (3),1,Gramme (s),BOITE,CAMEG,1000,1000,80,Remboursable
C000269,ETHILON NOIR (polyamide monofil)dec3(2/0)90cm F2418 Aig FS26mm3/8c,DISPOSITIFS MEDICAUX,ETHILON NOIR,FIL DE SUTURE NON RESORBABLE (2/0),2/0,1,Grammes,BOITE,CAMEG,1000,1000,80,Remboursable
C000397,SERINGUE A INSULINE ,DISPOSITIFS MEDICAUX,SERINGUE à Insuline 100UI,INJECTION,1 ML 29 G,1,Unite (s),BOITE,CAMEG,80,80,80,Remboursable
C000396,GANT,DISPOSITIFS MEDICAUX,"GANT d'examen en latex PM, MM ou GM",LATEX,"PM, MM, ou GM, Paire",2,Unite (s),BOITE,CAMEG,90,90,80,Remboursable
C000394,BANDE DE CREPE,DISPOSITIFS MEDICAUX,BANDE DE CREPE 7 cm x 4 m unité,BANDE,7 cm x 4 m,1,Unite (s),BOITE,CAMEG,375,375,80,Remboursable
C000398,SONDE à OXYGENE,DISPOSITIFS MEDICAUX,SONDE à OXYGENE en PVC embout mosse CH 40 cm unité,TOUTE DIMENSION,PM,1,Unite (s),BOITE,CAMEG,475,475,80,Remboursable
C000395,BANDE DE OUATE,DISPOSITIFS MEDICAUX,"BANDE de OUATE synthétique hydrophobe 2,7 m x 10 cm unité",BANDE,"2,7 CM x 10 M",1,Unite (s),BOITE,CAMEG,630,473,80,Remboursable
C000402,GANT LATEX PM/MM,DISPOSITIFS MEDICAUX,GANT d'examen en latex PM/MM,Gant Latex,1 Paire,2,Unite (s),Sachet,CAMEG,55,55,80,Remboursable
C000414,CLAMP DE CORDON,DISPOSITIFS MEDICAUX,CLAMP DE CORDON,Nouvelle Forme,0,1,UNITE,BOITE,CAMEG,150,150,80,Remboursable
C000399,SONDE DE LEVIN,DISPOSITIFS MEDICAUX,SONDE DE LEVIN en PVC graduée ORX CH 125cm unité,TOUTE DIMENSION,PM,1,Unite (s),BOITE,CAMEG,990,743,80,Remboursable
C000403,GANT LATEX PM/MM,DISPOSITIFS MEDICAUX,GANT d'examen en latex PM/MM,Gant Latex,1,100,Unite (s),BOITE,CAMEG,2700,1890,80,Remboursable
C000415,GANT LONG,DISPOSITIFS MEDICAUX,GANT LONG,Gant Latex,0,1,PAIRE,BOITE,CAMEG,600,600,80,Remboursable
D000147,CREPESSAN LITE Bande crepe en coton,DISPOSITIFS MEDICAUX,BANDE DE CREPE,BANDE DE 4m x 10cm,PM,1,Metre (s),BOITE,DISPOSITIFS MEDICAUX,560,560,80,Remboursable
D000150,CREPESSAN LITE Bande crepe en coton,DISPOSITIFS MEDICAUX,BANDE DE CREPE,"BANDE DE 4m x 7,5cm",PM,1,Metre (s),BOITE,DISPOSITIFS MEDICAUX,400,400,80,Remboursable
D000151,CREPESSAN LITE Bande crepe en coton,DISPOSITIFS MEDICAUX,BANDE DE CREPE,BANDE DE 4m x5cm,PM,1,Metre (s),BOITE,DISPOSITIFS MEDICAUX,315,315,80,Remboursable
D000259,BANDE DE CREPE TETRA,DISPOSITIFS MEDICAUX,BANDE DE CREPE,BANDE,4MX20CM,1,Unite (s),BOITE,DISPOSITIFS MEDICAUX,500,500,80,Remboursable
D000260,BANDE DE CREPE TETRA,DISPOSITIFS MEDICAUX,BANDE DE CREPE,BANDE,4MX15CM,1,Unite (s),BOITE,DISPOSITIFS MEDICAUX,500,500,80,Remboursable
D000261,BANDE DE CREPE TETRA OTC,DISPOSITIFS MEDICAUX,BANDE DE CREPE,BANDE,4MX10CM,1,UNITE,BOITE,DISPOSITIFS MEDICAUX,575,575,80,Remboursable
D000263,BANDE DE CREPE OTC,DISPOSITIFS MEDICAUX,BANDE DE CREPE,BANDE,4MX5CM,1,Unite (s),BOITE,DISPOSITIFS MEDICAUX,310,310,80,Remboursable
D000264,BANDE EXTENSIBLE TETRA,DISPOSITIFS MEDICAUX,bande elastique,BANDE,4M X 20CM,1,Unite (s),BOITE,DISPOSITIFS MEDICAUX,310,310,80,Remboursable
D000262,BANDE DE CREPE OTC,DISPOSITIFS MEDICAUX,BANDE DE CREPE,BANDE,4MX7CM,1,Unite (s),BOITE,DISPOSITIFS MEDICAUX,325,244,80,Remboursable
D000265,BANDE EXTENSIBLE TETRA,DISPOSITIFS MEDICAUX,bande elastique,BANDE,4M X 15CM,1,Unite (s),BOITE,DISPOSITIFS MEDICAUX,255,255,80,Remboursable
D000266,BANDE EXTENSIBLE TETRA,DISPOSITIFS MEDICAUX,bande elastique,BANDE,4M X 10CM,1,Unite (s),BOITE,DISPOSITIFS MEDICAUX,170,170,80,Remboursable
D000267,BANDE EXTENSIBLE TETRA,DISPOSITIFS MEDICAUX,bande elastique,BANDE,4M X 7CM,1,Unite (s),BOITE,DISPOSITIFS MEDICAUX,120,120,80,Remboursable
D000268,BANDE EXTENSIBLE TETRA,DISPOSITIFS MEDICAUX,bande elastique,BANDE,4M X 5CM,1,Unite (s),BOITE,DISPOSITIFS MEDICAUX,100,100,80,Remboursable
D000237,COTON HYDROPHILE LABELL,DISPOSITIFS MEDICAUX,COTON,Coton Hydrophile,25G,1,,Rouleau,DISPOSITIFS MEDICAUX,325,325,80,Remboursable
D000251,TRANSFUSEUR LABELL EN Y,DISPOSITIFS MEDICAUX,Transfuseur,transfuseur en Y,transfuseur en y,1,,BOITE,DISPOSITIFS MEDICAUX,285,285,80,Remboursable
D000133,BIPLATRIX,DISPOSITIFS MEDICAUX,bande platrée,BANDE DE 20cm x 3m,PM,2,Millilitre (s),BOITE,DISPOSITIFS MEDICAUX,2545,1782,80,Remboursable
D000139,BIPLATRIX,DISPOSITIFS MEDICAUX,bande platrée,BANDE DE 15cm x 3m,PM,2,Millilitre (s),BOITE,DISPOSITIFS MEDICAUX,1910,1433,80,Remboursable
D000143,BIPLATRIX,DISPOSITIFS MEDICAUX,bande platrée,BANDE DE 10cm x 3m,PM,2,Millilitre (s),BOITE,DISPOSITIFS MEDICAUX,1225,919,80,Remboursable
D000233,COTON CARDE LABELL,DISPOSITIFS MEDICAUX,COTON,Coton cardé,500G,1,,Rouleau,DISPOSITIFS MEDICAUX,3150,2205,80,Remboursable
D000234,COTON HYDROPHILE LABELL,DISPOSITIFS MEDICAUX,COTON,Coton Hydrophile,1000G,1,,Rouleau,DISPOSITIFS MEDICAUX,7275,5093,80,Remboursable
D000235,COTON HYDROPHILE LABELL,DISPOSITIFS MEDICAUX,COTON,Coton Hydrophile,100G,1,,Rouleau,DISPOSITIFS MEDICAUX,1095,821,80,Remboursable
D000236,COTON HYDROPHILE LABELL,DISPOSITIFS MEDICAUX,COTON,Coton Hydrophile,200G,1,,Rouleau,DISPOSITIFS MEDICAUX,1905,1429,80,Remboursable
D000238,GANT CHIR LATEX STERILE LABELL,DISPOSITIFS MEDICAUX,GANT,Gant Latex stérile,n°7.5,1,,BOITE,DISPOSITIFS MEDICAUX,315,200,80,Remboursable
D000239,GANT CHIR LATEX STERILE LABELL,DISPOSITIFS MEDICAUX,GANT,Gant Latex stérile,n°8,1,,BOITE,DISPOSITIFS MEDICAUX,300,200,80,Remboursable
D000240,GANT D'EXAMEN LATEX LABELL PM,DISPOSITIFS MEDICAUX,GANT,Gant Latex,n°6/7,100,,BOITE,DISPOSITIFS MEDICAUX,5170,3619,80,Remboursable
D000241,GANT D'EXAMEN LATEX LABELL MM,DISPOSITIFS MEDICAUX,GANT,Gant Latex stérile,n°7/8,100,,BOITE,DISPOSITIFS MEDICAUX,5335,3735,80,Remboursable
D000242,GANT D'EXAMEN LATEX LABELL GM,DISPOSITIFS MEDICAUX,GANT,Gant Latex stérile,n°8/9,100,,BOITE,DISPOSITIFS MEDICAUX,5840,4088,80,Remboursable
D000243,GANT D'EXAMEN LATEX LABELL PM,DISPOSITIFS MEDICAUX,GANT,Gant Latex,n°6/7,1,,BOITE,DISPOSITIFS MEDICAUX,104,55,80,Remboursable
D000244,GANT D'EXAMEN LATEX LABELL MM,DISPOSITIFS MEDICAUX,GANT,Gant Latex stérile,n°7/8,1,,BOITE,DISPOSITIFS MEDICAUX,107,55,80,Remboursable
D000245,GANT D'EXAMEN LATEX LABELL GM,DISPOSITIFS MEDICAUX,GANT,Gant Latex stérile,n°8/9,1,,BOITE,DISPOSITIFS MEDICAUX,117,90,80,Remboursable
D000246,MICROPERFUSEUR (EPICRANIENNE) LABELL,DISPOSITIFS MEDICAUX,MICROPERFUSEUR,MICROPERFUSEUR,21G,1,,BOITE,DISPOSITIFS MEDICAUX,125,100,80,Remboursable
D000247,MICROPERFUSEUR (EPICRANIENNE) LABELL,DISPOSITIFS MEDICAUX,MICROPERFUSEUR,MICROPERFUSEUR,22G,1,,BOITE,DISPOSITIFS MEDICAUX,125,100,80,Remboursable
D000248,MICROPERFUSEUR (EPICRANIENNE) LABELL,DISPOSITIFS MEDICAUX,MICROPERFUSEUR,MICROPERFUSEUR,23G,1,,BOITE,DISPOSITIFS MEDICAUX,115,85,80,Remboursable
D000249,MICROPERFUSEUR (EPICRANIENNE) LABELL,DISPOSITIFS MEDICAUX,MICROPERFUSEUR,MICROPERFUSEUR,25G,1,,BOITE,DISPOSITIFS MEDICAUX,110,65,80,Remboursable
D000250,TRANSFUSEUR LABELL,DISPOSITIFS MEDICAUX,Transfuseur,transfuseur,transfuseur,1,,BOITE,DISPOSITIFS MEDICAUX,400,320,80,Remboursable
D000002,ACTIMOVE GAUNTLET DROIT-L,DISPOSITIFS MEDICAUX,ACTIMOVE,MATERIEL,PM,1,Millilitre (s),BOITE,DISPOSITIFS MEDICAUX,7410,5187,80,Remboursable
D000003,ACTIMOVE GAUNTLET DROIT-M,DISPOSITIFS MEDICAUX,ACTIMOVE,MATERIEL,PM,1,Millilitre (s),BOITE,DISPOSITIFS MEDICAUX,7410,5187,80,Remboursable
D000004,ACTIMOVE GAUNTLET DROIT-XL,DISPOSITIFS MEDICAUX,ACTIMOVE,MATERIEL,PM,1,Millilitre (s),BOITE,DISPOSITIFS MEDICAUX,7410,5187,80,Remboursable
D000005,ACTIMOVE GAUNTLET DROIT SMALL,DISPOSITIFS MEDICAUX,ACTIMOVE,MATERIEL,PM,1,Millilitre (s),BOITE,DISPOSITIFS MEDICAUX,7410,5187,80,Remboursable
D000006,ACTIMOVE GAUNTLET GAUCHE-M,DISPOSITIFS MEDICAUX,ACTIMOVE,MATERIEL,PM,1,Millilitre (s),BOITE,DISPOSITIFS MEDICAUX,7410,5187,80,Remboursable
D000007,ACTIMOVE GAUNTLET GAUCHE-L,DISPOSITIFS MEDICAUX,ACTIMOVE,MATERIEL,PM,1,Millilitre (s),BOITE,DISPOSITIFS MEDICAUX,7410,5187,80,Remboursable
D000008,ACTIMOVE GAUNTLET GAUCHE-XL,DISPOSITIFS MEDICAUX,ACTIMOVE,MATERIEL,PM,1,Millilitre (s),BOITE,DISPOSITIFS MEDICAUX,7410,5187,80,Remboursable
D000009,ACTIMOVE GAUNTLET GAUCHE SMALL,DISPOSITIFS MEDICAUX,ACTIMOVE,MATERIEL,PM,1,Millilitre (s),BOITE,DISPOSITIFS MEDICAUX,7410,5187,80,Remboursable
D000010,ACTIMOVE GENU ECO CLIPS 30CM U,DISPOSITIFS MEDICAUX,ACTIMOVE,MATERIEL,PM,1,Millilitre (s),BOITE,DISPOSITIFS MEDICAUX,14915,10441,80,Remboursable
D000011,ACTIMOVE GENU ECO CLIPS 40CM U,DISPOSITIFS MEDICAUX,ACTIMOVE,MATERIEL,PM,1,Millilitre (s),BOITE,DISPOSITIFS MEDICAUX,14915,10441,80,Remboursable
D000012,ACTIMOVE GENU ECO CLIPS 50 M/L,DISPOSITIFS MEDICAUX,ACTIMOVE,MATERIEL,PM,1,Millilitre (s),BOITE,DISPOSITIFS MEDICAUX,17510,12257,80,Remboursable
D000013,ACTIMOVE GENU ECO CLIPS 50 S/M,DISPOSITIFS MEDICAUX,ACTIMOVE,MATERIEL,PM,1,Millilitre (s),BOITE,DISPOSITIFS MEDICAUX,17510,12257,80,Remboursable
D000014,ACTIMOVE GENU ECO CLIPS 60 M/L,DISPOSITIFS MEDICAUX,ACTIMOVE,MATERIEL,PM,1,Millilitre (s),BOITE,DISPOSITIFS MEDICAUX,18270,12789,80,Remboursable
D000015,ACTIMOVE GENU ECO CLIPS 60 S/M,DISPOSITIFS MEDICAUX,ACTIMOVE,MATERIEL,PM,1,Millilitre (s),BOITE,DISPOSITIFS MEDICAUX,18270,12789,80,Remboursable
D000016,ACTIMOVE GENU ECO CLIPS 70 M/L,DISPOSITIFS MEDICAUX,ACTIMOVE,MATERIEL,PM,1,Millilitre (s),BOITE,DISPOSITIFS MEDICAUX,17495,12247,80,Remboursable
D000017,ACTIMOVE GENU ECO CLIPS 70 S/M,DISPOSITIFS MEDICAUX,ACTIMOVE,MATERIEL,PM,1,Millilitre (s),BOITE,DISPOSITIFS MEDICAUX,20645,14452,80,Remboursable
D000018,ACTIMOVE GENU TRI-PANEL 50CM-S,DISPOSITIFS MEDICAUX,ACTIMOVE,MATERIEL,PM,1,Millilitre (s),BOITE,DISPOSITIFS MEDICAUX,21005,14704,80,Remboursable
D000019,ACTIMOVE GENU TRI-PANEL 50CM-L,DISPOSITIFS MEDICAUX,ACTIMOVE,MATERIEL,PM,1,Millilitre (s),BOITE,DISPOSITIFS MEDICAUX,21005,14704,80,Remboursable
D000020,ACTIMOVE GENU TRI-PANEL 60CM-L,DISPOSITIFS MEDICAUX,ACTIMOVE,MATERIEL,PM,1,Millilitre (s),BOITE,DISPOSITIFS MEDICAUX,22315,15621,80,Remboursable
D000021,ACTIMOVE GENU TRI-PANEL 60CM-S,DISPOSITIFS MEDICAUX,ACTIMOVE,MATERIEL,PM,1,Millilitre (s),BOITE,DISPOSITIFS MEDICAUX,22315,15621,80,Remboursable
D000022,ACTIMOVE LOMBACARE L,DISPOSITIFS MEDICAUX,ACTIMOVE,MATERIEL,PM,1,Millilitre (s),BOITE,DISPOSITIFS MEDICAUX,43825,30678,80,Remboursable
D000023,ACTIMOVE LOMBACARE M,DISPOSITIFS MEDICAUX,ACTIMOVE,MATERIEL,PM,1,Millilitre (s),BOITE,DISPOSITIFS MEDICAUX,43825,30678,80,Remboursable
D000024,ACTIMOVE LOMBACARE X XL,DISPOSITIFS MEDICAUX,ACTIMOVE,MATERIEL,PM,1,Millilitre (s),BOITE,DISPOSITIFS MEDICAUX,43825,30678,80,Remboursable
D000025,ACTIMOVE LOMBACARE XL,DISPOSITIFS MEDICAUX,ACTIMOVE,MATERIEL,PM,1,Millilitre (s),BOITE,DISPOSITIFS MEDICAUX,43825,30678,80,Remboursable
D000026,ACTIMOVE LUMBAL-L,DISPOSITIFS MEDICAUX,ACTIMOVE,MATERIEL,PM,1,Millilitre (s),BOITE,DISPOSITIFS MEDICAUX,13510,9457,80,Remboursable
D000027,ACTIMOVE LUMBAL-M,DISPOSITIFS MEDICAUX,ACTIMOVE,MATERIEL,PM,1,Millilitre (s),BOITE,DISPOSITIFS MEDICAUX,13510,9457,80,Remboursable
D000028,ACTIMOVE LUMBAL-S,DISPOSITIFS MEDICAUX,ACTIMOVE,MATERIEL,PM,1,Millilitre (s),BOITE,DISPOSITIFS MEDICAUX,13510,9457,80,Remboursable
D000029,ACTIMOVE LUMBAL-XL,DISPOSITIFS MEDICAUX,ACTIMOVE,MATERIEL,PM,1,Millilitre (s),BOITE,DISPOSITIFS MEDICAUX,13510,9457,80,Remboursable
D000030,ACTIMOVE LUMBAL-XXXL,DISPOSITIFS MEDICAUX,ACTIMOVE,MATERIEL,PM,1,Millilitre (s),BOITE,DISPOSITIFS MEDICAUX,14870,10409,80,Remboursable
D000031,ACTIMOVE LUMBAL XXL,DISPOSITIFS MEDICAUX,ACTIMOVE,MATERIEL,PM,1,Millilitre (s),BOITE,DISPOSITIFS MEDICAUX,14870,10409,80,Remboursable
D000032,ACTIMOVE MANUS DROIT-L,DISPOSITIFS MEDICAUX,ACTIMOVE,MATERIEL,PM,1,Millilitre (s),BOITE,DISPOSITIFS MEDICAUX,5905,4134,80,Remboursable
D000033,ACTIMOVE MANUS DROIT-M,DISPOSITIFS MEDICAUX,ACTIMOVE,MATERIEL,PM,1,Millilitre (s),BOITE,DISPOSITIFS MEDICAUX,5905,4134,80,Remboursable
D000034,ACTIMOVE MANUS DROIT S,DISPOSITIFS MEDICAUX,ACTIMOVE,MATERIEL,PM,1,Millilitre (s),BOITE,DISPOSITIFS MEDICAUX,5905,4134,80,Remboursable
D000035,ACTIMOVE MANUS DROIT-XL,DISPOSITIFS MEDICAUX,ACTIMOVE,MATERIEL,PM,1,Millilitre (s),BOITE,DISPOSITIFS MEDICAUX,5905,4134,80,Remboursable
D000036,ACTIMOVE MANUS GAUCHE L,DISPOSITIFS MEDICAUX,ACTIMOVE,MATERIEL,PM,1,Millilitre (s),BOITE,DISPOSITIFS MEDICAUX,5905,4134,80,Remboursable
D000037,ACTIMOVE MANUS GAUCHE M,DISPOSITIFS MEDICAUX,ACTIMOVE,MATERIEL,PM,1,Millilitre (s),BOITE,DISPOSITIFS MEDICAUX,5905,4134,80,Remboursable
D000038,ACTIMOVE MANUS GAUCHE S,DISPOSITIFS MEDICAUX,ACTIMOVE,MATERIEL,PM,1,Millilitre (s),BOITE,DISPOSITIFS MEDICAUX,5905,4134,80,Remboursable
D000039,ACTIMOVE MANUS GAUCHE XL,DISPOSITIFS MEDICAUX,ACTIMOVE,MATERIEL,PM,1,Millilitre (s),BOITE,DISPOSITIFS MEDICAUX,5905,4134,80,Remboursable
D000040,ACTIMOVE MITELLA CONFORT L,DISPOSITIFS MEDICAUX,ACTIMOVE,MATERIEL,PM,1,Millilitre (s),BOITE,DISPOSITIFS MEDICAUX,5620,3934,80,Remboursable
D000041,ACTIMOVE MITELLA CONFORT M,DISPOSITIFS MEDICAUX,ACTIMOVE,MATERIEL,PM,1,Millilitre (s),BOITE,DISPOSITIFS MEDICAUX,5620,3934,80,Remboursable
D000042,ACTIMOVE MITELLA CONFORT S,DISPOSITIFS MEDICAUX,ACTIMOVE,MATERIEL,PM,1,Millilitre (s),BOITE,DISPOSITIFS MEDICAUX,5620,3934,80,Remboursable
D000043,ACTIMOVE MITELLA CONFORT XL,DISPOSITIFS MEDICAUX,ACTIMOVE,MATERIEL,PM,1,Millilitre (s),BOITE,DISPOSITIFS MEDICAUX,5620,3934,80,Remboursable
D000044,ACTIMOVE PTKD,DISPOSITIFS MEDICAUX,ACTIMOVE,MATERIEL,PM,1,Millilitre (s),BOITE,DISPOSITIFS MEDICAUX,8330,5831,80,Remboursable
D000045,ACTIMOVE SLING & SWATHE L,DISPOSITIFS MEDICAUX,ACTIMOVE,MATERIEL,PM,1,Millilitre (s),BOITE,DISPOSITIFS MEDICAUX,15220,10654,80,Remboursable
D000046,ACTIMOVE SLING & SWATHE M,DISPOSITIFS MEDICAUX,ACTIMOVE,MATERIEL,PM,1,Millilitre (s),BOITE,DISPOSITIFS MEDICAUX,13575,9503,80,Remboursable
D000047,ACTIMOVE SLING & SWATHE S,DISPOSITIFS MEDICAUX,ACTIMOVE,MATERIEL,PM,1,Millilitre (s),BOITE,DISPOSITIFS MEDICAUX,11940,8358,80,Remboursable
D000048,ACTIMOVE TALOCAST GAUCHE,DISPOSITIFS MEDICAUX,ACTIMOVE,MATERIEL,PM,1,Millilitre (s),BOITE,DISPOSITIFS MEDICAUX,17705,12394,80,Remboursable
D000049,ACTIMOVE TALOCASTE DROIT,DISPOSITIFS MEDICAUX,ACTIMOVE,MATERIEL,PM,1,Millilitre (s),BOITE,DISPOSITIFS MEDICAUX,17705,12394,80,Remboursable
D000050,ACTIMOVE UMERUS CONFORT L,DISPOSITIFS MEDICAUX,ACTIMOVE,MATERIEL,PM,1,Millilitre (s),BOITE,DISPOSITIFS MEDICAUX,8660,6062,80,Remboursable
D000051,ACTIMOVE UMERUS CONFORT M,DISPOSITIFS MEDICAUX,ACTIMOVE,MATERIEL,PM,1,Millilitre (s),BOITE,DISPOSITIFS MEDICAUX,8660,6062,80,Remboursable
D000052,ACTIMOVE UMERUS CONFORT S,DISPOSITIFS MEDICAUX,ACTIMOVE,MATERIEL,PM,1,Millilitre (s),BOITE,DISPOSITIFS MEDICAUX,8660,6062,80,Remboursable
D000053,ACTIMOVE UMERUS CONFORT XL,DISPOSITIFS MEDICAUX,ACTIMOVE,MATERIEL,PM,1,Millilitre (s),BOITE,DISPOSITIFS MEDICAUX,8660,6062,80,Remboursable
D000054,ACTIMOVE CERVICAL CONFORT XXL,DISPOSITIFS MEDICAUX,ACTIMOVE,MATERIEL,PM,1,Millilitre (s),BOITE,DISPOSITIFS MEDICAUX,5660,3962,80,Remboursable
D000055,ACTIMOVE CERVICAL CONFORT L,DISPOSITIFS MEDICAUX,ACTIMOVE,MATERIEL,PM,1,Millilitre (s),BOITE,DISPOSITIFS MEDICAUX,5660,3962,80,Remboursable
D000056,ACTIMOVE CERVICAL CONFORT M,DISPOSITIFS MEDICAUX,ACTIMOVE,MATERIEL,PM,1,Millilitre (s),BOITE,DISPOSITIFS MEDICAUX,5660,3962,80,Remboursable
D000057,ACTIMOVE CERVICAL CONFORT S,DISPOSITIFS MEDICAUX,ACTIMOVE,MATERIEL,PM,1,Millilitre (s),BOITE,DISPOSITIFS MEDICAUX,5660,3962,80,Remboursable
D000058,ACTIMOVE CERVICAL CONFORT XL,DISPOSITIFS MEDICAUX,ACTIMOVE,MATERIEL,PM,1,Millilitre (s),BOITE,DISPOSITIFS MEDICAUX,5660,3962,80,Remboursable
D000059,ACTIMOVE CERVICAL CONFORT XS,DISPOSITIFS MEDICAUX,ACTIMOVE,MATERIEL,PM,1,Millilitre (s),BOITE,DISPOSITIFS MEDICAUX,5660,3962,80,Remboursable
D000060,ACTIMOVE CLAVICULA L,DISPOSITIFS MEDICAUX,ACTIMOVE,MATERIEL,PM,1,Millilitre (s),BOITE,DISPOSITIFS MEDICAUX,6420,4494,80,Remboursable
D000061,ACTIMOVE CLAVICULA M,DISPOSITIFS MEDICAUX,ACTIMOVE,MATERIEL,PM,1,Millilitre (s),BOITE,DISPOSITIFS MEDICAUX,5765,4036,80,Remboursable
D000062,ACTIMOVE CLAVICULA P,DISPOSITIFS MEDICAUX,ACTIMOVE,MATERIEL,PM,1,Millilitre (s),BOITE,DISPOSITIFS MEDICAUX,4590,3213,80,Remboursable
D000063,ACTIMOVE CLAVICULA S,DISPOSITIFS MEDICAUX,ACTIMOVE,MATERIEL,PM,1,Millilitre (s),BOITE,DISPOSITIFS MEDICAUX,4975,3483,80,Remboursable
D000064,ACTIMOVE FIXATION-LA PAIRE,DISPOSITIFS MEDICAUX,ACTIMOVE,MATERIEL,PM,1,Millilitre (s),BOITE,DISPOSITIFS MEDICAUX,5725,4008,80,Remboursable
D000080,ACTIMOVE UMERUS CONFORT XS,DISPOSITIFS MEDICAUX,ACTIMOVE,MATERIEL,PM,1,Millilitre (s),BOITE,DISPOSITIFS MEDICAUX,8660,6062,80,Remboursable
D000065,COMPRINET PRO T7,DISPOSITIFS MEDICAUX,COMPRINET,MATERIEL,PM,1,Millilitre (s),BOITE,DISPOSITIFS MEDICAUX,7545,5282,80,Remboursable
D000066,COMPRINET PRO T8,DISPOSITIFS MEDICAUX,COMPRINET,MATERIEL,PM,1,Millilitre (s),BOITE,DISPOSITIFS MEDICAUX,7545,5282,80,Remboursable
D000067,COMPRINET PRO LG/REG T6,DISPOSITIFS MEDICAUX,COMPRINET,MATERIEL,PM,1,Millilitre (s),BOITE,DISPOSITIFS MEDICAUX,7545,5282,80,Remboursable
D000068,COMPRINET PRO LN/REG T5,DISPOSITIFS MEDICAUX,COMPRINET,MATERIEL,PM,1,Millilitre (s),BOITE,DISPOSITIFS MEDICAUX,7545,5282,80,Remboursable
D000069,COMPRINET PRO MED IREG T3,DISPOSITIFS MEDICAUX,COMPRINET,MATERIEL,PM,1,Millilitre (s),BOITE,DISPOSITIFS MEDICAUX,7545,5282,80,Remboursable
D000070,COMPRINET PRO MED LNG T4,DISPOSITIFS MEDICAUX,COMPRINET,MATERIEL,PM,1,Millilitre (s),BOITE,DISPOSITIFS MEDICAUX,7545,5282,80,Remboursable
D000071,TRICODUR GENU BLEU/BLC L,DISPOSITIFS MEDICAUX,TRICODUR,MATERIEL,PM,1,Millilitre (s),BOITE,DISPOSITIFS MEDICAUX,29530,20671,80,Remboursable
D000072,TRICODUR GENU BLEU/BLC M,DISPOSITIFS MEDICAUX,TRICODUR,MATERIEL,PM,1,Millilitre (s),BOITE,DISPOSITIFS MEDICAUX,29530,20671,80,Remboursable
D000073,TRICODUR GENU BLEU/BLC S,DISPOSITIFS MEDICAUX,TRICODUR,MATERIEL,PM,1,Millilitre (s),BOITE,DISPOSITIFS MEDICAUX,29530,20671,80,Remboursable
D000074,TRICODUR TALUS BLEU/BLC D L,DISPOSITIFS MEDICAUX,TRICODUR,MATERIEL,PM,1,Millilitre (s),BOITE,DISPOSITIFS MEDICAUX,24370,17059,80,Remboursable
D000075,TRICODUR TALUS BLEU/BLC D M,DISPOSITIFS MEDICAUX,TRICODUR,MATERIEL,PM,1,Millilitre (s),BOITE,DISPOSITIFS MEDICAUX,24370,17059,80,Remboursable
D000076,TRICODUR TALUS BLEU/BLC D S,DISPOSITIFS MEDICAUX,TRICODUR,MATERIEL,PM,1,Millilitre (s),BOITE,DISPOSITIFS MEDICAUX,24370,17059,80,Remboursable
D000077,TRICODUR TALUS BLEU/BLC G S,DISPOSITIFS MEDICAUX,TRICODUR,MATERIEL,PM,1,Millilitre (s),BOITE,DISPOSITIFS MEDICAUX,24370,17059,80,Remboursable
D000078,TRICODUR TALUS BLEU/BLC G L,DISPOSITIFS MEDICAUX,TRICODUR,MATERIEL,PM,1,Millilitre (s),BOITE,DISPOSITIFS MEDICAUX,24370,17059,80,Remboursable
D000079,TRICODUR TALUS BLEU/BLC G M,DISPOSITIFS MEDICAUX,TRICODUR,MATERIEL,PM,1,Millilitre (s),BOITE,DISPOSITIFS MEDICAUX,24370,17059,80,Remboursable
D000157,BABYHALER CHAMBRE D'INHALATION BB ET ENFT,DISPOSITIFS MEDICAUX,BABYHALER CHAMBRE D'INHALATION,INHALATION,PM,1,Unite (s),Chambre,DISPOSITIFS MEDICAUX,21305,14914,80,Remboursable
D000106,FLEXOBANDE,DISPOSITIFS MEDICAUX,BANDE DE COMPRESSION A ALLONGEMENT LONG,BANDE DE 4M x 8CM,PM,1,Millilitre (s),BOITE,DISPOSITIFS MEDICAUX,16500,11550,80,Remboursable
D000107,FLEXOBANDE,DISPOSITIFS MEDICAUX,BANDE DE COMPRESSION A ALLONGEMENT LONG,BANDE DE 4m x 10cm,PM,1,Millilitre (s),BOITE,DISPOSITIFS MEDICAUX,16500,11550,80,Remboursable
D000108,FLEXOBANDE,DISPOSITIFS MEDICAUX,BANDE DE COMPRESSION A ALLONGEMENT LONG,BANDE DE 3m x 8cm,PM,1,Millilitre (s),BOITE,DISPOSITIFS MEDICAUX,15100,10570,80,Remboursable
D000109,FLEXOBANDE,DISPOSITIFS MEDICAUX,BANDE DE COMPRESSION A ALLONGEMENT LONG,BANDE DE 3m x 10cm,PM,1,Millilitre (s),BOITE,DISPOSITIFS MEDICAUX,15100,10570,80,Remboursable
D000149,LEUCKOPLAST S,DISPOSITIFS MEDICAUX,SPARADRAP TRADITIONNEL,"ROULEAU 5m x 1,25cm",PM,1,Unite (s),Rouleau,DISPOSITIFS MEDICAUX,505,505,80,Remboursable
D000152,LEUCKOPLAST S,DISPOSITIFS MEDICAUX,SPARADRAP TRADITIONNEL,ROULEAU 5m x 18cm perfore,25 cm,25 cm,Unite (s),Lamelle,DISPOSITIFS MEDICAUX,200,200,80,Remboursable
D000113,JERSEY COTON,DISPOSITIFS MEDICAUX,COTON HYDROFUGE,JERSEY HYDROFUGE 10m x 10cm,PM,1,Millilitre (s),BOITE,DISPOSITIFS MEDICAUX,9275,6493,80,Remboursable
D000114,JERSEY COTON,DISPOSITIFS MEDICAUX,COTON HYDROFUGE,JERSEY HYDROFUGE 10m x 7 cm,PM,1,Millilitre (s),BOITE,DISPOSITIFS MEDICAUX,7650,5355,80,Remboursable
D000124,JERSEY COTON,DISPOSITIFS MEDICAUX,COTON HYDROFUGE,JERSEY HYDROFUGE 10m x 5 cm,PM,1,Millilitre (s),BOITE,DISPOSITIFS MEDICAUX,4870,3409,80,Remboursable
D000126,JERSEY COTON,DISPOSITIFS MEDICAUX,COTON HYDROFUGE,JERSEY HYDROFUGE 10m x 3 cm,PM,1,Millilitre (s),BOITE,DISPOSITIFS MEDICAUX,3655,2559,80,Remboursable
D000115,COMPRINET PRO (Bas cuisse),DISPOSITIFS MEDICAUX,BAS MEDICAL DE COMPRESSION,TAILLE 3 A 8,PM,1,Millilitre (s),BOITE,DISPOSITIFS MEDICAUX,7545,5282,80,Remboursable
D000116,DELTA LITE PLUS (DYNACAST),DISPOSITIFS MEDICAUX,BANDE DE RESINE,"BANDE 3,6m x 10 cm",PM,1,Millilitre (s),BOITE,DISPOSITIFS MEDICAUX,6970,4879,80,Remboursable
D000287,BEST CAST TAILLE 2,DISPOSITIFS MEDICAUX,BANDE DE RESINE,BANDE,"3,6M X 5CM",1,Unite (s),Sachet,DISPOSITIFS MEDICAUX,3550,2485,80,Remboursable
D000288,BEST CAST TAILLE 3,DISPOSITIFS MEDICAUX,BANDE DE RESINE,BANDE,"3,6M X 7,5 CM",1,Unite (s),Sachet,DISPOSITIFS MEDICAUX,4375,3062,80,Remboursable
D000289,BEST CAST TAILLE 4,DISPOSITIFS MEDICAUX,BANDE DE RESINE,BANDE,"3,6 M X 10 CM",1,Unite (s),Sachet,DISPOSITIFS MEDICAUX,5855,4098,80,Remboursable
D000290,BEST CAST TAILLE 5,DISPOSITIFS MEDICAUX,BANDE DE RESINE,BANDE,"3,6M X 12,5CM",1,Unite (s),Sachet,DISPOSITIFS MEDICAUX,6515,4560,80,Remboursable
D000292,PHIL-CAST,DISPOSITIFS MEDICAUX,BANDE DE RESINE,BANDE,"3,6M X 7,5CM",1,Unite (s),Sachet,DISPOSITIFS MEDICAUX,4095,3062,80,Remboursable
D000117,CUTICELL CLASSIC,DISPOSITIFS MEDICAUX,PANSEMENT GRAS STERILE,BANDE DE 10M x 40CM,PM,1,Millilitre (s),BOITE,DISPOSITIFS MEDICAUX,5945,4162,80,Remboursable
D000136,CUTICELL CLASSIC,DISPOSITIFS MEDICAUX,PANSEMENT GRAS STERILE,BANDE DE 10m x 10cm,PM,1,Millilitre (s),BOITE,DISPOSITIFS MEDICAUX,2160,1512,80,Remboursable
D000118,COMPRILAN,DISPOSITIFS MEDICAUX,BANDE DE COPRESSION A ALLONGEMENT COURT,BANDE DE 5m x 6cm,PM,1,Millilitre (s),BOITE,DISPOSITIFS MEDICAUX,5928,4150,80,Remboursable
D000119,COMPRILAN,DISPOSITIFS MEDICAUX,BANDE DE COPRESSION A ALLONGEMENT COURT,BANDE DE 5m x 8cm,PM,1,Millilitre (s),BOITE,DISPOSITIFS MEDICAUX,5928,4150,80,Remboursable
D000120,COMPRILAN,DISPOSITIFS MEDICAUX,BANDE DE COPRESSION A ALLONGEMENT COURT,BANDE DE 5m x 10cm,PM,1,Millilitre (s),BOITE,DISPOSITIFS MEDICAUX,5928,4150,80,Remboursable
D000121,COMPRILAN,DISPOSITIFS MEDICAUX,BANDE DE COPRESSION A ALLONGEMENT COURT,BANDE DE 5m x 12 cm,PM,1,Millilitre (s),BOITE,DISPOSITIFS MEDICAUX,5928,4150,80,Remboursable
D000125,LEUCKOPLAST S,DISPOSITIFS MEDICAUX,SPARADRAP TRADITIONNEL,ROULEAU 5m x 18cm perfore,PM,1,Millilitre (s),Rouleau,DISPOSITIFS MEDICAUX,4000,2800,80,Remboursable
D000130,LEUCKOPLAST S,DISPOSITIFS MEDICAUX,SPARADRAP TRADITIONNEL,ROULEAU 5m x 10cm perfore,PM,1,Millilitre (s),Rouleau,DISPOSITIFS MEDICAUX,2910,2037,80,Remboursable
D000140,LEUCKOPLAST S,DISPOSITIFS MEDICAUX,SPARADRAP TRADITIONNEL,ROULEAU 5m x 5cm perfore,PM,1,Millilitre (s),Rouleau,DISPOSITIFS MEDICAUX,1755,1316,80,Remboursable
D000146,LEUCKOPLAST S,DISPOSITIFS MEDICAUX,SPARADRAP TRADITIONNEL,ROULEAU 5m x 2cm,PM,1,Unite (s),Rouleau,DISPOSITIFS MEDICAUX,690,518,80,Remboursable
D000153,LEUCKOPLAST S,DISPOSITIFS MEDICAUX,SPARADRAP TRADITIONNEL,ROULEAU 5m x 10cm perfore,25 cm,25 cm,Unite (s),Lamelle,DISPOSITIFS MEDICAUX,145,145,80,Remboursable
D000155,LEUCKOPLAST S,DISPOSITIFS MEDICAUX,SPARADRAP TRADITIONNEL,ROULEAU 5m x 5cm perfore,25 cm,25 cm,Unite (s),Lamelle,DISPOSITIFS MEDICAUX,90,90,80,Remboursable
D000148,SOFFBAN PLUS,DISPOSITIFS MEDICAUX,COTON CARDE SYNTHETIQUE,"COTON Carde 2,7m x 10cm",PM,1,Unite (s),BOITE,DISPOSITIFS MEDICAUX,535,535,80,Remboursable
D000127,CUTISORB ABSORB,DISPOSITIFS MEDICAUX,PANSEMENT ABSORBANT,BANDE DE 15m x 20cm,PM,1,Millilitre (s),BOITE,DISPOSITIFS MEDICAUX,3360,2352,80,Remboursable
D000131,CUTISORB ABSORB,DISPOSITIFS MEDICAUX,PANSEMENT ABSORBANT,BANDE DE 10m x 20cm,PM,1,Millilitre (s),BOITE,DISPOSITIFS MEDICAUX,2866,2006,80,Remboursable
D000138,CUTISORB ABSORB,DISPOSITIFS MEDICAUX,PANSEMENT ABSORBANT,BANDE DE 10m x 10cm,PM,1,Millilitre (s),BOITE,DISPOSITIFS MEDICAUX,1969,1477,80,Remboursable
D000128,TENSOPLAST,DISPOSITIFS MEDICAUX,BANDE DE CONTENTION ELASTIQUE,"BANDE DE 2,5 x 10cm",PM,1,Millilitre (s),BOITE,DISPOSITIFS MEDICAUX,3205,2244,80,Remboursable
D000134,TENSOPLAST,DISPOSITIFS MEDICAUX,BANDE DE CONTENTION ELASTIQUE,"BANDE DE 2,5m x 8cm",PM,1,Millilitre (s),BOITE,DISPOSITIFS MEDICAUX,2490,1743,80,Remboursable
D000137,TENSOPLAST,DISPOSITIFS MEDICAUX,BANDE DE CONTENTION ELASTIQUE,"BANDE DE 2,5m x 6cm",PM,1,Millilitre (s),BOITE,DISPOSITIFS MEDICAUX,2150,1505,80,Remboursable
D000162,SOFBAN / BANDE DE PROTECTION,DISPOSITIFS MEDICAUX,SOFBAN,BANDE DE PROTECTION,"2,7 m x 10 cm",1,Metre (s),BOITE,DISPOSITIFS MEDICAUX,558,558,80,Remboursable
D000132,CUTIMED GEL,DISPOSITIFS MEDICAUX,PANSEMENT HYDROGEL,TUBE DE 25g,PM,1,Millilitre (s),BOITE,DISPOSITIFS MEDICAUX,2715,1901,80,Remboursable
D000135,STRAPPAL,DISPOSITIFS MEDICAUX,BANDE DE CONTENTION NON ELASTIQUE,BANDE DE 4m x 10cm,PM,1,Millilitre (s),BOITE,DISPOSITIFS MEDICAUX,2470,1729,80,Remboursable
D000141,HYPAFIX Sparadrap hypoallergenique,DISPOSITIFS MEDICAUX,SPARADRAP HYPOALLERGENIQUE,BANDE DE 2m x 10cm,PM,1,Millilitre (s),Rouleau,DISPOSITIFS MEDICAUX,1455,1091,80,Remboursable
D000142,EASIFIX COHESIVE,DISPOSITIFS MEDICAUX,ELASTOMUL HAFT,BANDE DE 4M x 8CM,PM,1,Millilitre (s),BOITE,DISPOSITIFS MEDICAUX,1415,1061,80,Remboursable
D000144,SOFFBAN PLUS,DISPOSITIFS MEDICAUX,COTON CARDE SYNTHETIQUE,"COTON carde 2,7m x 20 cm",PM,1,Millilitre (s),BOITE,DISPOSITIFS MEDICAUX,1005,754,80,Remboursable
D000145,SOFFBAN PLUS,DISPOSITIFS MEDICAUX,COTON CARDE SYNTHETIQUE,"COTON carde 2,7m x 15 cm",PM,1,Unite (s),BOITE,DISPOSITIFS MEDICAUX,880,660,80,Remboursable
D000163,STERICRIN 2/0 CT 3/8/ Fil de suture en polyamide bleu,DISPOSITIFS MEDICAUX,STERICRIN,FIL NON RESORVABLE,PM,1,Metre (s),BOITE,DISPOSITIFS MEDICAUX,950,950,80,Remboursable
D000160,PHIL-CAST / BANDE DE RESINE,DISPOSITIFS MEDICAUX,PHIL-CAST,PHIL-CAST,"10 cm x 3,6 m",1,Metre (s),BOITE,DISPOSITIFS MEDICAUX,5750,4025,80,Remboursable
D000161,PHIL-CAST / BANDE DE RESINE,DISPOSITIFS MEDICAUX,PHIL-CAST,PHIL-CAST,"12,5 cm x 3,6 m",1,Metre (s),BOITE,DISPOSITIFS MEDICAUX,6950,4865,80,Remboursable
D000164,STERIDEK 2/0 CR 3/8 26 MM/ FIL DE SUTURE EN POLYESTER,DISPOSITIFS MEDICAUX,STERIDEK,FIL NON RESORVABLE,PM,1,Metre (s),BOITE,DISPOSITIFS MEDICAUX,1700,1700,80,Remboursable
D000168,STERILIN 2/0 3/8 26 MM/ Fil de suture en lin beige,DISPOSITIFS MEDICAUX,STERILIN,FIL NON RESORVABLE,PM,1,Metre (s),BOITE,DISPOSITIFS MEDICAUX,950,950,80,Remboursable
D000169,STERISILK 1 CT 3/2 32 MM/Fil de suture en soie tressée,DISPOSITIFS MEDICAUX,STERISILK,FIL NON RESORVABLE,PM,1,Metre (s),BOITE,DISPOSITIFS MEDICAUX,1205,1205,80,Remboursable
D000165,STERIFIL JERSEY / Jersey médical,DISPOSITIFS MEDICAUX,STERIFIL JERSEY,JERSEY MEDICAL,10 cm x 25 m,1,Metre (s),BOITE,DISPOSITIFS MEDICAUX,2675,1873,80,Remboursable
D000166,STERIFIL JERSEY / Jersey médical,DISPOSITIFS MEDICAUX,STERIFIL JERSEY,JERSEY MEDICAL,15 cm x 25 m,1,Metre (s),BOITE,DISPOSITIFS MEDICAUX,3540,2478,80,Remboursable
D000167,STERIFIL JERSEY / Jersey médical,DISPOSITIFS MEDICAUX,STERIFIL JERSEY,JERSEY MEDICAL,20 cm x 25 m,1,Metre (s),BOITE,DISPOSITIFS MEDICAUX,4900,3430,80,Remboursable
D000170,STERISILK 2/ 0 CR 3/ 8 25 MM/ Fil de suture en soie tressée,DISPOSITIFS MEDICAUX,STERISILK,FIL NON RESORVABLE,PM,1,Metre (s),BOITE,DISPOSITIFS MEDICAUX,1205,1205,80,Remboursable
D000171,STERIXYL 0 CT 3/8 25 MM / Fil de suture en acide polyglycolique,DISPOSITIFS MEDICAUX,STERIXYL,FIL RESORVABLE,PM,1,Metre (s),BOITE,DISPOSITIFS MEDICAUX,2100,2100,80,Remboursable
D000172,STERIXYL 1 CR 4/8 36 MM / Fil de suture en acide polyglycolique,DISPOSITIFS MEDICAUX,STERIXYL,FIL RESORVABLE,PM,1,Metre (s),BOITE,DISPOSITIFS MEDICAUX,2100,2100,80,Remboursable
D000173,URGO STRAPPIN / BANBE STRAPPING,DISPOSITIFS MEDICAUX,URGO STRAPPIN,URGO STRAPPING,"2,5 m x 6cm",1,Metre (s),BOITE,DISPOSITIFS MEDICAUX,2445,1712,80,Remboursable
D000174,URGO STRAPPIN / BANDE STRAPPING,DISPOSITIFS MEDICAUX,URGO STRAPPIN,URGO STRAPPING,"2,5 m x10 cm",1,Metre (s),BOITE,DISPOSITIFS MEDICAUX,3749,2624,80,Remboursable
D000175,URGO STRAPPIN / BANDE STRAPPING,DISPOSITIFS MEDICAUX,URGO STRAPPIN,URGO STRAPPING,"2,5 m x 15 cm",1,Metre (s),BOITE,DISPOSITIFS MEDICAUX,4775,3343,80,Remboursable
D000218,BANDE DE CREPE LABELL,DISPOSITIFS MEDICAUX,BANDE,BANDE,10CM X 4M,1,,BOITE,DISPOSITIFS MEDICAUX,575,575,80,Remboursable
D000222,BANDE DE CREPPE LABELL,DISPOSITIFS MEDICAUX,BANDE,BANDE,5cm x 4m,1,,BOITE,DISPOSITIFS MEDICAUX,325,325,80,Remboursable
D000224,BANDE DE GAZE HYDROPHILE LABELL,DISPOSITIFS MEDICAUX,BANDE,BANDE,5cm X 3m,1,,BOITE,DISPOSITIFS MEDICAUX,47,47,80,Remboursable
D000219,BANDE DE CREPE LABELL,DISPOSITIFS MEDICAUX,BANDE,BANDE,15cmx4m,1,,BOITE,DISPOSITIFS MEDICAUX,925,694,80,Remboursable
D000220,BANDE DE CREPE LABELL,DISPOSITIFS MEDICAUX,BANDE,BANDE,20cm x 4m,1,,BOITE,DISPOSITIFS MEDICAUX,1290,968,80,Remboursable
D000221,BANDE DE CREPE LABELL,DISPOSITIFS MEDICAUX,BANDE,BANDE,30cm x 4m,1,,BOITE,DISPOSITIFS MEDICAUX,1860,1395,80,Remboursable
D000225,BANDE DE GAZE HYDROPHILE LABELL,DISPOSITIFS MEDICAUX,BANDE,BANDE,10cm x 3m,1,,BOITE,DISPOSITIFS MEDICAUX,94,94,80,Remboursable
D000223,BANDE DE CREPE LABELL,DISPOSITIFS MEDICAUX,BANDE,BANDE,7CMx4M,1,,BOITE,DISPOSITIFS MEDICAUX,430,375,80,Remboursable
D000226,BANDE DE GAZE HYDROPHILE LABELL,DISPOSITIFS MEDICAUX,BANDE,BANDE,7cm x 3m,1,,BOITE,DISPOSITIFS MEDICAUX,70,70,80,Remboursable
D000228,BANDE DE GAZE HYDROPHILE LABELL,DISPOSITIFS MEDICAUX,BANDE,BANDE,5cm x 5m,1,,BOITE,DISPOSITIFS MEDICAUX,88,88,80,Remboursable
D000229,BANDE DE GAZE HYDROPHILE LABELL,DISPOSITIFS MEDICAUX,BANDE,BANDE,7cm x 5m,1,,BOITE,DISPOSITIFS MEDICAUX,138,138,80,Remboursable
D000227,BANDE DE GAZE HYDROPHILE LABELL,DISPOSITIFS MEDICAUX,BANDE,BANDE,10cm x 5m,1,,BOITE,DISPOSITIFS MEDICAUX,175,150,80,Remboursable
D000230,COMPRESSE DE GAZE STERILE LABELL,DISPOSITIFS MEDICAUX,COMPRESSE,COMPRESSE STERILE,20x20,10,,BOITE,DISPOSITIFS MEDICAUX,485,485,80,Remboursable
D000271,COMPRESSE GAZE STERILES TETRA,DISPOSITIFS MEDICAUX,COMPRESSE STERILE,COMPRESSE,20CM X 20CM,10,Unite (s),BOITE,DISPOSITIFS MEDICAUX,265,265,80,Remboursable
D000272,COMPRESSES GAZE STERILES TETRA,DISPOSITIFS MEDICAUX,COMPRESSE STERILE,COMPRESSE,30CM X 30CM,10,Unite (s),BOITE,DISPOSITIFS MEDICAUX,465,465,80,Remboursable
D000231,COMPRESSE DE GAZE STERILE LABELL,DISPOSITIFS MEDICAUX,COMPRESSE,COMPRESSE STERILE,30x30,10,,BOITE,DISPOSITIFS MEDICAUX,700,525,80,Remboursable
D000232,COMPRESSE DE GAZE STERILE LABELL,DISPOSITIFS MEDICAUX,COMPRESSE,COMPRESSE STERILE,40x40,10,,BOITE,DISPOSITIFS MEDICAUX,910,683,80,Remboursable
D000254,"CHAMBRE D'INHALATION BB, NRS et Enft",DISPOSITIFS MEDICAUX,CHAMBRE D'INHALATION,INHALATION,PM,1,Unite (s),BOITE,DISPOSITIFS MEDICAUX,13500,11000,80,Remboursable
D000255,CHAMBRE D'INHALATION Adulte,DISPOSITIFS MEDICAUX,CHAMBRE D'INHALATION,INHALATION,PM,1,Unite (s),Chambre,DISPOSITIFS MEDICAUX,15695,13000,80,Remboursable
D000256,CANULE DE TRACHEOTOMIE Narang,DISPOSITIFS MEDICAUX,CANULE DE TRACHEOTOMIE,CANULE,0,1,Unite (s),Sachet,DISPOSITIFS MEDICAUX,18000,15300,80,Remboursable
D000258,LAME DE DERMATOME Narang,DISPOSITIFS MEDICAUX,LAME DE DERMATOME,LAME,0,1,UNITE,Sachet,DISPOSITIFS MEDICAUX,25000,21250,80,Remboursable
D000269,COMPRESSE TETRA NON TISSEE STERILE,DISPOSITIFS MEDICAUX,COMPRESSE STERILE,COMPRESSE,10CM X 10CM,10,Unite (s),BOITE,DISPOSITIFS MEDICAUX,520,390,80,Remboursable
D000270,COMPRESSE TETRA NON TISSEE STERILE,DISPOSITIFS MEDICAUX,COMPRESSE STERILE,COMPRESSE,"7,5CM x 7,5CM",10,Unite (s),BOITE,DISPOSITIFS MEDICAUX,380,285,80,Remboursable
D000273,COMPRESSES GAZE STERILES TETRA,DISPOSITIFS MEDICAUX,COMPRESSE STERILE,COMPRESSE,40CM X 40CM,10,Unite (s),BOITE,DISPOSITIFS MEDICAUX,700,683,80,Remboursable
D000274,COTON TETRA ZIG ZAG,DISPOSITIFS MEDICAUX,COTON HYDROPHILE,Coton Hydrophile,100 G,1,Unite (s),BOITE,DISPOSITIFS MEDICAUX,840,821,80,Remboursable
D000176,CATHETER POUR HEMODIALYSE PERMANENT,DM,CATHETER,MATERIEL,0,1,Unite (s),BOITE,DISPOSITIFS MEDICAUX,200000,140000,80,Entente prealable
D000177,CATHETER POUR HEMODIALYSE NON PERMANENT,DM,CATHETER,MATERIEL,0,1,Unite (s),BOITE,DISPOSITIFS MEDICAUX,50000,35000,80,Entente prealable
0000144,MUCOMYST SACHET,EXPECTORANT MUCOLYTIQUE,ACETYLCYSTEINE,SACHET POUDRE,200MG,30,SACHETS,BOITE,GENERIQUE,3445,2173,80,Remboursable
0000158,EXOMUC SACHET,EXPECTORANT MUCOLYTIQUE,ACETYLCYSTEINE,SACHET POUDRE,200MG,30,SACHETS,BOITE,GENERIQUE,3030,2173,80,Remboursable
0003670,MUCOXINE SACHET,EXPECTORANT MUCOLYTIQUE,ACETYLCYSTEINE,SACHET POUDRE,200MG,30,SACHETS,BOITE,GENERIQUE,2515,2173,80,Remboursable
C000134,PHYTOMENADIONE 10MG/ML,HEMOSTATIQUE,VITAMINE K1 (PHYTOMENADIONE),Solution Injectable,10MG/ML,1,AMPOULE,BOITE,CAMEG,345,345,80,Remboursable
0001118,ATORLIP 40,HYPOLIPEMIANT STATINE,ATORVASTATINE,COMPRIME,40MG,30,COMPRIMES,BOITE,GENERIQUE,9470,9470,80,TPC
0000327,ATORFIT 10,HYPOLIPEMIANT STATINE,ATORVASTATINE,Comprimé sec,10MG,30,COMPRIMÉS,BOITE,GENERIQUE,5280,5115,80,TPC
0000362,ATORLIP 20,HYPOLIPEMIANT STATINE,ATORVASTATINE,COMPRIME,20MG,30,COMPRIMES,BOITE,GENERIQUE,5740,5740,80,TPC
0004622,LIPOVAS 10,HYPOLIPEMIANT STATINE,ATORVASTATINE,COMPRIME,10MG,30,COMPRIMES,BOITE,GENERIQUE,4360,4360,80,TPC
0000577,SIMVA-DENK 20,HYPOLIPEMIANT STATINE,SIMVASTATINE,COMPRIME,20MG,30,COMPRIMES,BOITE,GENERIQUE,7460,7460,80,TPC
0002607,ATORFIT 20,HYPOLIPEMIANT STATINE,ATORVASTATINE,Comprimé sec,20MG,30,COMPRIMÉS,BOITE,GENERIQUE,7000,6270,80,TPC
0003221,COLESTOP 20,HYPOLIPEMIANT STATINE,ATORVASTATINE,Comprimé sec,20MG,30,COMPRIMÉS,BOITE,GENERIQUE,6885,6270,80,TPC
0003222,COLESTOP 10,HYPOLIPEMIANT STATINE,ATORVASTATINE,Comprimé,10MG,30,COMPRIMÉS,BOITE,GENERIQUE,5165,5115,80,TPC
0003511,LESSTROL 20,HYPOLIPEMIANT STATINE,ATORVASTATINE,Comprimé sec,20MG,30,COMPRIMÉS,BOITE,GENERIQUE,7175,6270,80,TPC
0003687,LESSTROL 10,HYPOLIPEMIANT STATINE,ATORVASTATINE,Comprimé sec,10MG,30,COMPRIMÉS,BOITE,GENERIQUE,5740,5115,80,TPC
0004064,AVAS 10,HYPOLIPEMIANT STATINE,ATORVASTATINE,Comprimé sec,10MG,30,COMPRIMÉS,BOITE,GENERIQUE,5245,5115,80,TPC
0004065,AVAS 20,HYPOLIPEMIANT STATINE,ATORVASTATINE,Comprimé sec,20MG,30,COMPRIMÉS,BOITE,GENERIQUE,7000,6270,80,TPC
0004066,LOLIP 10,HYPOLIPEMIANT STATINE,ATORVASTATINE,Comprimé sec,10MG,30,COMPRIMÉS,BOITE,GENERIQUE,4765,4765,80,TPC
0004067,LOLIP 20,HYPOLIPEMIANT STATINE,ATORVASTATINE,Comprimé sec,20MG,30,COMPRIMÉS,BOITE,GENERIQUE,5740,5740,80,TPC
0000588,SIMVA-DENK 40,HYPOLIPEMIANT STATINE,SIMVASTATINE,COMPRIME,40MG,30,COMPRIMES,BOITE,GENERIQUE,10330,10330,80,TPC
0004623,LIPOVAS 20,HYPOLIPEMIANT STATINE,ATORVASTATINE,COMPRIME,20MG,30,COMPRIMES,BOITE,GENERIQUE,6380,6270,80,TPC
0004753,ANTITOXINE TETANIQUE,IMMUN SERUM,ANTITOXINE TETANIQUE,SOLUTION INJECTABLE,1500UI,1,DOSE,BOITE,GENERIQUE,3500,3500,80,Remboursable
0004489,IMMUNORHO 300,IMMUN SERUM,IMMUNOGLOBULINE ANTI D,Solution Injectable,300µG,1,AMPOULE,BOITE,GENERIQUE,27550,27550,80,Remboursable
C000237,SERUM ANTI-TETANIQUE 1500UI,IMMUN SERUM,ANTITOXINE TETANIQUE,Solution Injectable,1500UI,1,DOSE,BOITE,CAMEG,2000,2000,80,Remboursable
C000238,SERUM ANTI-VENIMEUX POLYVALENT,IMMUN SERUM,IMMUNOGLOBULINE POLYVALENT,Solution Injectable,1000MG,1,FLACON,BOITE,CAMEG,15000,15000,80,Remboursable
0001012,HUILE DE PARAFFINE 100%,LAXATIF LUBRIFIANT,HUILE DE PARAFFINE,Solution buvable,100%,250,MILLILITRES,FLACON,GENERIQUE,2535,2535,80,Remboursable
0001404,FRUCTINES,LAXATIF STIMULANT,PICOSULFATE DE SODIUM,Comprimé sec,5MG,30,COMPRIMÉS,BOITE,GENERIQUE,2275,2275,80,Remboursable
0000506,CHLORUMAGENE 100,LAXATIF STIMULANT,HYDROXIDE DE MAGNESIUM,POUDRE,100MG,100,MILLILITRES,FLACON,GENERIQUE,3675,3675,80,Remboursable
0001353,CONTALAX,LAXATIF STIMULANT,BISACODYL,Comprimé sec,5MG,30,COMPRIMÉS,BOITE,GENERIQUE,5900,1403,80,Remboursable
0002170,GEL LARMES 3%,LUBRIFIANT OPHTALMIQUE,CARBOMERE,GEL DERMIQUE,0.3%,10,GRAMMES,Tube,GENERIQUE,2755,2755,80,Remboursable
0003854,POLYFRESH,LUBRIFIANT OPHTALMIQUE,HYALURONATE DE SODIUM,COLLYRE,0.2%,10,Millilitre (s),FLACON,GENERIQUE,3500,3500,80,Remboursable
0000253,MIOREL 4,MYORELAXANT,THIOCOLCHICOSIDE,Comprimé sec,4MG,12,COMPRIMÉS,BOITE,GENERIQUE,2675,2675,80,Remboursable
0003892,MIOREL 4MG/2ML,MYORELAXANT,THIOCOLCHICOSIDE,Solution Injectable,4MG/2ML,1,AMPOULE,BOITE,GENERIQUE,600,600,80,Remboursable
C000351,CONCENTRE DE GLOBULES ROUGES UNITE ADULTE (CGRUA),PRODUITS SANGUINS ET DERIVES,Concentré de globules rouges unité adulte,Poche,250ML,1,POCHE,BOITE,PRODUITS SANGUINS ET DERIVES,6000,6000,80,Remboursable
C000352,CONCENTRE DE GLOBULES ROUGES UNITE ENFANT (CGRUE),PRODUITS SANGUINS ET DERIVES,Concentré de globules rouges unité enfant,Poche,125ML,1,POCHE,BOITE,PRODUITS SANGUINS ET DERIVES,3500,3500,80,Remboursable
C000353,PLASMA FRAIS CONGELE (PFC),PRODUITS SANGUINS ET DERIVES,Plasma frais congélé,Poche,200ML,1,POCHE,BOITE,PRODUITS SANGUINS ET DERIVES,2000,2000,80,Remboursable
C000354,CONCENTRE UNITAIRE DE PLAQUETTES (CUP),PRODUITS SANGUINS ET DERIVES,concentré unitaire de plaquettes,Poche,100-150ML,1,POCHE,BOITE,PRODUITS SANGUINS ET DERIVES,2000,2000,80,Remboursable
C000355,CONCENTRE STANDARD DE PLAQUETTES (CSP),PRODUITS SANGUINS ET DERIVES,Concentré standard de plaquettes,Poche,250-300ML,1,POCHE,BOITE,PRODUITS SANGUINS ET DERIVES,6000,6000,80,Remboursable
0001996,BRULEX,PROTECTEUR TOPIQUE,ZINC+BAUME DE PEROU+PHENAZONE+PHENOL+SALICYLATE DE SOD,Crème,5G/1G/0.5G/30MG/3.6MG,30,GRAMMES,Tube,GENERIQUE,2295,2295,80,Remboursable
0003533,ANTI-KALIUM,SEL MINERAL,POLYSTYRENE-CO-DIVINYLBENZENE+ACIDE SULFONIQUE+SEL SODIUM,SACHET POUDRE,300MG,20,SACHETS,BOITE,GENERIQUE,17900,17900,80,Entente prealable
0003544,CC-NEFRO,SEL MINERAL,CALCIUM CARBONATE,Comprimé sec,500MG,100,COMPRIMÉS,BOITE,GENERIQUE,8095,8095,80,Remboursable
0001665,CALCIUM 10% SOL,SEL MINERAL,CALCIUM GLUCONATE,Solution Injectable,10%,1,AMPOULE,BOITE,GENERIQUE,520,182,80,Remboursable
C000176,CALCIUM 10% SOL INJ,SEL MINERAL,CALCIUM GLUCONATE,Solution Injectable,10%,1,AMPOULE,BOITE,CAMEG,165,165,80,Remboursable
0000730,NACL 0.9% ,SEL MINERAL,SODIUM CHLORURE,Solution Injectable,0.9%,1,AMPOULE,FLACON,GENERIQUE,300,198,80,Remboursable
C000146,KCL 10% SOL INJ,SEL MINERAL,POTASSIUM CHLORURE,Solution Injectable,10%,1,AMPOULE,BOITE,CAMEG,220,220,80,Remboursable
C000245,NACL 0.9% SOL INJ,SEL MINERAL,SODIUM CHLORURE,Solution Injectable,0.9%,1,AMPOULE,BOITE,CAMEG,180,180,80,Remboursable
0003138,RINGER LACTATE,SOLUTE MASSIF,RINGER LACTATE,Solution pour perfusion,PM,500,MILLILITRES,FLACON,GENERIQUE,575,575,80,Remboursable
0003728,RINGER LACTATE TM SOL PERF,SOLUTE MASSIF,RINGER LACTATE,Solution pour perfusion,PM,500,MILLILITRES,FLACON,GENERIQUE,575,575,80,Remboursable
0004634,RINGER LACTATE DOPHARMA SOL PERF,SOLUTE MASSIF,RINGER LACTATE,Solution pour perfusion,PM,250,MILLILITRES,FLACON,GENERIQUE,470,470,80,Remboursable
0003317,RINGER LACTATE UBI SOL PERF,SOLUTE MASSIF,RINGER LACTATE,Solution pour perfusion,PM,500,MILLILITRES,FLACON,GENERIQUE,805,633,80,Remboursable
0004635,RINGER LACTATE DOPHARMA SOL PERF,SOLUTE MASSIF,RINGER LACTATE,Solution pour perfusion,PM,500,MILLILITRES,FLACON,GENERIQUE,575,575,80,Remboursable
0001544,SERUM GLUCOSE 10% SOL PERF,SOLUTE MASSIF,GLUCOSE HYPERTONIQUE,Solution pour perfusion,10%,250,MILLILITRES,FLACON,GENERIQUE,650,650,80,Remboursable
0003727,SERUM GLUCOSE TM 10% SOL PERF,SOLUTE MASSIF,GLUCOSE HYPERTONIQUE,Solution pour perfusion,10%,500,MILLILITRES,FLACON,GENERIQUE,575,575,80,Remboursable
0004610,SERUM GLUCOSE DOPHARMA 10% SOL PERF ,SOLUTE MASSIF,GLUCOSE HYPERTONIQUE,Solution pour perfusion,10%,250,MILLILITRES,FLACON,GENERIQUE,470,470,80,Remboursable
0003309,SERUM GLUCOSE UBI 10% SOL PERF,SOLUTE MASSIF,GLUCOSE HYPERTONIQUE,Solution pour perfusion,10%,250,MILLILITRES,FLACON,GENERIQUE,660,660,80,Remboursable
0003318,SERUM GLUCOSE UBI S10% OL PERF,SOLUTE MASSIF,GLUCOSE HYPERTONIQUE,Solution pour perfusion,10%,500,MILLILITRES,FLACON,GENERIQUE,760,760,80,Remboursable
0004611,SERUM GLUCOSE DOPHARMA 10% SOL PERF ,SOLUTE MASSIF,GLUCOSE HYPERTONIQUE,Solution Injectable,10%,500,MILLILITRES,FLACON,GENERIQUE,590,590,80,Remboursable
0000620,SERUM BICARBONATE 1.4%,SOLUTE MASSIF,SODIUM BICARBONATE,Solution pour perfusion,1.4%,250,MILLILITRES,BOITE,GENERIQUE,780,780,80,Remboursable
0001558,SERUM GLUCOSE TM 5% SOL PERF,SOLUTE MASSIF,GLUCOSE ISOTONIQUE,Solution pour perfusion,5%,250,MILLILITRES,FLACON,GENERIQUE,600,600,80,Remboursable
0003315,SERUM SALE 0.9% UBI SOL PERF 500ML,SOLUTE MASSIF,BICARBONATE DE SODIUM,Solution Injectable,0.9%,500,MILLILITRES,FLACON,GENERIQUE,750,567,80,Remboursable
0003726,SERUM GLUCOSE TM 5% SOL PERF,SOLUTE MASSIF,GLUCOSE ISOTONIQUE,Solution pour perfusion,5%,500,MILLILITRES,FLACON,GENERIQUE,575,575,80,Remboursable
0001556,SERUM GLUCOSE 5% SOL PERF,SOLUTE MASSIF,GLUCOSE ISOTONIQUE,Solution pour perfusion,5%,500,MILLILITRES,FLACON,GENERIQUE,690,690,80,Remboursable
0004612,SERUM GLUCOSE DOPHARMA 5% SOL PERF,SOLUTE MASSIF,GLUCOSE ISOTONIQUE,Solution pour perfusion,5%,250,MILLILITRES,FLACON,GENERIQUE,455,455,80,Remboursable
0003308,SERUM GLUCOSE UBI 5% SOL PERF,SOLUTE MASSIF,GLUCOSE ISOTONIQUE,Solution pour perfusion,5%,250,MILLILITRES,FLACON,GENERIQUE,650,650,80,Remboursable
0003316,SERUM GLUCOSE UBI 5% SOL PERF,SOLUTE MASSIF,GLUCOSE ISOTONIQUE,Solution pour perfusion,5%,500,MILLILITRES,FLACON,GENERIQUE,755,704,80,Remboursable
0004613,SERUM GLUCOSE DOPHARMA 5% SOL PERF,SOLUTE MASSIF,GLUCOSE ISOTONIQUE,Solution pour perfusion,5%,500,MILLILITRES,FLACON,GENERIQUE,550,550,80,Remboursable
0000741,SERUM SALE 0.9% SOL PERF ,SOLUTE MASSIF,SODIUM CHLORURE,Solution pour perfusion,0.9%,250,MILLILITRES,FLACON,GENERIQUE,600,600,80,Remboursable
0004597,SERUM SALE 0.9% DOPHARMA SOL PERF,SOLUTE MASSIF,SODIUM CHLORURE,Solution Injectable,0.9%,500,MILLILITRES,FLACON,GENERIQUE,515,515,80,Remboursable
0000738,SERUM SALE 0.9% SOL ,SOLUTE MASSIF,SODIUM CHLORURE,Solution pour perfusion,0.9%,500,MILLILITRES,FLACON,GENERIQUE,850,660,80,Remboursable
0004598,"SERUM SALE 0,9% DOPHARMA SOL PERF",SOLUTE MASSIF,SODIUM CHLORURE,Solution pour perfusion,0.9%,250,MILLILITRES,FLACON,GENERIQUE,440,440,80,Remboursable
0003310,SERUM SALE 0.9% UBI SOL PERF,SOLUTE MASSIF,SODIUM CHLORURE,Solution pour perfusion,0.9%,250,MILLILITRES,FLACON,GENERIQUE,660,660,80,Remboursable
C000210,RINGER LACTATE SOL PERF,SOLUTE MASSIF,RINGER LACTATE,Solution pour perfusion,PM,500,MILLILITRES,FLACON,CAMEG,550,550,80,Remboursable
C000034,DEXTROSE 10% SOL PERF,SOLUTE MASSIF,GLUCOSE HYPERTONIQUE,Solution pour perfusion,10%,250,MILLILITRES,BOITE,CAMEG,450,450,80,Remboursable
C000036,DEXTROSE 10% SOL PERF,SOLUTE MASSIF,GLUCOSE HYPERTONIQUE,Solution pour perfusion,10%,500,MILLILITRES,BOITE,CAMEG,590,590,80,Remboursable
C000039,DEXTROSE 30% SOL PERF,SOLUTE MASSIF,GLUCOSE HYPERTONIQUE,Solution Injectable,30%,250,MILLILITRES,BOITE,CAMEG,1035,1035,80,Remboursable
C000040,DEXTROSE 30% SOL PERF,SOLUTE MASSIF,GLUCOSE HYPERTONIQUE,Solution pour perfusion,30%,500,MILLILITRES,BOITE,CAMEG,1100,1100,80,Remboursable
C000239,SERUM BICARBONATE 1.4% SOL PERF,SOLUTE MASSIF,SODIUM BICARBONATE,Solution pour perfusion,1.4%,250,MILLILITRES,BOITE,CAMEG,925,925,80,Remboursable
C000032,DEXTROSE 5% SOL PERF,SOLUTE MASSIF,GLUCOSE ISOTONIQUE,Solution pour perfusion,5%,250,MILLILITRES,BOITE,CAMEG,455,455,80,Remboursable
C000045,DEXTROSE 5% SOL PERF,SOLUTE MASSIF,GLUCOSE ISOTONIQUE,Solution pour perfusion,5%,500,MILLILITRES,BOITE,CAMEG,575,575,80,Remboursable
C000246,SERUM SALE 0.9% SOL PERF,SOLUTE MASSIF,SODIUM CHLORURE,Solution pour perfusion,0.9%,500,MILLILITRES,FLACON,CAMEG,515,515,80,Remboursable
C000248,SODIUM CHLORURE 10%,SOLUTE MASSIF,SODIUM CHLORURE,SOLUTION INJECTABLE,10%,1,AMPOULE,BOITE,CAMEG,140,140,80,Remboursable
0001419,EAU PPI SOL INJ,SOLVANT,EAU POUR PREPARATION INJECTABLE,Solution Injectable,100%,1,AMPOULE,BOITE,GENERIQUE,100,100,80,Remboursable
C000077,EAU PPI,SOLVANT,EAU POUR PREPARATION INJECTABLE,Solution Injectable,100%,10,MILLILITRES,BOITE,CAMEG,100,100,80,Remboursable
C000059,DOBUTAMINE 12.5MG/ML,STIMULANT CARDIAQUE ADRENERGIQUE,DOBUTAMINE,Solution Injectable,12.5MG/ML,1,AMPOULE,BOITE,CAMEG,1900,1900,80,Remboursable
C000061,DOPAMINE CHLORHYDRATE 200 MG INJ AMP 5 ML,STIMULANT CARDIAQUE ADRENERGIQUE,DOPAMINE,Solution Injectable,200MG,1,AMPOULE,BOITE,CAMEG,535,535,80,Remboursable
C000083,EPHEDRINE 30MG/ML SOL INJ,STIMULANT CARDIAQUE ADRENERGIQUE,EPHEDRINE,Solution Injectable,30MG/ML,1,AMPOULE,BOITE,CAMEG,910,910,80,Remboursable
C000037,ADRENALINE 1MG SOL INJ,STIMULANT CARDIAQUE ADRENERGIQUE,ADRENALINE,Solution Injectable,1MG,1,AMPOULE,BOITE,CAMEG,600,600,80,Remboursable
0000314,HEPTAMINOL RENAUDIN 6.26%,STIMULANT CARDIAQUE DIGITALIQUE,HEPTAMINOL,Solution Injectable,6.26%,1,AMPOULE,BOITE,GENERIQUE,175,175,80,Remboursable
C000166,HEPTAMINOL 6.26% SOL INJ,STIMULANT CARDIAQUE DIGITALIQUE,HEPTAMINOL,Solution Injectable,6.26%,1,AMPOULE,BOITE,CAMEG,250,250,80,Remboursable
C000119,GELATINE FLUIDE INJ FLACON PLASTIQUE 500 ML,SUBSTITUT DE PLASMA,GELATINE FLUIDE,SOLUTION,3G,500,MILLILITRES,BOITE,CAMEG,3745,3745,80,Remboursable
0000873,CORRECTOL,TONIQUE OPHTALMIQUE,INOSINE MONOPHOSPHATE,COLLYRE,0.1%,10,MILLILITRES,FLACON,GENERIQUE,920,920,80,Remboursable
0000689,LERIN 0.2MG/ML,UTEROTONIQUE,METHYLERGOMETRINE,SOLUTION INJECTABLE,0.2MG/ML,1,AMPOULE,BOITE,GENERIQUE,395,395,80,Remboursable
0000712,LERIN 0.125,UTEROTONIQUE,METHYLERGOMETRINE,Comprimé sec,0.125MG,30,COMPRIMÉS,BOITE,GENERIQUE,3235,3235,80,Remboursable
0004381,VITOCIN 5UI/ML,UTEROTONIQUE,OXYTOCINE,Solution Injectable,5UI/ML,1,AMPOULE,AMPOULE,GENERIQUE,235,235,80,Remboursable
C000060,OXYTOCINE 10UI/2ML,UTEROTONIQUE,OXYTOCINE,Solution Injectable,10UI/2ML,1,AMPOULE,BOITE,CAMEG,200,200,80,Remboursable
C000068,OXYTOCINE 5UI/ML,UTEROTONIQUE,OXYTOCINE,Solution Injectable,5UI/ML,1,AMPOULE,BOITE,CAMEG,175,175,80,Remboursable
0004755,VACCIN HEPATITE B ADULTE,VACCIN,ANTIGENE HEPATITE B,SOLUTION INJECTABLE,20µG,1,DOSE,BOITE,GENERIQUE,5890,5890,80,Remboursable
0004462,EQUIRAB 1000UI,VACCIN,VIRUS ANTIRABIQUE INACTIVE,Solution Injectable,1000UI,1,DOSE,BOITE,GENERIQUE,8720,8720,80,Entente prealable
0004751,RABIVAX-S 1000UI,VACCIN,VIRUS ANTIRABIQUE INACTIVE,SOLUTION INJECTABLE,1000UI,1,DOSE,BOITE,GENERIQUE,8900,8900,80,Entente prealable
0004752,VACCIN ANTITETANIQUE 40UI,VACCIN,ANATOXINE TETANIQUE,SOLUTION INJECTABLE,40UI,1,DOSE,BOITE,GENERIQUE,2500,1980,80,Remboursable
C000296,VACCIN ANTI-AMARIL,VACCIN,ANTIGENE FIEVRE JAUNE,Solution Injectable,1000UI,1,DOSE,BOITE,CAMEG,1500,1359,80,Remboursable
C000299,VACCIN ANTI-HEPATITE B ADULTE,VACCIN,ANTIGENE HEPATITE B,Solution Injectable,20µG,1,DOSE,BOITE,CAMEG,2940,2940,80,Remboursable
C000302,VACCIN ANTI-MENINGOCOCCIQUE AC,VACCIN,ANTIGENES MENINGOCOQUES AC,Solution Injectable,50µG/50µG,1,DOSE,BOITE,CAMEG,1600,1600,80,Remboursable
C000305,VACCIN ANTIRABIQUE 1000UI,VACCIN,VIRUS ANTIRABIQUE INACTIVE,Solution Injectable,1000UI,1,DOSE,BOITE,CAMEG,8640,8640,80,Entente prealable
C000308,VACCIN ANTITETANIQUE 40UI,VACCIN,ANATOXINE TETANIQUE,Solution Injectable,40UI,1,DOSE,BOITE,CAMEG,1800,1800,80,Remboursable
C000311,VACCIN TYPHIM,VACCIN,ANTIGENE SALMONELLA TYPHI,Solution Injectable,25µG,1,DOSE,BOITE,CAMEG,7000,3575,80,Remboursable
C0000405,VACCIN ANTI-MENINGOCOCCIQUE TETRAVALENT ACYW135,VACCIN,ANTIGENES MENINGOCOQUES ACYW135,Solution Injectable,10µG/5µG/5µG/5µG,1,DOSE,BOITE,CAMEG,712,712,80,Remboursable
0003729,VITAMINE C TM,VITAMINE,ACIDE ASCORBIQUE,SOLUTION INJECTABLE,500MG,1,AMPOULE,BOITE,GENERIQUE,60,60,80,Remboursable
C000015,ACIDE ASCORBIQUE SOL INJ,VITAMINE,ACIDE ASCORBIQUE,SOLUTION INJECTABLE,500MG,1,AMPOULE,BOITE,CAMEG,100,100,80,Remboursable
0004805,ACTISKENAN,ANALGESIQUE OPIOIDE MAJEUR P3,MORPHINE SULFATE,GELULE,20MG,14,GELULES,BOITE,GENERIQUE,3985,3985,80,Remboursable
0004806,PARACETAMOL TM 500 VRAC,ANALGESIQUE NON OPIOIDE P1 ANTI-PYRETIQUE,PARACETAMOL,COMPRIME,500MG,10,COMPRIMES,BLISTER,GENERIQUE,100,100,80,Remboursable
0004807,PARACETAMOL CPA 500 VRAC,ANALGESIQUE NON OPIOIDE P1 ANTI-PYRETIQUE,PARACETAMOL,COMPRIME,500MG,10,COMPRIMES,BLISTER,GENERIQUE,100,100,80,Remboursable
0004808,EFFERALGAN 600 SUPPO,ANALGESIQUE NON OPIOIDE P1 ANTI-PYRETIQUE,PARACETAMOL,SUPPOSITOIRE,500MG,10,SUPPOSITOIRES,BOITE,GENERIQUE,1180,1180,80,Remboursable
0004809,XYLOCAINE 1%,ANALGESIQUE NON OPIOIDE P1 ANTI-PYRETIQUE,LIDOCAINE,SOLUTION INJECTABLE,1%,20,MILLILITRES,FLACON,GENERIQUE,1355,1355,80,Remboursable
C000416,MIDAZOLAM 1MG/ML SOL INJ,ANESTHESIQUE PREMEDICATION,MIDAZOLAM,SOLUTION INJECTABLE,1MG/ML,1,AMPOULE,BOITE,CAMEG,1405,1405,80,Remboursable
C000417,MIDAZOLAM 5MG/ML SOL INJ,ANESTHESIQUE PREMEDICATION,MIDAZOLAM,SOLUTION INJECTABLE,5MG/ML,1,AMPOULE,BOITE,CAMEG,2750,2750,80,Remboursable
0004812,DESLORATADINE GHPL,ANTI-ALLERGIQUE ANTI-H1,DESLORATADINE,COMPRIME,5MG,15,COMPRIMES,BOITE,GENERIQUE,2585,2585,80,Remboursable
0004813,NASOALDO 140 DOSES,ANTI-ALLERGIQUE LOCAL CORTICOIDE,MOMETASONE,Spray nasal,50µG,140,DOSES,FLACON,GENERIQUE,5535,5535,80,Remboursable
0004816,AMIODARONE 50MG/ML SOL INJ,ANTI-ARYTHMIQUE CLASSE III,AMIODARONE,SOLUTION INJECTABLE,50MG/ML,1,AMPOULE,BOITE,GENERIQUE,1870,1870,80,Remboursable
0004818,ALUKON 4,ANTI-ASTHMATIQUE ANTI-LEUCOTRIENE,MONTELUKAST,SACHET POUDRE,4MG,14,SACHETS,BOITE,GENERIQUE,3155,2548,80,TPC
0004819,DENK AIR 4,ANTI-ASTHMATIQUE ANTI-LEUCOTRIENE,MONTELUKAST,COMPRIME,4MG,28,COMPRIMES,BOITE,GENERIQUE,4595,4595,80,TPC
0004820,MONTAS 4,ANTI-ASTHMATIQUE ANTI-LEUCOTRIENE,MONTELUKAST,COMPRIME,4MG,28,COMPRIMES,BOITE,GENERIQUE,4625,4595,80,TPC
0004821,ALUKON 5,ANTI-ASTHMATIQUE ANTI-LEUCOTRIENE,MONTELUKAST,COMPRIME,5MG,28,COMPRIMES,BOITE,GENERIQUE,3445,3445,80,TPC
0004822,DENK AIR 5,ANTI-ASTHMATIQUE ANTI-LEUCOTRIENE,MONTELUKAST,COMPRIME,5MG,28,COMPRIMES,BOITE,GENERIQUE,4595,3780,80,TPC
0004823,MONTAS 5,ANTI-ASTHMATIQUE ANTI-LEUCOTRIENE,MONTELUKAST,COMPRIME,5MG,28,COMPRIMES,BOITE,GENERIQUE,5740,3780,80,TPC
0004824,ALUKON 10,ANTI-ASTHMATIQUE ANTI-LEUCOTRIENE,MONTELUKAST,COMPRIME,10MG,28,COMPRIMES,BOITE,GENERIQUE,6890,6890,80,TPC
0004825,DENK AIR 10,ANTI-ASTHMATIQUE ANTI-LEUCOTRIENE,MONTELUKAST,COMPRIME,10MG,28,COMPRIMES,BOITE,GENERIQUE,6890,6890,80,TPC
0004826,MONTAS 10,ANTI-ASTHMATIQUE ANTI-LEUCOTRIENE,MONTELUKAST,COMPRIME,10MG,28,COMPRIMES,BOITE,GENERIQUE,11715,7588,80,TPC
0004827,CYVAX 250/50,ANTI-ASTHMATIQUE BITHERAPIE CORTICOIDE INHALE+BETA-2 MIMETIQUE,FLUTICASONE+SALMETEROL,AEROSOL,250µG/50µG,120,DOSES,FLACON,GENERIQUE,8000,8000,80,TPC
0004828,ERVA 50,ANTI-ASTHMATIQUE CORTICOIDE INHALE,FLUTICASONE,AEROSOL,50µG,120,DOSES,FLACON,GENERIQUE,1780,1780,80,Remboursable
0004829,AMIKACINE 250MG/ML SOL INJ,ANTIBIOTIQUE AMINOSIDE,AMIKACINE,POUDRE POUR SOLUTION INJECTABLE,250MG/ML,1,FLACON,BOITE,GENERIQUE,2730,2730,80,Entente prealable
0004830,AMIKACINE 500MG/ML SOL INJ,ANTIBIOTIQUE AMINOSIDE,AMIKACINE,POUDRE POUR SOLUTION INJECTABLE,500MG/ML,1,FLACON,BOITE,GENERIQUE,3570,3570,80,Entente prealable
0004831,KEPFIME 1000,ANTIBIOTIQUE BETA-LACTAMINE CEPHALOSPORINE,CEFEPIME,POUDRE POUR SOLUTION INJECTABLE,1000MG,1,FLACON,BOITE,GENERIQUE,4130,4130,80,Remboursable
0004832,AMOXICILLINE CREAT 500 VRAC,ANTIBIOTIQUE BETA-LACTAMINE PENICILLINE,AMOXICILLINE,GELULE,500MG,10,GELULES,BLISTER,GENERIQUE,690,330,80,Remboursable
0004833,AMOXICILLINE TM 500 VRAC,ANTIBIOTIQUE BETA-LACTAMINE PENICILLINE,AMOXICILLINE,COMPRIME,500MG,10,COMPRIMES,BLISTER,GENERIQUE,470,330,80,Remboursable
0004834,PHILCO AMOXI 500 VRAC,ANTIBIOTIQUE BETA-LACTAMINE PENICILLINE,AMOXICILLINE,COMPRIME,500MG,10,COMPRIMES,BLISTER,GENERIQUE,400,330,80,Remboursable
0004835,AMOXICILLINE CPA 125MG/5ML,ANTIBIOTIQUE BETA-LACTAMINE PENICILLINE,AMOXICILLINE,POUDRE POUR SUSPENSION BUVABLE,125MG/5ML,100,MILLILITRES,FLACON,GENERIQUE,600,600,80,Remboursable
0004836,PHILCO AMOXI 125MG/5ML,ANTIBIOTIQUE BETA-LACTAMINE PENICILLINE,AMOXICILLINE,POUDRE POUR SUSPENSION BUVABLE,125MG/5ML,100,MILLILITRES,FLACON,GENERIQUE,660,660,80,Remboursable
0004837,AMOXICILLINE CPA 250MG/5ML,ANTIBIOTIQUE BETA-LACTAMINE PENICILLINE,AMOXICILLINE,POUDRE POUR SUSPENSION BUVABLE,250MG/5ML,100,MILLILITRES,FLACON,GENERIQUE,750,750,80,Remboursable
0004838,PHILCO AMOXI 250MG/5ML,ANTIBIOTIQUE BETA-LACTAMINE PENICILLINE,AMOXICILLINE,POUDRE POUR SUSPENSION BUVABLE,250MG/5ML,100,MILLILITRES,FLACON,GENERIQUE,850,850,80,Remboursable
0004839,BENZATHINE BENZYLPENICILLINE CPA 2.4MUI,ANTIBIOTIQUE BETA-LACTAMINE PENICILLINE,BENZATHINE BENZYLPENICILLINE,POUDRE POUR SOLUTION INJECTABLE,2.4MUI,1,FLACON,BOITE,GENERIQUE,270,270,80,Remboursable
0004840,PHILCO BENZATHINE BENZYLPENICILLINE 2.4MUI,ANTIBIOTIQUE BETA-LACTAMINE PENICILLINE,BENZATHINE BENZYLPENICILLINE,POUDRE POUR SOLUTION INJECTABLE,2.4MUI,1,FLACON,BOITE,GENERIQUE,300,300,80,Remboursable
0004841,PHILCO PENI G 1MUI,ANTIBIOTIQUE BETA-LACTAMINE PENICILLINE,BENZYLPENICILLINE,POUDRE POUR SOLUTION INJECTABLE,1MUI,1,FLACON,BOITE,GENERIQUE,110,110,80,Remboursable
0004842,DICACILLINE 1.2MUI,ANTIBIOTIQUE BETA-LACTAMINE PENICILLINE,BENZATHINE BENZYLPENICILLINE,POUDRE POUR SOLUTION INJECTABLE,1.2MUI,1,FLACON,BOITE,GENERIQUE,1145,1145,80,Remboursable
0004843,DICACILLINE 2.4MUI,ANTIBIOTIQUE BETA-LACTAMINE PENICILLINE,BENZATHINE BENZYLPENICILLINE,POUDRE POUR SOLUTION INJECTABLE,2.4MUI,1,FLACON,BOITE,GENERIQUE,1445,1012,80,Remboursable
0004844,ACLAV 500/62.5 SACHET,ANTIBIOTIQUE BETA-LACTAMINE PENICILLINE+INHIBITEUR DES BETA-LACTAMASES,AMOXICILLINE+ACIDE CLAVULANIQUE,SACHET POUDRE,500MG/62.5MG,16,SACHETS,BOITE,GENERIQUE,6315,3792,80,Remboursable
0004845,IMUCLAV 1125,ANTIBIOTIQUE BETA-LACTAMINE PENICILLINE+INHIBITEUR DES BETA-LACTAMASES,AMOXICILLINE+ACIDE CLAVULANIQUE,COMPRIME,1000MG/125MG,12,COMPRIMES,BOITE,GENERIQUE,5740,4320,80,Remboursable
0004846,DOXYCLICINE CREAT 100 VRAC,ANTIBIOTIQUE CYCLINE,DOXYCYCLINE,COMPRIME,100MG,10,COMPRIMES,BLISTER,GENERIQUE,410,390,80,Remboursable
0004849,ACIDE FUSIDIQUE UBI 2%,ANTIBIOTIQUE LOCAL DIVERS,ACIDE FUSIDIQUE,CREME,2%,15,GRAMMES,Tube,GENERIQUE,1250,1250,80,Remboursable
0004850,AZIVI 500,ANTIBIOTIQUE MACROLIDE,AZITHROMYCINE,COMPRIME,500MG,3,COMPRIMES,BOITE,GENERIQUE,1360,1360,80,Remboursable
0004851,AZIVI 200MG/5ML,ANTIBIOTIQUE MACROLIDE,AZITHROMYCINE,POUDRE POUR SUSPENSION BUVABLE,200MG/5ML,15,MILLILITRES,FLACON,GENERIQUE,1310,1310,80,Remboursable
0004852,ERYTHROMYCINE CREAT 250 VRAC,ANTIBIOTIQUE MACROLIDE,ERYTHROMYCINE,COMPRIME,250MG,10,COMPRIMES,BLISTER,GENERIQUE,785,500,80,Remboursable
0004853,ERYTHROMYCINE CREAT 500,ANTIBIOTIQUE MACROLIDE,ERYTHROMYCINE,COMPRIME,500MG,10,COMPRIMES,BLISTER,GENERIQUE,1320,1050,80,Remboursable
0004854,CIPROFLOXACINE CPA 2MG/ML,ANTIBIOTIQUE QUINOLONE,CIPROFLOXACINE,Solution pour perfusion,2MG/ML,100,MILLILITRES,FLACON,GENERIQUE,590,590,80,Remboursable
0004855,COTRIMOXAZOLE CPA 480 VRAC,ANTIBIOTIQUE SULFAMIDE+DIAMINOPYRIMIDINE,SULFAMETHOXAZOLE+TRIMETHOPRIME,COMPRIME,480MG,10,COMPRIMES,BLISTER,GENERIQUE,140,140,80,Remboursable
0004856,COTRIMOXAZOLE CREAT 480 VRAC,ANTIBIOTIQUE SULFAMIDE+DIAMINOPYRIMIDINE,SULFAMETHOXAZOLE+TRIMETHOPRIME,COMPRIME,480MG,10,COMPRIMES,BLISTER,GENERIQUE,495,170,80,Remboursable
0004857,COTRIMOXAZOLE CPA 240MG,ANTIBIOTIQUE SULFAMIDE+DIAMINOPYRIMIDINE,SULFAMETHOXAZOLE+TRIMETHOPRIME,Solution buvable,200MG/40MG,100,MILLILITRES,FLACON,GENERIQUE,825,825,80,Remboursable
0004858,CYCLOPHOSPHAMIDE (ENDOXAN 50),ANTICANCEREUX AGENT ALKYLANT,CYCLOPHOSPHAMIDE,COMPRIME,50MG,30,COMPRIMES,BOITE,GENERIQUE,16500,16500,80,TPC
0004859,TAMOXIFENE 10,ANTICANCEREUX ANTI-ANDROGENE STEROIDIEN,TAMOXIFENE,COMPRIME,10MG,30,COMPRIMES,BOITE,GENERIQUE,4170,4170,80,TPC
0004860,VINBLASTINE 10MG/ML,ANTICANCEREUX ANTI-FUSEAU,VINBLASTINE,Solution pour perfusion,10MG/ML,1,FLACON,BOITE,GENERIQUE,24750,24750,80,TPC
0004861,NOVATREX 2.5,ANTICANCEREUX ANTI-METABOLITE,METHOTREXATE,COMPRIME,2.5MG,12,COMPRIMES,BOITE,GENERIQUE,2640,2640,80,TPC
0004862,THALIDOMIDE 50,ANTICANCEREUX IMMUNOMODULATEUR,THALIDOMIDE,COMPRIME,50MG,30,COMPRIMES,BOITE,GENERIQUE,19410,19410,80,TPC
0004863,MIANSERINE 10,ANTI-DEPRESSEUR DIVERS,MIANSERINE,COMPRIME,10MG,30,COMPRIMES,BOITE,GENERIQUE,2700,2700,80,TPC
0004864,MIANSERINE 30,ANTI-DEPRESSEUR DIVERS,MIANSERINE,COMPRIME,30MG,30,COMPRIMES,BOITE,GENERIQUE,4560,4560,80,TPC
0004865,FLUOXENTINE BIOGARAN 20,ANTI-DEPRESSEUR INHIBITEUR DE LA RECAPTURE DE LA SEROTONINE,FLUOXETINE,COMPRIME,20MG,28,COMPRIMES,BOITE,GENERIQUE,4870,4870,80,TPC
0004866,FLUOXETINE SANDOZ 20,ANTI-DEPRESSEUR INHIBITEUR DE LA RECAPTURE DE LA SEROTONINE,FLUOXETINE,COMPRIME,20MG,28,COMPRIMES,BOITE,GENERIQUE,2810,2810,80,TPC
0004867,PAROXETINE BIOGARAN 20,ANTI-DEPRESSEUR INHIBITEUR DE LA RECAPTURE DE LA SEROTONINE,PAROXETINE,COMPRIME,20MG,14,COMPRIMES,BOITE,GENERIQUE,3015,3015,80,TPC
0004868,METFORMINE NOVARTIS ACCESS 500 VRAC,ANTI-DIABETIQUE BIGUANIDE,METFORMINE,COMPRIME,500MG,10,COMPRIMES,BLISTER,GENERIQUE,430,370,80,TPC
0004869,METFORMINE NOVARTIS ACCESS 1000 VRAC,ANTI-DIABETIQUE BIGUANIDE,METFORMINE,COMPRIME,1000MG,10,COMPRIMES,BLISTER,GENERIQUE,430,430,80,TPC
0004870,GVIA-M 50/500,ANTI-DIABETIQUE BITHERAPIE INHIBITEUR DPP-4+BIGUANIDE,SITAGLIPTINE+METFORMINE,COMPRIME,50MG/500MG,60,COMPRIMES,BOITE,GENERIQUE,8335,8335,80,TPC
0004871,GVIA-M 50/500 VRAC,ANTI-DIABETIQUE BITHERAPIE INHIBITEUR DPP-4+BIGUANIDE,SITAGLIPTINE+METFORMINE,COMPRIME,50MG/500MG,5,COMPRIMES,BLISTER,GENERIQUE,695,695,80,TPC
0004872,GLUSIMET 50/100,ANTI-DIABETIQUE BITHERAPIE INHIBITEUR DPP-4+BIGUANIDE,SITAGLIPTINE+METFORMINE,COMPRIME,50MG/1000MG,56,COMPRIMES,BOITE,GENERIQUE,11480,11480,80,TPC
0004873,GLUSIMET 50/1000 VRAC,ANTI-DIABETIQUE BITHERAPIE INHIBITEUR DPP-4+BIGUANIDE,SITAGLIPTINE+METFORMINE,COMPRIME,50MG/1000MG,8,COMPRIMES,BLISTER,GENERIQUE,1640,1640,80,TPC
0004874,GVIA-M 50/1000,ANTI-DIABETIQUE BITHERAPIE INHIBITEUR DPP-4+BIGUANIDE,SITAGLIPTINE+METFORMINE,COMPRIME,50MG/1000MG,60,COMPRIMES,BOITE,GENERIQUE,11905,11905,80,TPC
0004875,GVIA-M 50/1000 VRAC,ANTI-DIABETIQUE BITHERAPIE INHIBITEUR DPP-4+BIGUANIDE,SITAGLIPTINE+METFORMINE,COMPRIME,50MG/1000MG,5,COMPRIMES,BLISTER,GENERIQUE,995,995,80,TPC
0004876,GVIA 50,ANTI-DIABETIQUE INHIBITEUR DPP-4,SITAGLIPTINE,COMPRIME,50MG,28,COMPRIMES,BOITE,GENERIQUE,4750,4750,80,TPC
0004877,GVIA 50 VRAC,ANTI-DIABETIQUE INHIBITEUR DPP-4,SITAGLIPTINE,COMPRIME,50MG,14,COMPRIMES,BLISTER,GENERIQUE,2375,2375,80,TPC
0004878,GVIA 100,ANTI-DIABETIQUE INHIBITEUR DPP-4,SITAGLIPTINE,COMPRIME,100MG,28,COMPRIME,BOITE,GENERIQUE,10410,10410,80,TPC
0004879,GVIA 100 VRAC,ANTI-DIABETIQUE INHIBITEUR DPP-4,SITAGLIPTINE,COMPRIME,100MG,14,COMPRIMES,BLISTER,GENERIQUE,5205,5205,80,TPC
0004881,JANUVIA 100 VRAC,ANTI-DIABETIQUE INHIBITEUR DPP-4,SITAGLIPTINE,COMPRIME,100MG,10,COMPRIMES,BLISTER,GENERIQUE,9570,7680,80,TPC
0004882,EFLOZIN 10,ANTI-DIABETIQUE INHIBITEUR DU COTRANSPORT SGLT-2,EMPAGLIFOZINE,COMPRIME,10MG,30,COMPRIMES,BOITE,GENERIQUE,15420,15420,80,TPC
0004883,EFLOZIN 25,ANTI-DIABETIQUE INHIBITEUR DU COTRANSPORT SGLT-2,EMPAGLIFOZINE,COMPRIME,25MG,30,COMPRIMES,BOITE,GENERIQUE,24990,24990,80,TPC
0004884,GLICLAZIDE BIOGARAN 60,ANTI-DIABETIQUE SULFAMIDE,GLICLAZIDE+METFORMINE,COMPRIME LP,60MG,30,COMPRIMES,BOITE,GENERIQUE,3520,3520,80,TPC
0000976,CANDITRAL,ANTI-FONGIQUE,ITRACONAZOLE,GELULE,100MG,4,GELULES,BOITE,GENERIQUE,4525,4525,80,Remboursable
0004886,GRISEOFULVINE CREAT 250 VRAC,ANTI-FONGIQUE,GRISEOFULFINE,COMPRIME,250MG,10,COMPRIMES,BLISTER,GENERIQUE,540,540,80,Remboursable
0004887,GRISEOFULVINE CREAT 500 VRAC,ANTI-FONGIQUE,GRISEOFULFINE,COMPRIME,500MG,10,COMPRIMES,BLISTER,GENERIQUE,800,800,80,Remboursable
0004888,GRISEOFULVINE PPM 500 VRAC,ANTI-FONGIQUE,GRISEOFULFINE,COMPRIME,500MG,10,COMPRIMES,BLISTER,GENERIQUE,805,805,80,Remboursable
0004889,KETOCONAZOLE BIOGARAN 2% GEL MOUSSANT,ANTI-FONGIQUE LOCAL,KETOCONAZOLE,SOLUTION LOCALE,2%,8,SACHETS,BOITE,GENERIQUE,4680,4680,80,Remboursable
0004890,BRIMO 0.2%,ANTI-GLAUCOMATEUX ALPHA-BLOQUANT,BRIMONIDINE,SOLUTION USAGE EXTERNE,2MG/ML,5,MILLILITRES,FLACON,GENERIQUE,6015,6015,80,TPC
0004891,MONOPROST 0.05%,ANTI-GLAUCOMATEUX ANALOGUE PGF2,LATANOPROST,COLLYRE UNIDOSE,0.05%,30x0.2,MILLILITRES,FLACON,GENERIQUE,9850,9850,80,TPC
0004892,LATANO 0.05%,ANTI-GLAUCOMATEUX ANALOGUE PGF2,LATANOPROST,COLLYRE,0.05%,2.5,MILLILITRES,FLACON,GENERIQUE,8745,8745,80,TPC
0004894,LATANOCOM,ANTI-GLAUCOMATEUX BITHERAPIE ANALOGUE PGF2+BETA-BLOQUANT,LATANOPROST+TIMOLOL,COLLYRE,50µG/5MG,2.5,MILLILITRES,FLACON,GENERIQUE,10505,10505,80,TPC
0004895,XOLA 2%,ANTI-GLAUCOMATEUX INHIBITEUR DE L'ANHYDRASE CARBONIQUE,DORZOLAMIDE,COLLYRE,2%,5,MILLILITRES,FLACON,GENERIQUE,5650,5650,80,TPC
0004897,ALLOPURINOL BIOGARAN 100,ANTI-GOUTTEUX,ALLOPURINOL,COMPRIME,100MG,28,COMPRIMES,BOITE,GENERIQUE,870,870,80,TPC
0004898,ALLOPURINOL BIOGARAN 200,ANTI-GOUTTEUX,ALLOPURINOL,COMPRIME,200MG,28,COMPRIMES,BOITE,GENERIQUE,1380,1380,80,TPC
0004899,ALLOPURINOL ARROW 300,ANTI-GOUTTEUX,ALLOPURINOL,COMPRIME,300MG,28,COMPRIMES,BOITE,GENERIQUE,1885,1885,80,TPC
0004900,ALLOPURINOL BIOGARAN 300,ANTI-GOUTTEUX,ALLOPURINOL,COMPRIME,300MG,28,COMPRIMES,BOITE,GENERIQUE,1755,1755,80,TPC
0004901,ALLOPURINOL MYLAN 300,ANTI-GOUTTEUX,ALLOPURINOL,COMPRIME,300MG,28,COMPRIMES,BOITE,GENERIQUE,1885,1885,80,TPC
0004902,CANDESARTAN BIOGARAN 16,ANTI-HYPERTENSEUR ARA II,CANDESARTAN,COMPRIME,16MG,30,COMPRIMES,BOITE,GENERIQUE,4105,4105,80,TPC
0004903,MICARDIS 40,ANTI-HYPERTENSEUR ARA II,TELMISARTAN,COMPRIME,40MG,30,COMPRIMES,BOITE,GENERIQUE,5995,5995,80,TPC
0004904,BISOPROLOL BIOGARAN 5,ANTI-HYPERTENSEUR BETA-BLOQUANT,BISOPROLOL,COMPRIME,5MG,30,COMPRIMES,BOITE,GENERIQUE,2420,2295,80,TPC
0004905,BISOPROLOL SANDOZ 5,ANTI-HYPERTENSEUR BETA-BLOQUANT,BISOPROLOL,COMPRIME,5MG,30,COMPRIMES,BOITE,GENERIQUE,1825,1825,80,TPC
0004907,BISOPROLOL BIOGARAN 10,ANTI-HYPERTENSEUR ARA II,BISOPROLOL,COMPRIME,10MG,30,COMPRIMES,BOITE,GENERIQUE,3960,3960,80,TPC
0004909,NEBIVOLOL ARROW 5,ANTI-HYPERTENSEUR BETA-BLOQUANT,NEBIVOLOL,COMPRIME,5MG,30,COMPRIMES,BOITE,GENERIQUE,3265,3265,80,TPC
0004910,PROPRANOLOL EG 40,ANTI-HYPERTENSEUR BETA-BLOQUANT,PROPRANOLOL,COMPRIME,40MG,50,1370,BOITE,GENERIQUE,1370,1370,80,TPC
0004911,PROPRANOLOL TEVA 40,ANTI-HYPERTENSEUR BETA-BLOQUANT,PROPRANOLOL,COMPRIME,40MG,50,COMPRIMES,BOITE,GENERIQUE,1480,1480,80,TPC
0004912,PROPRANOLOL TEVA 160,ANTI-HYPERTENSEUR BETA-BLOQUANT,PROPRANOLOL,COMPRIME,160MG,30,COMPRIMES,BOITE,GENERIQUE,5660,5660,80,TPC
0004914,TELMISARTAN HCT MYLAN 40/12.5,ANTI-HYPERTENSEUR BITHERAPIE ARA II+DIURETIQUE THIAZIDIQUE,TELMISARTAN+HYDROCHLOROTHIAZIDE,COMPRIME,40MG/12.5MG,30,COMPRIMES,BOITE,GENERIQUE,3330,3330,80,TPC
0004915,PANOPRIST PLUS 2/0.625,ANTI-HYPERTENSEUR BITHERAPIE IEC+DIURETIQUE THIAZIDIQUE APPARENTE,PERINDOPRIL ERBUMINE+INDAPAMIDE,COMPRIME,2MG/0.625,30,COMPRIMES,BOITE,GENERIQUE,5075,5075,80,TPC
0004916,PERINDOPRIL+INDAPAMIDE BIOGARAN 2/0.625,ANTI-HYPERTENSEUR BITHERAPIE IEC+DIURETIQUE THIAZIDIQUE APPARENTE,PERINDOPRIL ERBUMINE+INDAPAMIDE,COMPRIME,2MG/0.625MG,30,COMPRIMES,BOITE,GENERIQUE,4165,4165,80,TPC
0004917,PERINDOPRIL+INDAPAMIDE MYLAN 2/0.625,ANTI-HYPERTENSEUR BITHERAPIE IEC+DIURETIQUE THIAZIDIQUE APPARENTE,PERINDOPRIL ERBUMINE+INDAPAMIDE,COMPRIME,2MG/0.625MG,30,COMPRIMES,BOITE,GENERIQUE,4400,4400,80,TPC
0004918,PANOPRIST PLUS 4/1.25,ANTI-HYPERTENSEUR BITHERAPIE IEC+DIURETIQUE THIAZIDIQUE APPARENTE,PERINDOPRIL ERBUMINE+INDAPAMIDE,COMPRIME,4MG/1.25MG,30,COMPRIMES,BOITE,GENERIQUE,7440,7440,80,TPC
0004919,PERINDOPRIL+INDAPAMIDE MYLAN 4/1.25,ANTI-HYPERTENSEUR BITHERAPIE IEC+DIURETIQUE THIAZIDIQUE APPARENTE,PERINDOPRIL ERBUMINE+INDAPAMIDE,COMPRIME,4MG/1.25MG,30,COMPRIMES,BOITE,GENERIQUE,5300,5300,80,TPC
0004920,PERINAM 4/5,ANTI-HYPERTENSEUR BITHERAPIE IEC+ICC,PERINDOPRIL ERBUMINE+AMLODIPINE,COMPRIME,4MG/5MG,30,COMPRIMES,BOITE,GENERIQUE,7460,7460,80,TPC
0004921,PERINAM 8/5,ANTI-HYPERTENSEUR BITHERAPIE IEC+ICC,PERINDOPRIL ERBUMINE+AMLODIPINE,COMPRIME,8MG/5MG,30,COMPRIMES,BOITE,GENERIQUE,8610,8610,80,TPC
0004922,PERINAM 8/10,ANTI-HYPERTENSEUR BITHERAPIE IEC+ICC,PERINDOPRIL ERBUMINE+AMLODIPINE,COMPRIME,8MG/10MG,30,COMPRIMES,BOITE,GENERIQUE,9755,9755,80,TPC
0004927,FUROSEMIDE RENAUDIN,ANTI-HYPERTENSEUR DIURETIQUE DE L'ANSE,FUROSEMIDE,SOLUTION INJECTABLE,20MG,1,AMPOULE,BOITE,GENERIQUE,325,325,80,Remboursable
0004928,SPIRONOLACTONE ARROW 50,ANTI-HYPERTENSEUR DIURETIQUE EPARGNEUR POTASSIQUE,SPIRONOLACTONE,COMPRIME,50MG,30,COMPRIMES,BOITE,GENERIQUE,4200,4200,80,TPC
0004929,AMLOVAS 5,ANTI-HYPERTENSEUR ICC,AMLODIPINE,COMPRIME,5MG,30,COMPRIMES,BOITE,GENERIQUE,3845,870,80,TPC
0004930,AMLOVAS 10,ANTI-HYPERTENSEUR ICC,AMLODIPINE,COMPRIME,10MG,30,COMPRIMES,BOITE,GENERIQUE,4820,1920,80,TPC
0004931,AMLODIPINE NOVARTIS ACCESS 5,ANTI-HYPERTENSEUR ICC,AMLODIPINE,COMPRIME,10MG,10,COMPRIMES,BLISTER,GENERIQUE,260,260,80,TPC
0004932,AMLODIPINE NOVARTIS ACCESS 10,ANTI-HYPERTENSEUR ICC,AMLODIPINE,COMPRIME,10MG,10,COMPRIMES,BLISTER,GENERIQUE,260,260,80,TPC
0004933,NICARDIPINE AGUETANT 10,ANTI-HYPERTENSEUR ICC,NICARDIPINE,SOLUTION INJECTABLE,10MG,1,AMPOULE,BOITE,GENERIQUE,1370,1370,80,Remboursable
0004934,ENALAPRIL BIOGARAN 20,ANTI-HYPERTENSEUR IEC,ENALAPRIL,COMPRIME,20MG,28,COMPRIMES,BOITE,GENERIQUE,3420,3420,80,TPC
0004935,PANOPRIST 4,ANTI-HYPERTENSEUR IEC,PERINDOPRIL ERBUMINE,COMPRIME,4MG,30,COMPRIMES,BOITE,GENERIQUE,6140,6140,80,TPC
0004936,PERINDOPRIL BIOGARAN 4,ANTI-HYPERTENSEUR IEC,PERINDOPRIL ERBUMINE,COMPRIME,4MG,30,COMPRIMES,BOITE,GENERIQUE,3685,3685,80,TPC
0004937,PERINDOPRIL VIATRIS 4,ANTI-HYPERTENSEUR IEC,PERINDOPRIL ERBUMINE,COMPRIME,4MG,30,COMPRIMES,BOITE,GENERIQUE,3875,3875,80,TPC
0004938,PANOPRIST 8,ANTI-HYPERTENSEUR IEC,PERINDOPRIL ERBUMINE,COMPRIME,8MG,30,COMPRIMES,BOITE,GENERIQUE,9505,9505,80,TPC
0004939,PERINDOPRIL BIOGARAN 8,ANTI-HYPERTENSEUR IEC,PERINDOPRIL ERBUMINE,COMPRIME,8MG,30,COMPRIMES,BOITE,GENERIQUE,3685,3685,80,TPC
0004940,IBUPROFENE CREAT 400,ANTI-INFLAMMATOIRE AINS,IBUPROFENE,COMPRIME,400MG,10,COMPRIMES,BLISTER,GENERIQUE,500,260,80,Remboursable
0004941,ACTINAC LP 200,ANTI-INFLAMMATOIRE AINS,ACECLOFENAC,COMPRIME,200MG,10,COMPRIMES,BOITE,GENERIQUE,3100,3100,80,Remboursable
0004942,OPTIPRED 0.5%,ANTI-INFLAMMATOIRE LOCAL CORTICOIDE,PREDNISOLONE,COLLYRE,0.5%,5,MILLILITRES,FLACON,GENERIQUE,1445,1445,80,Remboursable
0004943,OSTEON 70,ANTI-OSTEOPOROSE,ALENDRONATE SODIQUE,COMPRIME,70MG,10,COMPRIMES,BOITE,GENERIQUE,28700,18950,80,Entente prealable
0004944,D-ARTEPP 30/240,ANTI-PALUDIQUE,DIHYDROARTEMISININE+PIPERAQUINE,COMPRIME,30MG/240MG,6,COMPRIMES,BOITE,GENERIQUE,1720,1720,80,Remboursable
0004945,D-ARTEPP 60/480,ANTI-PALUDIQUE,DIHYDROARTEMISININE+PIPERAQUINE,COMPRIME,60MG/480MG,6,COMPRIMES,BOITE,GENERIQUE,2755,2755,80,Remboursable
0004946,PLASMOCUR 80/640,ANTI-PALUDIQUE,DIHYDROARTEMISININE+PIPERAQUINE,COMPRIME,80MG/640MG,6,COMPRIMES,BOITE,GENERIQUE,3215,3215,80,Remboursable
0004947,RIDMAL 40/320,ANTI-PALUDIQUE,DIHYDROARTEMISININE+PIPERAQUINE,COMPRIME,40MG/320MG,9,COMPRIMES,BOITE,GENERIQUE,3330,3033,80,Remboursable
0004948,ACURE 20/120,ANTI-PALUDIQUE,ARTEMETHER+LUMEFANTRINE,COMPRIME,40MG/320MG,6,COMPRIMES,BOITE,GENERIQUE,1380,474,80,Remboursable
0004949,ACURE 40/240,ANTI-PALUDIQUE,ARTEMETHER+LUMEFANTRINE,COMPRIME,40MG/240MG,6,COMPRIMES,BOITE,GENERIQUE,1605,750,80,Remboursable
0004950,ACURE 60/360,ANTI-PALUDIQUE,ARTEMETHER+LUMEFANTRINE,COMPRIME,60MG/360MG,6,COMPRIMES,BOITE,GENERIQUE,1950,1428,80,Remboursable
0004951,ACURE 80/480,ANTI-PALUDIQUE,ARTEMETHER+LUMEFANTRINE,COMPRIME,80MG/480MG,6,COMPRIMES,BOITE,GENERIQUE,2010,1902,80,Remboursable
0004952,MALAVAN 30,ANTI-PALUDIQUE,ARTESUNATE,POUDRE POUR SOLUTION INJECTABLE,30MG,1,FLACON,BOITE,GENERIQUE,745,745,80,Remboursable
0004953,MALAVAN 60,ANTI-PALUDIQUE,ARTESUNATE,POUDRE POUR SOLUTION INJECTABLE,60MG,1,FLACON,BOITE,GENERIQUE,1380,1380,80,Remboursable
0004954,MALAVAN 120,ANTI-PALUDIQUE,ARTESUNATE,POUDRE POUR SOLUTION INJECTABLE,120MG,1,FLACON,BOITE,GENERIQUE,2240,2240,80,Remboursable
0004955,METRONIDAZOLE CREAT 250 VRAC,ANTI-PARASITAIRE ANTI-AMIBIEN,METRONIDAZOLE,COMPRIME,500MG,10,COMPRIMES,BLISTER,GENERIQUE,370,170,80,Remboursable
0004956,METRONIDAZOLE CREAT 500 VRAC,ANTI-PARASITAIRE ANTI-AMIBIEN,METRONIDAZOLE,COMPRIME,500MG,10,COMPRIMES,BLISTER,GENERIQUE,525,220,80,Remboursable
0004957,METRONIDAZOLE QT 500 VRAC,ANTI-PARASITAIRE ANTI-AMIBIEN,METRONIDAZOLE,COMPRIME,500MG,10,COMPRIMES,BLISTER,GENERIQUE,390,220,80,Remboursable
0004960,LEVODOPA+BENSERAZIDE TEVA 100/25,ANTI-PARKINSONIEN AGONISTE DE LA DOPAMINE,LEVODOPA+BENSERAZIDE,COMPRIME,100MG/25MG,60,COMPRIMES,BOITE,GENERIQUE,5820,5820,80,TPC
0004961,XELIPROST 5,ANTI-PROSTATIQUE ALPHA BLOQUANT,TERAZOSINE,COMPRIME,5MG,10,COMPRIMES,BOITE,GENERIQUE,2295,2295,80,Entente prealable
0004962,XELIPROST 10,ANTI-PROSTATIQUE ALPHA BLOQUANT,TERAZOSINE,COMPRIME,10MG,10,COMPRIMES,BOITE,GENERIQUE,3215,3215,80,Entente prealable
0004963,OLANZ-5,ANTI-PSYCHOTIQUE ATYPIQUE,OLANZAPINE,COMPRIME,5MG,28,COMPRIMES,BOITE,GENERIQUE,9185,9185,80,TPC
0004964,OLANZ-10,ANTI-PSYCHOTIQUE ATYPIQUE,OLANZAPINE,COMPRIME,10MG,28,COMPRIMES,BOITE,GENERIQUE,14925,12545,80,TPC
0004965,OLANZAPINE 10,ANTI-PSYCHOTIQUE ATYPIQUE,OLANZAPINE,COMPRIME,10MG,28,COMPRIMES,BOITE,GENERIQUE,12545,12545,80,TPC
0004966,RISPERIDONE 1MG VRAC,ANTI-PSYCHOTIQUE ATYPIQUE,RISPERIDONE,COMPRIME,1MG,10,COMPRIMES,BLISTER,GENERIQUE,1580,1580,80,TPC
0004967,RISPERIDONE 2MG VRAC,ANTI-PSYCHOTIQUE ATYPIQUE,RISPERIDONE,COMPRIME,2MG,10,COMPRIMES,BLISTER,GENERIQUE,2955,2955,80,TPC
0004973,CREALOX,ANTI-REFLUX ANTI-ACIDE,HYDROXYDE D'ALUMINIUM+HYDROXYDE DE MAGNESIUM,COMPRIME,400MG/400MG,48,COMPRIMES,BOITE,GENERIQUE,1435,1435,80,Remboursable
0004976,SPASMOSYL SUPPO,ANTI-SPASMODIQUE LOCAL MUSCULOTROPE,PHLOROGLUCINOL,SUPPOSITOIRE,150MG,10,SUPPOSITOIRES,BOITE,GENERIQUE,1720,1720,80,Remboursable
0004977,PERISPASM 80,ANTI-SPASMODIQUE MUSCULOTROPE,PHLOROGLUCINOL+TRIMETHYLPHLOROGLUCINOL,COMPRIME,80MG,10,COMPRIMES,BOITE,GENERIQUE,1380,610,80,Remboursable
0004978,PERISPAM 80,ANTI-SPASMODIQUE MUSCULOTROPE,PHLOROGLUCINOL+TRIMETHYLPHLOROGLUCINOL,COMPRIME,80MG,30,COMPRIMES,BOITE,GENERIQUE,2980,1830,80,Remboursable
0004979,ARIXA 10,ANTI-THROMBOTIQUE ANTI-COAGULANT,RIVAROXABAN,COMPRIME,10MG,30,COMPRIMES,BOITE,GENERIQUE,13775,13775,80,TPC
0004980,RIBAX 10,ANTI-THROMBOTIQUE ANTI-COAGULANT,RIVAROXABAN,COMPRIME,10MG,10,COMPRIMES,BOITE,GENERIQUE,6255,6255,80,TPC
0004981,VAXATO 10,ANTI-THROMBOTIQUE ANTI-COAGULANT,RIVAROXABAN,COMPRIME,10MG,10,COMPRIMES,BOITE,GENERIQUE,14920,9760,80,TPC
0004983,ARIXA 15,ANTI-THROMBOTIQUE ANTI-COAGULANT,RIVAROXABAN,COMPRIME,15MG,30,COMPRIMES,BOITE,GENERIQUE,20985,20985,80,TPC
0004984,VAXATO 15,ANTI-THROMBOTIQUE ANTI-COAGULANT,RIVAROXABAN,COMPRIME,15MG,30,COMPRIMES,BOITE,GENERIQUE,42465,28020,80,TPC
0004986,ARIXA 20,ANTI-THROMBOTIQUE ANTI-COAGULANT,RIVAROXABAN,COMPRIME,20MG,30,COMPRIMES,BOITE,GENERIQUE,22960,22960,80,TPC
0004987,VAXATO 20,ANTI-THROMBOTIQUE ANTI-COAGULANT,RIVAROXABAN,COMPRIME,20MG,30,BOITE,BOITE,GENERIQUE,45920,28020,80,TPC
0004992,CARBIGEN 5,ANTI-THYROIDIEN STIMULANT TSH,CARBIMAZOLE,COMPRIME,5MG,30,COMPRIMES,BOITE,GENERIQUE,1180,1180,80,TPC
0004993,CARBIGEN 20,ANTI-THYROIDIEN STIMULANT TSH,CARBIMAZOLE,COMPRIME,20MG,30,COMPRIMES,BOITE,GENERIQUE,2295,2295,80,TPC
0004995,MISOFEM 200,ANTI-ULCEREUX INHIBITEUR DE PGE1,MISOPROSTOL,COMPRIME,200µG,4,COMPRIMES,BOITE,GENERIQUE,840,840,80,Remboursable
0004996,ESPRAZIM 40,ANTI-ULCEREUX IPP,ESOMEPRAZOLE,COMPRIME,40MG,30,COMPRIMES,BOITE,GENERIQUE,1995,1995,80,Remboursable
0004997,GENTOVIR 300,ANTI-VIRAL ANTI-HEPATITE B,TENOFOVIR,COMPRIME,300MG,30,COMPRIMES,BOITE,GENERIQUE,7460,5470,80,Entente prealable
C000418,TENOFOVIR 300,ANTI-VIRAL ANTI-HEPATITE B,TENOFOVIR,COMPRIME,5470,30,COMPRIMES,BOITE,CAMEG,5470,5470,80,Entente prealable
0004999,TENOVIR 300,ANTI-VIRAL ANTI-HEPATITE B,TENOFOVIR,COMPRIME,300MG,30,COMPRIMES,BOITE,GENERIQUE,5830,5470,80,Entente prealable
0005000,ZOPICLONE (IMOVANE),ANXIOLYTIQUE HYPNOTIQUE BENZODIAZEPINE,ZOPICLONE,COMPRIME,7.5MG,14,COMPRIMES,BOITE,GENERIQUE,1925,1925,80,TPC
0005001,ALPRAZOLAM ARROW 0.5,ANXIOLYTIQUE HYPNOTIQUE BENZODIAZEPINE,ALPRAZOLAM,COMPRIME,0.5MG,30,COMPRIMES,BOITE,GENERIQUE,975,975,80,Remboursable
0005002,ALPRAZOLAM BIOGARAN 0.5,ANXIOLYTIQUE HYPNOTIQUE BENZODIAZEPINE,ALPRAZOLAM,COMPRIME,0.5MG,30,COMPRIMES,BOITE,GENERIQUE,1680,1680,80,Remboursable
0005005,DEXAMETHASONE PANPHARMA 4MG,CORTICOIDE,DEXAMETHASONE,SOLUTION INJECTABLE,4MG,1,AMPOULE,BOITE,GENERIQUE,360,360,80,Remboursable
0005006,PHILCO DEXA 4MG,CORTICOIDE,DEXAMETHASONE,SOLUTION INJECTABLE,4MG,1,FLACON,BOITE,GENERIQUE,100,100,80,Remboursable
0005007,HYDROCORTISONE BIOCODEX 100MG,CORTICOIDE,HYDROCORTISONE,SOLUTION INJECTABLE,100MG,1,AMPOULE,BOITE,GENERIQUE,1550,1550,80,Remboursable
0005008,OSICORT 40,CORTICOIDE,TRIAMCINOLONE,SOLUTION INJECTABLE,40MG,1,AMPOULE,BOITE,GENERIQUE,2295,1265,80,Remboursable
0005010,RAPIVAST 10,HYPOLIPEMIANT STATINE,ROSUVASTATINE,COMPRIME,10MG,30,COMPRIMES,BOITE,GENERIQUE,5165,5165,80,TPC
0005011,RAPIVAST 20,HYPOLIPEMIANT STATINE,ROSUVASTATINE,COMPRIME,20MG,30,COMPRIMES,BOITE,GENERIQUE,7230,7230,80,TPC
0005012,STORVAS 10,HYPOLIPEMIANT STATINE,ATORVASTATINE,COMPRIME,10MG,30,COMPRIMES,BOITE,GENERIQUE,5970,5130,80,TPC
0005013,STORVAS 20,HYPOLIPEMIANT STATINE,ATORVASTATINE,COMPRIME,20MG,30,COMPRIMES,BOITE,GENERIQUE,7115,6270,80,TPC
0005014,ATORVASTATINE MYLAN 40,HYPOLIPEMIANT STATINE,ATORVASTATINE,COMPRIME,40MG,30,COMPRIMES,BOITE,GENERIQUE,2435,2435,80,TPC
0005016,TETAVIN 1500IU,IMMUN SERUM,ANTITOXINE TETANIQUE,SOLUTION INJECTABLE,1500UI,1,DOSE,BOITE,GENERIQUE,3270,3270,80,Remboursable
0005017,MACROGOL MYLAN 10G,LAXATIF OSMOTIQUE,MACROGOL 4000,SACHET POUDRE,10G,20,SACHETS,BOITE,GENERIQUE,2355,2355,80,Remboursable
0005019,FEMIGESTON 100,OESTRO-PROGESTATIF,PROGESTERONE,CAPSULE MOLLE,100MG,10,COMPRIMES,BOITE,GENERIQUE,1975,1975,80,Remboursable
0005020,FEMIGESTON 200,OESTRO-PROGESTATIF,PROGESTERONE,CAPSULE MOLLE,200MG,15,COMPRIMES,BOITE,GENERIQUE,4040,4040,80,Remboursable
0005021,PROGEN 100,OESTRO-PROGESTATIF,PROGESTERONE,CAPSULE MOLLE,100MG,20,COMPRIMES,BOITE,GENERIQUE,3445,3445,80,Remboursable
0005022,NORADRENALINE 2%,STIMULANT CARDIAQUE ADRENERGIQUE,NORADRENALINE,SOLUTION INJECTABLE,2MG/ML,1,FLACON,BOITE,GENERIQUE,2250,2250,80,Remboursable
0005024,OXYTROY 5UI/ML,UTEROTONIQUE,OXYTOCINE,SOLUTION INJECTABLE,5UI/ML,1,AMPOULE,BOITE,GENERIQUE,385,259,80,Remboursable
0003415,HEMAFER 100MG/2ML SOL INJ,ANTI-ANEMIQUE,FER POLYMALTOSE,SOLUTION INJECTABLE,100MG/2ML,1,AMPOULE,BOITE,GENERIQUE,2755,2503,80,Remboursable
0001107,OSPEN 1MUI,ANTIBIOTIQUE BETA-LACTAMINE PENICILLINE,PHENOXYMETHYLPENICILLINE,COMPRIME,1000000 UI,12,COMPRIMES,BOITE,GENERIQUE,2410,2410,80,Remboursable
0001116,STARPEN 1MUI,ANTIBIOTIQUE BETA-LACTAMINE PENICILLINE,PHENOXYMETHYLPENICILLINE,COMPRIME,1MUI,12,COMPRIMES,BOITE,GENERIQUE,1930,1930,80,Remboursable
0004107,CELEBID 100,ANTI-INFLAMMATOIRE AINS,CELECOXIB,GELULE,100MG,20,COMPRIMES,BOITE,GENERIQUE,4545,4545,80,Entente prealable
0004021,ALMAX FORTE,ANTI-REFLUX ANTI-ACIDE,HYDROXYDE D'ALUMINIUM+HYDROXYDE DE MAGNESIUM,SACHET BUVABLE,1.5G,30,SACHETS,BOITE,GENERIQUE,3675,2730,80,Remboursable
0004020,ALMAX SIROP,ANTI-REFLUX ANTI-ACIDE,HYDROXYDE D'ALUMINIUM+HYDROXYDE DE MAGNESIUM,Suspension buvable,1G,225,MILLILITRES,BOITE,GENERIQUE,2260,1575,80,Remboursable
0000914,CALTOUX ENFANT,ANTI-TUSSIF,DEXTROMETHORPHANE,Sirop,5MG/5ML,100,Millilitres,FLACON,GENERIQUE,1050,1050,80,Remboursable
0000921,CALTOUX ADULTE,ANTI-TUSSIF,DEXTROMETHORPHANE,Sirop,6.65MG/5ML,100,Millilitres,FLACON,GENERIQUE,1400,1400,80,Remboursable
0003366,TUSSIDANE SANS SUCRE,ANTI-TUSSIF,DEXTROMETHORPHANE,Sirop,1.5MG/ML,125,Millilitre (s),FLACON,GENERIQUE,1490,1490,80,Remboursable
0000907,DIACOL ,ANTI-TUSSIF,DEXTROMETHORPHANE,Sirop,27MG/15ML,200,Millilitres,FLACON,GENERIQUE,2390,2390,80,Remboursable
0001979,XYLO ACINO ENFANT,DECONGESTIONNANT NASAL,XYLOMETAZOLINE,Spray nasal,0.05%,10,Millilitres,FLACON,GENERIQUE,1115,1115,80,Remboursable
0001991,XYLO ACINO ADULTE,DECONGESTIONNANT NASAL,XYLOMETAZOLINE,Spray nasal,0.1%,10,Millilitres,FLACON,GENERIQUE,1380,1380,80,Remboursable
0001613,IDEOS 500 VRAC,SEL MINERAL,CALCIUM+VITAMINE D3,COMPRIME A CROQUER,500MG/400UI,30,COMPRIMES,BOITE,GENERIQUE,3810,2540,80,Remboursable
0005025,DOLIMEX 500 COMP,ANALGESIQUE NON OPIOIDE P1 ANTI-PYRETIQUE,PARACETAMOL,COMPRIME,500MG,16,COMPRIMES,BOITE,GENERIQUE,975,160,80,Remboursable
0005026,CONCENTRE DE GLOBULE ROUGE A DIVISION PEDIATRIQUE (CGRDP),Produits sanguins,CONCENTRE DE GLOBULE ROUGE A DIVISION PEDIATRIQUE ,SOLUTION,75ML,1,POCHE,POCHE,PRODUITS SANGUINS ET DERIVES,1500,1500,80,Remboursable
0005027,AMLOPERIN 5/5,ANTI-HYPERTENSEUR BITHERAPIE IEC/ICC,AMLODIPINE/PERINDOPRIL,COMPRIME,5MG/5MG,30,COMPRIMES,BOITE,GENERIQUE,7465,7465,80,TPC
0005028,AMLOPERIN 5/10,ANTI-HYPERTENSEUR BITHERAPIE IEC/ICC,AMLODIPINE/PERINDOPRIL,COMPRIME,5MG/10MG,30,COMPRIMES,BOITE,GENERIQUE,7465,7465,80,TPC
0005029,AMLOPERIN 10/5,ANTI-HYPERTENSEUR BITHERAPIE IEC/ICC,AMLODIPINE/PERINDOPRIL,COMPRIME,10MG/5MG,30,COMPRIMES,BOITE,GENERIQUE,7465,7465,80,TPC
0005030,AMLOPERIN 10/10,ANTI-HYPERTENSEUR BITHERAPIE IEC/ICC,AMLODIPINE/PERINDOPRIL,COMPRIME,10MG/10MG,30,COMPRIMES,BOITE,GENERIQUE,7465,7465,80,TPC
0005031,TRAVONORM PLUS,ANTIGLAUCOMATEUX BITHERAPIE ANALOGUE PSF2+BETA-BLOQUANT,TRAVOPROST/TIMOLOL,COLLYRE,40µG/5MG,10,MILLILITRES,FLACON,GENERIQUE,9450,9450,80,TPC
0005032,POLYFRESH UNIDOSE,LUBRIFIANT OPHTALMIQUE,HYALURONATE DE SODIUM,COLLYRE UNIDOSE,0.2%,"30*0,4",MILLILITRES,FLACON,GENERIQUE,4935,4935,80,Remboursable
0005033,ZEFLET 200 COMP,ANTIBIOTIQUE BETALACTAMINE CEPHALOSPORINE,CEFIXIME,COMPRIME,200MG,10,COMPRIMES,BOITE,GENERIQUE,3995,3800,80,Remboursable
0005034,ZEFLET 100MG/5ML,ANTIBIOTIQUE BETALACTAMINE CEPHALOSPORINE,CEFIXIME,POUDRE POUR SUSPENSION BUVABLE,100MG/5ML,30,MILLILITRES,FLACON,GENERIQUE,2695,1353,80,Remboursable
0005035,DOLEX 75 SOL INJ,ANTI-INFLAMMATOIRE AINS,DICLOFENAC,SOLUTION INJECTABLE,75MG,1,AMPOULE,BOITE,GENERIQUE,460,193,80,Remboursable
0005036,ARTEGEN 60,ANTIPALUDIQUE,ARTESUNATE,POUDRE POUR SUSPENSION INJECTABLE,60MG,1,AMPOULE,BOITE,GENERIQUE,1150,1150,80,Remboursable
0004336,CEFTRI 1000,ANTIBIOTIQUE BETA-LACTAMINE CEPHALOSPORINE,CEFTRIAXONE,POUDRE POUR SUSPENSION INJECTABLE,1000MG,1,FLACON,BOITE,GENERIQUE,2315,1034,80,Remboursable
0002075,OFRAMAX POUDRE INJECTABLE 1000MG,ANTIBIOTIQUE BETA-LACTAMINE CEPHALOSPORINE,CEFTRIAXONE,POUDRE POUR SUSPENSION INJECTABLE,1000MG,1,FLACON,BOITE,GENERIQUE,2320,1034,80,Remboursable
0005037,ALDEPRAZ COMP 40MG,ANTI-ULCEREUX IPP,PANTOPRAZOLE,COMPRIME,40MG,30,COMPRIMES,BOITE,GENERIQUE,3285,3285,80,Remboursable
0005038,ALDEZOLE COMP 400MG,ANTI-PARASITAIRE ANTI-HELMINTHIQUE,ALBENDAZOLE,COMPRIME,400MG,1,COMPRIME,BOITE,GENERIQUE,390,110,80,Remboursable
0005039,ALDEZOLE SIROP 400MG/10ML,ANTI-PARASITAIRE ANTI-HELMINTHIQUE,ALBENDAZOLE,Sirop,40MG/ML,10,MILLILITRES,FLACON,GENERIQUE,940,410,80,Remboursable
0005040,ARTEFAN SIROP 40/240,ANTI-PALUDIQUE,ARTEMETHER+LUMEFANTRINE,Sirop,40MG/240MG,30,MILLILITRES,FLACON,GENERIQUE,1720,1720,80,Remboursable
0005041,ARTEFAN SIROP 60/360,ANTI-PALUDIQUE,ARTEMETHER+LUMEFANTRINE,Sirop,60MG/360MG,30,MILLILITRES,FLACON,GENERIQUE,2125,2125,80,Remboursable
0005042,ARINATE POUDRE INJECTABLE 60MG,ANTI-PALUDIQUE,ARTESUNATE,Poudre Injectable,60MG,1,FLACON,BOITE,GENERIQUE,1530,1530,80,Remboursable
0005043,ARINATE POUDRE INJECTABLE 120MG,ANTI-PALUDIQUE,ARTESUNATE,Poudre Injectable,120MG,1,FLACON,BOITE,GENERIQUE,2675,2675,80,Remboursable
0005044,AZITOME COMP 500MG,ANTIBIOTIQUE MACROLIDES,AZITHROMYCINE,COMPRIME,500MG,3,COMPRIMES,BOITE,GENERIQUE,2500,2500,80,Remboursable
0005045,CEFTOVINCC POUDRE INJECTABLE 1000MG,ANTIBIOTIQUE BETA-LACTAMINE CEPHALOSPORINE,CEFTRIAXONE,Poudre Injectable,1000MG,1,FLACON,BOITE,GENERIQUE,1815,1034,80,Remboursable
0005046,MICFOX COMP 100MG,ANTIBIOTIQUE BETA-LACTAMINE CEPHALOSPORINE,CEFIXIME,COMPRIME,100MG,10,COMPRIMES,BOITE,GENERIQUE,2585,2585,80,Remboursable
0005047,MICFOX COMP 200MG,ANTIBIOTIQUE BETA-LACTAMINE CEPHALOSPORINE,CEFIXIME,COMPRIME,200MG,10,COMPRIMES,BOITE,GENERIQUE,3445,3445,80,Remboursable
0005048,MICFOX SIROP 100MG/5ML,ANTIBIOTIQUE BETA-LACTAMINE CEPHALOSPORINE,CEFIXIME,Sirop,100MG/5ML,60,MILLILITRES,FLACON,GENERIQUE,3385,2700,80,Remboursable
0005049,Q-WORM SIROP 200MG/5ML,ANTI-PARASITAIRE ANTI-HELMINTHIQUE,ALBENDAZOLE,Sirop,40MG/5ML,10,MILLILITRES,FLACON,GENERIQUE,870,410,80,Remboursable
0005050,SOFO-VEL COMP,ANTI-VIRAL ANTI-HEPATITE C,VELPATASVIR+SOFOSBUVIR,COMPRIME,100MG/400MG,28,COMPRIMES,BOITE,GENERIQUE,109055,109055,80,Remboursable
0005051,TROYPOFOL SOL INJ 10MG/ML,ANESTHESIQUE GENERAL,PROPOFOL,Solution Injectable,10MG/ML,1,AMPOULE,BOITE,GENERIQUE,2870,1760,80,Remboursable
0005052,VINCCATE POUDRE INJECTABLE 60MG,ANTI-PALUDIQUE,ARTESUNATE,Poudre Injectable,60MG,1,FLACON,BOITE,GENERIQUE,1220,1220,80,Remboursable
0005053,VINCCATE POUDRE INJECTABLE 120MG,ANTI-PALUDIQUE,ARTESUNATE,Poudre Injectable,120MG,1,FLACON,BOITE,GENERIQUE,2480,2480,80,Remboursable
0005054,VINCCLAV POUDRE INJECTABLE 1000MG/200MG,ANTIBIOTIQUE BETA-LACTAMINE PENICILLINE+INHIBITEUR DES BETA-LACTAMASES,AMOXICILLINE+ACIDE CLAVULANIQUE,Poudre Injectable,1000MG/200MG,1,FLACON,BOITE,GENERIQUE,1480,1480,80,Remboursable
0005055,ZYLOCEF POUDRE INJECTABLE 1000MG,ANTIBIOTIQUE BETA-LACTAMINE CEPHALOSPORINE,CEFTRIAXONE,Poudre Injectable,1000MG,1,FLACON,BOITE,GENERIQUE,1850,1034,80,Remboursable
0000426,VENTOLINE 100µG,ANTI-ASTHMATIQUE BETA-2-MIMETIQUE,SALBUTAMOL,AEROSOL,200,100µG,FLACON,BOITE,GENERIQUE,2975,2975,80,Remboursable
0001370,LEVOTHYROX 100,ANTI-THYROIDIEN ANTI-TSH,LEVOTHYROXINE,Comprimé,100µG,30,COMPRIMÉS,BOITE,GENERIQUE,1815,1815,80,TPC
0001374,LEVOTHYROX 25,ANTI-THYROIDIEN ANTI-TSH,LEVOTHYROXINE,Comprimé,25µG,30,COMPRIMÉS,BOITE,GENERIQUE,470,470,80,TPC
0001378,LEVOTHYROX 75,ANTI-THYROIDIEN ANTI-TSH,LEVOTHYROXINE,Comprimé,75µG,28,COMPRIMÉS,BOITE,GENERIQUE,1365,1365,80,TPC
0004989,LEVOTHYROX 125,ANTI-THYROIDIEN ANTI-TSH,LEVOTHYROXINE,Comprimé,125µG,30,COMPRIMÉS,BOITE,GENERIQUE,2295,2295,80,TPC
0004990,LEVOTHYROX 50,ANTI-THYROIDIEN ANTI-TSH,LEVOTHYROXINE,Comprimé,50µG,30,COMPRIMÉS,BOITE,GENERIQUE,920,920,80,TPC
0004991,LEVOTHYROX 150,ANTI-THYROIDIEN ANTI-TSH,LEVOTHYROXINE,Comprimé,150µG,30,COMPRIMÉS,BOITE,GENERIQUE,2765,2765,80,TPC
0003784,CHLORAMINOPHENE,ANTICANCEREUX AGENT ALKYLANT,CHLORAMBUCIL,Gélule,2MG,30,Gélule,BOITE,GENERIQUE,15990,15990,80,TPC
0003964,METAPLATIN 5MG/ML,ANTICANCEREUX AGENT ALKYLANT,OXALIPLATINE,Solution pour perfusion,5MG/ML,1,Solution pour perfusion,BOITE,GENERIQUE,137250,137250,80,TPC
0003966,ALKERAN 2MG,ANTICANCEREUX AGENT ALKYLANT,MELPHALAN,Comprimé,2MG,50,Comprimé,BOITE,GENERIQUE,87000,87000,80,TPC
0003233,ADRIBLASTINE 50MG/25ML,ANTICANCEREUX AGENT INTERCALANT,DOXORUBICINE,Solution pour perfusion,50MG,1,Solution pour perfusion,BOITE,GENERIQUE,55730,37565,80,TPC
0003234,FARMORUBICINE 2MG/ML,ANTICANCEREUX AGENT INTERCALANT,EPIRUBICINE,Solution pour perfusion,50MG,1,Solution pour perfusion,BOITE,GENERIQUE,93600,55000,80,TPC
0003965,BLEOMYCINE 15MG,ANTICANCEREUX AGENT INTERCALANT,BLEOMYCINE,Solution pour perfusion,15MG,1,Solution pour perfusion,BOITE,GENERIQUE,43000,43000,80,TPC
0001358,NOLVADEX 20,ANTICANCEREUX ANTI-ANDROGENE NON STEROIDIEN,TAMOXIFENE,Comprimé sec,20MG,30,Comprimé sec,BOITE,GENERIQUE,14175,14175,80,TPC
0004738,CASODEX 50,ANTICANCEREUX ANTI-ANDROGENE NON STEROIDIEN,BICALUTAMIDE,Comprimé,50MG,30,Comprimé,BOITE,GENERIQUE,57395,57395,80,TPC
0000639,ANDROCUR 50,ANTICANCEREUX ANTI-ANDROGENE STEROIDIEN,CYPROTERONE,Comprimé sec,50MG,20,Comprimé sec,BOITE,GENERIQUE,12790,12790,80,TPC
0004621,LETROZOLE-DENK,ANTICANCEREUX ANTI-ANDROGENE STEROIDIEN,LETROZOLE,Comprimé,2.5MG,30,Comprimé,BOITE,GENERIQUE,22845,22845,80,TPC
0004859,TAMOXIFENE 10,ANTICANCEREUX ANTI-ANDROGENE STEROIDIEN,TAMOXIFENE,Comprimé,10MG,30,Comprimé,BOITE,GENERIQUE,4170,4170,80,TPC
0001260,TAXOTERE 20MG/ML,ANTICANCEREUX ANTI-FUSEAU,DOCETAXEL,Solution pour perfusion,20MG,7,Solution pour perfusion,FLACON,GENERIQUE,80355,80355,80,TPC
0001268,TAXOTERE 80MG/4ML,ANTICANCEREUX ANTI-FUSEAU,DOCETAXEL,Solution pour perfusion,80MG/4ML,15,Solution pour perfusion,FLACON,GENERIQUE,90520,90520,80,TPC
0000661,METHOTREXATE BELLON,ANTICANCEREUX ANTI-METABOLITE,METHOTREXATE,Comprimé sec,2.5MG,20,Comprimé sec,BOITE,GENERIQUE,4330,4330,80,TPC
0000669,METHOTREXATE BELLON SOL PERF,ANTICANCEREUX ANTI-METABOLITE,METHOTREXATE,Solution pour perfusion,25MG,1,Solution pour perfusion,BOITE,GENERIQUE,1835,1835,80,TPC
0003236,CAMPTO 20MG/ML,ANTICANCEREUX ANTI-METABOLITE,IRINOTECAN,Solution pour perfusion,20MG/ML,1,Solution pour perfusion,BOITE,GENERIQUE,117000,117000,80,TPC
0003601,GEMZAR 1000,ANTICANCEREUX ANTI-METABOLITE,GEMCITABINE,Solution pour perfusion,1000MG,1,Solution pour perfusion,BOITE,GENERIQUE,110760,110760,80,TPC
0003783,HYDREA 500,ANTICANCEREUX ANTI-METABOLITE,HYDROXYCARBAMIDE,Gélule,500MG,20,Gélule,BOITE,GENERIQUE,5050,5050,80,TPC
0003922,XELODA 500,ANTICANCEREUX ANTI-METABOLITE,CAPECITABINE,Comprimé,500MG,120,Comprimé,BOITE,GENERIQUE,399380,399380,80,TPC
0004667,NEUPOGEN 30MU,ANTICANCEREUX STIMULANT HEMATOPOIETIQUE,FILGRASTIM,Solution pour perfusion,30MU,1,Solution pour perfusion,BOITE,GENERIQUE,29000,29000,80,TPC
0004668,NEUPOGEN 48MU,ANTICANCEREUX STIMULANT HEMATOPOIETIQUE,FILGRASTIM,Solution pour perfusion,48MU,1,Solution pour perfusion,BOITE,GENERIQUE,43400,43400,80,TPC
0001365,LODOZ 10/6.25,ANTI-HYPERTENSEUR BITHERAPIE BETA-BLOQUANT+DIURETIQUE THIAZIDIQUE,BISOPROLOL+HYDROCHLOROTHIAZIDE,Comprimé sec,10MG/6.25MG,30,COMPRIMÉS,BOITE,GENERIQUE,4890,4890,80,TPC
0001373,LODOZ 2.5/6.25,ANTI-HYPERTENSEUR BITHERAPIE BETA-BLOQUANT+DIURETIQUE THIAZIDIQUE,BISOPROLOL+HYDROCHLOROTHIAZIDE,Comprimé sec,2.5MG/6.25MG,30,COMPRIMÉS,BOITE,GENERIQUE,4890,4890,80,TPC
0001380,LODOZ 5/6.25,ANTI-HYPERTENSEUR BITHERAPIE BETA-BLOQUANT+DIURETIQUE THIAZIDIQUE,BISOPROLOL+HYDROCHLOROTHIAZIDE,Comprimé sec,5MG/6.25MG,30,COMPRIMÉS,BOITE,GENERIQUE,4890,4890,80,TPC
,,,,,,,,,,,,,
